postbox_osm_id,postbox_lat,postbox_lon,postbox_tags,mapillary_image_id,image_path,image_lat,image_lon,compass_angle,captured_at_epoch_ms,bearing_diff_deg
node/68912013,52.5233589,13.5431897,"{""amenity"": ""post_box"", ""check_date"": ""2021-01-16"", ""collection_times"": ""Mo-Fr 15:15; Sa 13:30"", ""operator"": ""Deutsche Post"", ""operator:wikidata"": ""Q157645"", ""operator:wikipedia"": ""de:Deutsche Post AG"", ""ref"": ""Märkische Allee 68, 12681 Berlin""}",1000300147442148,images_filtered/postbox_node_68912013_img_1000300147442148.jpg,52.5232023,13.5432985,0,1568810248000,22.9
node/78244270,52.5072131,13.3980712,"{""amenity"": ""post_box"", ""collection_times"": ""Mo-Fr 15:30,17:15; Sa 14:15"", ""operator"": ""Deutsche Post"", ""operator:wikidata"": ""Q157645"", ""operator:wikipedia"": ""de:Deutsche Post AG"", ""ref"": ""Rudi-Dutschke-Str. 2, 10969 Berlin""}",124533777190374,images_filtered/postbox_node_78244270_img_124533777190374.jpg,52.507245582577,13.3979405556,144.62125612818,1674722258189,32.4
node/78244270,52.5072131,13.3980712,"{""amenity"": ""post_box"", ""collection_times"": ""Mo-Fr 15:30,17:15; Sa 14:15"", ""operator"": ""Deutsche Post"", ""operator:wikidata"": ""Q157645"", ""operator:wikipedia"": ""de:Deutsche Post AG"", ""ref"": ""Rudi-Dutschke-Str. 2, 10969 Berlin""}",1066080072172627,images_filtered/postbox_node_78244270_img_1066080072172627.jpg,52.507277308081,13.398026889203,119.81245063701,1754546819168,37.4
node/130602816,52.4388721,13.2878991,"{""amenity"": ""post_box"", ""check_date:collection_times"": ""2025-11-09"", ""collection_times"": ""Mo-Fr 15:00; Sa 12:15"", ""operator"": ""Deutsche Post"", ""operator:wikidata"": ""Q157645"", ""operator:wikipedia"": ""de:Deutsche Post AG"", ""ref"": ""Troppauer Str./Jägerndorfer Zeile, 12205 Berlin""}",157902682951520,images_filtered/postbox_node_130602816_img_157902682951520.jpg,52.438968359542,13.288235189406,193.42429730028,1603627841751,51.4
node/254135724,52.4853641,13.3626047,"{""amenity"": ""post_box"", ""collection_times"": ""Mo-Fr 17:15; Sa 14:00"", ""operator"": ""Deutsche Post"", ""operator:wikidata"": ""Q157645"", ""operator:wikipedia"": ""de:Deutsche Post AG"", ""ref"": ""Gustav-Müller-Str. 48, 10829 Berlin""}",1134438257042765,images_filtered/postbox_node_254135724_img_1134438257042765.jpg,52.485544444444,13.362547222222,117,1551970054000,52.0
node/258411392,52.4790664,13.3204987,"{""amenity"": ""post_box"", ""check_date:collection_times"": ""2026-08-27"", ""collection_times"": ""Mo-Fr 17:00; Sa 16:00"", ""operator"": ""Deutsche Post"", ""operator:wikidata"": ""Q157645"", ""operator:wikipedia"": ""de:Deutsche Post AG"", ""ref"": ""Blissestr. 67, 10713 Berlin""}",1613067085569766,images_filtered/postbox_node_258411392_img_1613067085569766.jpg,52.478877777778,13.320919444444,281,1608896982000,25.4
node/258411392,52.4790664,13.3204987,"{""amenity"": ""post_box"", ""check_date:collection_times"": ""2026-08-27"", ""collection_times"": ""Mo-Fr 17:00; Sa 16:00"", ""operator"": ""Deutsche Post"", ""operator:wikidata"": ""Q157645"", ""operator:wikipedia"": ""de:Deutsche Post AG"", ""ref"": ""Blissestr. 67, 10713 Berlin""}",1103125026839492,images_filtered/postbox_node_258411392_img_1103125026839492.jpg,52.478797222222,13.320391666667,5,1474823467000,8.6
node/266087601,52.4871334,13.357036,"{""amenity"": ""post_box"", ""collection_times"": ""Mo-Fr 18:00; Sa 14:45"", ""operator"": ""Deutsche Post"", ""operator:wikidata"": ""Q157645"", ""operator:wikipedia"": ""de:Deutsche Post AG"", ""ref"": ""Hauptstr. 17, 10827 Berlin""}",1091316434696020,images_filtered/postbox_node_266087601_img_1091316434696020.jpg,52.486966666667,13.357097222222,300,1585399979000,47.4
node/266629544,52.5139512,13.6121488,"{""amenity"": ""post_box"", ""collection_times"": ""Mo-Fr 15:45; Sa 14:30"", ""operator"": ""Deutsche Post"", ""operator:wikidata"": ""Q157645"", ""operator:wikipedia"": ""de:Deutsche Post AG"", ""ref"": ""Hönower Str. 102. 12623 Berlin""}",1033593057215734,images_filtered/postbox_node_266629544_img_1033593057215734.jpg,52.513990667698,13.611879833055,146.25447546618,1618650848683,42.7
node/267079788,52.4588034,13.525511,"{""amenity"": ""post_box"", ""check_date"": ""2025-03-25"", ""collection_times"": ""Sa 13:15; Mo-Fr 16:30"", ""operator"": ""Deutsche Post"", ""operator:wikidata"": ""Q157645"", ""operator:wikipedia"": ""de:Deutsche Post AG"", ""postal_code"": ""12459"", ""ref"": ""Wilhelminenhofstr. 76-77, 12459 Berlin""}",157017916355177,images_filtered/postbox_node_267079788_img_157017916355177.jpg,52.459042843383,13.52532666456,122.6690294808,1441565181003,32.2
node/267840696,52.4904885,13.4486485,"{""amenity"": ""post_box"", ""check_date"": ""2024-12-13"", ""collection_times"": ""Mo-Fr 15:00,17:00; Sa 14:00"", ""operator"": ""Deutsche Post"", ""operator:wikidata"": ""Q157645"", ""operator:wikipedia"": ""de:Deutsche Post AG"", ""post_box:apertures"": ""2"", ""post_box:type"": ""lamp"", ""postal_code"": ""12435"", ""ref"": ""Bouchéstraße 20-21, 12435 Berlin"", ""support"": ""pole""}",1111515787458722,images_filtered/postbox_node_267840696_img_1111515787458722.jpg,52.490442810908,13.449002892174,278.51703603834,1748879091156,3.4
node/267840696,52.4904885,13.4486485,"{""amenity"": ""post_box"", ""check_date"": ""2024-12-13"", ""collection_times"": ""Mo-Fr 15:00,17:00; Sa 14:00"", ""operator"": ""Deutsche Post"", ""operator:wikidata"": ""Q157645"", ""operator:wikipedia"": ""de:Deutsche Post AG"", ""post_box:apertures"": ""2"", ""post_box:type"": ""lamp"", ""postal_code"": ""12435"", ""ref"": ""Bouchéstraße 20-21, 12435 Berlin"", ""support"": ""pole""}",1099019484707925,images_filtered/postbox_node_267840696_img_1099019484707925.jpg,52.490355593642,13.448768204671,271.67626577906,1711286438507,59.6
node/268788417,52.6192791,13.2392248,"{""amenity"": ""post_box"", ""collection_times"": ""Mo-Sa 17:00; Su 12:30"", ""obstacle:parking"": ""yes"", ""operator"": ""Deutsche Post"", ""operator:wikidata"": ""Q157645"", ""operator:wikipedia"": ""de:Deutsche Post AG"", ""ref"": ""Ruppiner Ch. 309, 13503 Berlin""}",1097714095713091,images_filtered/postbox_node_268788417_img_1097714095713091.jpg,52.6190796,13.2396362,306,1749631656604,2.6
node/271732920,52.4790346,13.3536297,"{""amenity"": ""post_box"", ""check_date"": ""2022-08-08"", ""collection_times"": ""Mo-Fr 16:30,17:30, Sa 16:45"", ""operator"": ""Deutsche Post"", ""operator:wikidata"": ""Q157645"", ""operator:wikipedia"": ""de:Deutsche Post AG"", ""ref"": ""Sachsendamm 1, 10829 Berlin""}",1142760794714030,images_filtered/postbox_node_271732920_img_1142760794714030.jpg,52.4792328,13.3538639,250,1763541813071,34.3
node/274864208,52.52548,13.1968424,"{""amenity"": ""post_box"", ""collection_times"": ""Mo-Fr 15:45; Sa 12:00"", ""operator"": ""Deutsche Post"", ""operator:wikidata"": ""Q157645"", ""operator:wikipedia"": ""de:Deutsche Post AG"", ""ref"": ""Pichelsdorfer Str. 125, 13595 Berlin"", ""wheelchair"": ""yes""}",178748570801676,images_filtered/postbox_node_274864208_img_178748570801676.jpg,52.525446899972,13.1968472,0,1564402720000,5.0
node/274912115,52.5496063,13.1313669,"{""amenity"": ""post_box"", ""collection_times"": ""Sa 13:00; Mo-Fr 15:00"", ""obstacle:parking"": ""yes"", ""operator"": ""Deutsche Post"", ""operator:wikidata"": ""Q157645"", ""operator:wikipedia"": ""de:Deutsche Post AG"", ""ref"": ""Seegefelder Weg 456, 13591 Berlin""}",312734836866224,images_filtered/postbox_node_274912115_img_312734836866224.jpg,52.549589532476,13.13164925204,294.98523161852,1634728119251,19.4
node/274912115,52.5496063,13.1313669,"{""amenity"": ""post_box"", ""collection_times"": ""Sa 13:00; Mo-Fr 15:00"", ""obstacle:parking"": ""yes"", ""operator"": ""Deutsche Post"", ""operator:wikidata"": ""Q157645"", ""operator:wikipedia"": ""de:Deutsche Post AG"", ""ref"": ""Seegefelder Weg 456, 13591 Berlin""}",392320365774258,images_filtered/postbox_node_274912115_img_392320365774258.jpg,52.5496151811,13.131562331704,295.88607311335,1634728120751,30.2
node/277364442,52.4947238,13.3462774,"{""amenity"": ""post_box"", ""collection_times"": ""Mo-Fr 17:15; Sa 16:15"", ""operator"": ""Deutsche Post"", ""operator:wikidata"": ""Q157645"", ""operator:wikipedia"": ""de:Deutsche Post AG"", ""ref"": ""Martin-Luther-Str. 35, 10779 Berlin""}",1024608497946852,images_filtered/postbox_node_277364442_img_1024608497946852.jpg,52.494616399972,13.3462124,0,1559928623000,20.2
node/278445956,52.56647,13.5130362,"{""amenity"": ""post_box"", ""collection_times"": ""Mo-Fr 17:00; Sa 12:00"", ""operator"": ""Deutsche Post"", ""operator:wikidata"": ""Q157645"", ""operator:wikipedia"": ""de:Deutsche Post AG"", ""ref"": ""Falkenberger Ch. 87, 13051 Berlin""}",1079303556956493,images_filtered/postbox_node_278445956_img_1079303556956493.jpg,52.5665108,13.5133718,239.683,1748590739000,19.0
node/280053186,52.4798433,13.305483,"{""amenity"": ""post_box"", ""collection_times"": ""Mo-Fr 16:00; Sa 12:30"", ""operator"": ""Deutsche Post"", ""operator:wikidata"": ""Q157645"", ""ref"": ""Forckenbeckstr. 9-13, 14199 Berlin""}",1414574198881201,images_filtered/postbox_node_280053186_img_1414574198881201.jpg,52.479861111111,13.305344444444,130,1440331415000,28.1
node/280842517,52.5265527,13.335573,"{""amenity"": ""post_box"", ""collection_times"": ""Mo-Fr 15:30, Sa 12:00"", ""operator"": ""Deutsche Post"", ""operator:wikidata"": ""Q157645"", ""operator:wikipedia"": ""de:Deutsche Post AG"", ""ref"": ""Ottostr. 22, 10555 Berlin""}",131860002259712,images_filtered/postbox_node_280842517_img_131860002259712.jpg,52.5265933,13.33525331,96.554354190826,1424869189000,5.2
node/282614544,52.5340966,13.197987,"{""amenity"": ""post_box"", ""check_date"": ""2025-07-04"", ""check_date:collection_times"": ""2025-07-04"", ""collection_times"": ""Mo-Fr 17:00; Sa 14:00; Su 09:30"", ""count"": ""2"", ""operator"": ""Deutsche Post"", ""operator:wikidata"": ""Q157645"", ""operator:wikipedia"": ""de:Deutsche Post AG"", ""ref"": ""Klosterstr. 3, 13581 Berlin"", ""toilets:wheelchair"": ""no"", ""wheelchair"": ""yes""}",204214454864952,images_filtered/postbox_node_282614544_img_204214454864952.jpg,52.534,13.197861111111,82.46948348078,1562416982000,44.1
node/282614544,52.5340966,13.197987,"{""amenity"": ""post_box"", ""check_date"": ""2025-07-04"", ""check_date:collection_times"": ""2025-07-04"", ""collection_times"": ""Mo-Fr 17:00; Sa 14:00; Su 09:30"", ""count"": ""2"", ""operator"": ""Deutsche Post"", ""operator:wikidata"": ""Q157645"", ""operator:wikipedia"": ""de:Deutsche Post AG"", ""ref"": ""Klosterstr. 3, 13581 Berlin"", ""toilets:wheelchair"": ""no"", ""wheelchair"": ""yes""}",149513743856426,images_filtered/postbox_node_282614544_img_149513743856426.jpg,52.534018658787,13.197836692769,104.67669134533,1562416980000,55.1
node/283223363,52.5499006,13.3577861,"{""amenity"": ""post_box"", ""check_date"": ""2026-03-24"", ""check_date:collection_times"": ""2026-03-24"", ""collection_times"": ""Mo-Fr 15:00; Sa 11:00"", ""operator"": ""Deutsche Post"", ""operator:wikidata"": ""Q157645"", ""operator:wikipedia"": ""de:Deutsche Post AG"", ""ref"": ""Utrechter Str. 22, 13347 Berlin""}",1212801670001971,images_filtered/postbox_node_283223363_img_1212801670001971.jpg,52.550006574069,13.35806725548,265.80134250991,1729589773899,27.6
node/281775177,52.5568312,13.4306546,"{""amenity"": ""post_box"", ""collection_times"": ""Mo-Fr 16:00; Sa 11:30"", ""operator"": ""Deutsche Post"", ""operator:wikidata"": ""Q157645"", ""operator:wikipedia"": ""de:Deutsche Post AG"", ""ref"": ""Am Steinberg 14, 13086 Berlin""}",1018195079094128,images_filtered/postbox_node_281775177_img_1018195079094128.jpg,52.55698182625,13.430660739554,233.43926374729,1646756403182,52.0
node/286200272,52.5022744,13.4327415,"{""amenity"": ""post_box"", ""check_date"": ""2025-08-23"", ""check_date:collection_times"": ""2025-08-23"", ""collection_times"": ""Mo-Fr 17:15; Sa 14:15"", ""colour"": ""yellow"", ""operator"": ""Deutsche Post"", ""operator:wikidata"": ""Q157645"", ""operator:wikipedia"": ""de:Deutsche Post AG"", ""post_box:apertures"": ""2"", ""post_box:type"": ""lamp"", ""ref"": ""Wrangelstr. 24, 10997 Berlin"", ""support"": ""pole""}",1001457627468574,images_filtered/postbox_node_286200272_img_1001457627468574.jpg,52.502499413725,13.432449689147,128.95479793444,1646813029211,12.8
node/289221106,52.4874921,13.476947,"{""amenity"": ""post_box"", ""check_date"": ""2026-09-02"", ""check_date:collection_times"": ""2026-09-02"", ""collection_times"": ""Mo-Fr 16:45; Sa 13:30"", ""operator"": ""Deutsche Post"", ""ref"": ""Alt Treptow, 12435 Berlin""}",1135409356935984,images_filtered/postbox_node_289221106_img_1135409356935984.jpg,52.487466599972,13.4769331,0,1560086346000,18.4
node/292092376,52.5244271,13.4653081,"{""amenity"": ""post_box"", ""check_date:collection_times"": ""2025-05-11"", ""collection_times"": ""Mo-Fr 18:00; Sa 12:15"", ""drive_through"": ""no"", ""operator"": ""Deutsche Post"", ""operator:wikidata"": ""Q157645"", ""operator:wikipedia"": ""de:Deutsche Post AG"", ""ref"": ""Storkower Str. 207, 10369 Berlin""}",1038637524617204,images_filtered/postbox_node_292092376_img_1038637524617204.jpg,52.524248,13.465683,287,1733826229113,21.1
node/294095295,52.501686,13.3133317,"{""amenity"": ""post_box"", ""check_date:collection_times"": ""2026-08-23"", ""collection_times"": ""Mo-Fr 15:00; Sa 15:45"", ""operator"": ""Deutsche Post"", ""operator:wikidata"": ""Q157645"", ""operator:wikipedia"": ""de:Deutsche Post AG"", ""ref"": ""Leibnizstr. 53, 10629 Berlin""}",603163494811340,images_filtered/postbox_node_294095295_img_603163494811340.jpg,52.501951400002,13.3132895,190.38947105408,1659811639407,15.9
node/296294434,52.4214418,13.3223951,"{""amenity"": ""post_box"", ""collection_times"": ""Mo-Fr 13:45,17:30; Sa 13:30"", ""operator"": ""Deutsche Post"", ""operator:wikidata"": ""Q157645"", ""operator:wikipedia"": ""de:Deutsche Post AG"", ""ref"": ""Am Pfarracker/Schöffenstr., 12209 Berlin""}",147414694062000,images_filtered/postbox_node_296294434_img_147414694062000.jpg,52.421621287912,13.322620165934,259.7100536041,1502731619104,42.3
node/296294434,52.4214418,13.3223951,"{""amenity"": ""post_box"", ""collection_times"": ""Mo-Fr 13:45,17:30; Sa 13:30"", ""operator"": ""Deutsche Post"", ""operator:wikidata"": ""Q157645"", ""operator:wikipedia"": ""de:Deutsche Post AG"", ""ref"": ""Am Pfarracker/Schöffenstr., 12209 Berlin""}",772916850085624,images_filtered/postbox_node_296294434_img_772916850085624.jpg,52.421626718744,13.322748455741,266.02922820312,1502731616892,36.7
node/298116135,52.4779662,13.1968587,"{""amenity"": ""post_box"", ""brand"": ""Deutsche Post"", ""check_date"": ""2025-01-12"", ""collection_times"": ""Mo-Sa 09:00"", ""operator"": ""Deutsche Post"", ""operator:wikidata"": ""Q157645"", ""post_box:type"": ""lamp"", ""ref"": ""Havelchaussee, 14193 Berlin""}",460130205062745,images_filtered/postbox_node_298116135_img_460130205062745.jpg,52.477788888889,13.197269444444,299,1450871829000,6.3
node/298094780,52.4843978,13.3849125,"{""amenity"": ""post_box"", ""check_date"": ""2025-10-24"", ""check_date:collection_times"": ""2025-10-24"", ""collection_times"": ""Mo-Fr 18:00; Sa 13:30"", ""operator"": ""Deutsche Post"", ""operator:wikidata"": ""Q157645"", ""operator:wikipedia"": ""de:Deutsche Post AG"", ""ref"": ""Manfred-von-Richthofen-Str. 2, 12101 Berlin""}",107285061707731,images_filtered/postbox_node_298094780_img_107285061707731.jpg,52.48424137846,13.384861100532,347.39767456055,1636545565520,23.9
node/301997312,52.455601,13.3702667,"{""amenity"": ""post_box"", ""check_date:collection_times"": ""2026-02-15"", ""collection_times"": ""Mo-Fr 17:15; Sa 14:30"", ""colour"": ""yellow"", ""direction"": ""5"", ""material"": ""metal"", ""operator"": ""Deutsche Post"", ""operator:wikidata"": ""Q157645"", ""operator:wikipedia"": ""de:Deutsche Post AG"", ""ref"": ""Arnulfstr. 89, 12105 Berlin"", ""support"": ""pole""}",1059604331197095,images_filtered/postbox_node_301997312_img_1059604331197095.jpg,52.455630555556,13.369905555556,92,1461410846000,5.6
node/301780848,52.4175957,13.3323019,"{""amenity"": ""post_box"", ""collection_times"": ""Mo-Fr 15:30; Sa 13:00"", ""operator"": ""Deutsche Post"", ""operator:wikidata"": ""Q157645"", ""operator:wikipedia"": ""de:Deutsche Post AG"", ""ref"": ""Scheelestr./Hildburghauser Str., 12209 Berlin""}",1664470074034593,images_filtered/postbox_node_301780848_img_1664470074034593.jpg,52.4177863,13.3318775,106.631,1687272786000,19.7
node/304001470,52.5305508,13.4558959,"{""amenity"": ""post_box"", ""check_date"": ""2021-06-21"", ""check_date:collection_times"": ""2023-11-24"", ""collection_times"": ""Mo-Fr 17:00; Sa 12:15"", ""operator"": ""Deutsche Post"", ""operator:wikidata"": ""Q157645"", ""operator:wikipedia"": ""de:Deutsche Post AG"", ""post_box:apertures"": ""2"", ""post_box:type"": ""lamp"", ""postal_code"": ""10407"", ""ref"": ""Storkower Str. 158, 10407 Berlin"", ""support"": ""pole""}",112608384231281,images_filtered/postbox_node_304001470_img_112608384231281.jpg,52.53057099418,13.456225041313,321.04272020505,1594032157251,56.8
node/306431405,52.4526332,13.2867306,"{""amenity"": ""post_box"", ""check_date:collection_times"": ""2024-01-04"", ""collection_times"": ""Mo-Fr 15:30; Sa 13:30"", ""operator"": ""Deutsche Post"", ""operator:wikidata"": ""Q157645"", ""operator:wikipedia"": ""de:Deutsche Post AG"", ""ref"": ""Thielallee/Otto-von-Simson-Str., 14195 Berlin""}",1395718188406330,images_filtered/postbox_node_306431405_img_1395718188406330.jpg,52.4527998,13.2863675,144.817,1743938968000,17.8
node/305044989,52.4742125,13.445722,"{""access"": ""yes"", ""addr:floor"": ""0"", ""amenity"": ""post_box"", ""check_date"": ""2024-12-20"", ""collection_times"": ""Mo-Fr 14:00,16:15; Sa 14:30"", ""colour"": ""yellow"", ""covered"": ""no"", ""indoor"": ""no"", ""level"": ""0"", ""material"": ""steel"", ""operator"": ""Deutsche Post"", ""operator:wikidata"": ""Q157645"", ""operator:wikipedia"": ""de:Deutsche Post AG"", ""post_box:apertures"": ""2"", ""post_box:type"": ""lamp"", ""postal_code"": ""12055"", ""ref"": ""Richardplatz, 12055 Berlin"", ""source"": ""survey"", ""support"": ""pole""}",1025354517996632,images_filtered/postbox_node_305044989_img_1025354517996632.jpg,52.474331022289,13.445797786129,254.50451405832,1605950240366,53.2
node/306457405,52.4993491,13.3073891,"{""amenity"": ""post_box"", ""check_date:collection_times"": ""2026-08-26"", ""collection_times"": ""Mo-Fr 15:45; Sa 16:15"", ""operator"": ""Deutsche Post"", ""operator:wikidata"": ""Q157645"", ""operator:wikipedia"": ""de:Deutsche Post AG"", ""postal_code"": ""10707"", ""ref"": ""Brandenburgische Str. 32, 10707 Berlin""}",1075653037730070,images_filtered/postbox_node_306457405_img_1075653037730070.jpg,52.49909,13.307334,343,1726034484391,24.4
node/307830386,52.5324153,13.4238571,"{""amenity"": ""post_box"", ""check_date:collection_times"": ""2025-01-20"", ""collection_times"": ""Mo-Fr 15:15,17:15; Sa 12:30"", ""operator"": ""Deutsche Post"", ""operator:wikidata"": ""Q157645"", ""operator:wikipedia"": ""de:Deutsche Post AG"", ""ref"": ""Winsstr. 65, 10405 Berlin"", ""wheelchair"": ""limited""}",140070714720474,images_filtered/postbox_node_307830386_img_140070714720474.jpg,52.532224827495,13.423720523728,37.840827654486,1604560582749,14.3
node/309846182,52.4791803,13.286035,"{""amenity"": ""post_box"", ""collection_times"": ""Mo-Fr 18:00; Sa 13:00; Su 09:45"", ""operator"": ""Deutsche Post"", ""operator:wikidata"": ""Q157645"", ""operator:wikipedia"": ""de:Deutsche Post AG"", ""ref"": ""Kissinger Str. 1-2, 14199 Berlin"", ""wheelchair"": ""yes""}",1088041065021132,images_filtered/postbox_node_309846182_img_1088041065021132.jpg,52.478960399972,13.286045899972,0,1557842938000,1.7
node/310377182,52.4833485,13.3451885,"{""amenity"": ""post_box"", ""collection_times"": ""Mo-Fr 17:30; Sa 16:45"", ""operator"": ""Deutsche Post"", ""operator:wikidata"": ""Q157645"", ""operator:wikipedia"": ""de:Deutsche Post AG"", ""ref"": ""Martin-Luther-Str. 105, 10825 Berlin""}",1119867655491403,images_filtered/postbox_node_310377182_img_1119867655491403.jpg,52.483211099972,13.3449901,0,1640533079000,41.3
node/311083553,52.496562,13.299985,"{""amenity"": ""post_box"", ""check_date:collection_times"": ""2024-09-14"", ""collection_times"": ""Mo-Fr 12:15,15:45,17:45, Sa 16:00"", ""operator"": ""Deutsche Post"", ""operator:wikidata"": ""Q157645"", ""operator:wikipedia"": ""de:Deutsche Post AG"", ""postal_code"": ""10709"", ""ref"": ""Nestorstr. 50-51, 10709 Berlin""}",118649186899557,images_filtered/postbox_node_311083553_img_118649186899557.jpg,52.49652214385,13.299943162645,361.93811035156,1397635759000,30.6
node/311553543,52.5544817,13.3658701,"{""amenity"": ""post_box"", ""check_date"": ""2025-04-04"", ""check_date:collection_times"": ""2023-11-17"", ""collection_times"": ""Mo-Fr 15:00; Sa 12:00"", ""operator"": ""Deutsche Post"", ""operator:wikidata"": ""Q157645"", ""operator:wikipedia"": ""de:Deutsche Post AG"", ""ref"": ""Reinickendorfer Str. 61, 13347 Berlin""}",1158729587923420,images_filtered/postbox_node_311553543_img_1158729587923420.jpg,52.554325,13.36625,357,1469802217000,52.8
node/311767298,52.4046843,13.3822918,"{""amenity"": ""post_box"", ""collection_times"": ""Mo-Fr 17:15;Sa 13:45"", ""operator"": ""Deutsche Post"", ""operator:wikidata"": ""Q157645"", ""operator:wikipedia"": ""de:Deutsche Post AG"", ""ref"": ""Motzener Str./Nunsdorfer Ring, 12277 Berlin""}",1347889499939277,images_filtered/postbox_node_311767298_img_1347889499939277.jpg,52.40467,13.382128,72.919162273407,1707204946585,8.9
node/312602741,52.4984932,13.2964323,"{""amenity"": ""post_box"", ""check_date:collection_times"": ""2024-07-06"", ""collection_times"": ""Mo-Fr 12:15,15:15,16:15,17:15,21:45; Sa 16:15; Su 21:45"", ""operator"": ""Deutsche Post"", ""operator:wikidata"": ""Q157645"", ""operator:wikipedia"": ""de:Deutsche Post AG"", ""ref"": ""Joachim-Friedrich-Str. 17, 10711 Berlin""}",4058243990922877,images_filtered/postbox_node_312602741_img_4058243990922877.jpg,52.498615910348,13.296218449262,178.3884425614,1619875888986,45.1
node/312604075,52.5019941,13.3008793,"{""amenity"": ""post_box"", ""check_date:collection_times"": ""2024-07-06"", ""collection_times"": ""Mo-Fr 12:15,15:15,17:45, Sa 16:00"", ""operator"": ""Deutsche Post"", ""operator:wikidata"": ""Q157645"", ""operator:wikipedia"": ""de:Deutsche Post AG"", ""ref"": ""Sybelstr. 24, 10629 Berlin""}",1175670232882695,images_filtered/postbox_node_312604075_img_1175670232882695.jpg,52.501749275301,13.300664545981,6.39449824833,1601208051426,21.7
node/313235191,52.4288842,13.3175847,"{""amenity"": ""post_box"", ""check_date:collection_times"": ""2026-06-06"", ""collection_times"": ""Mo-Fr 16:30; Sa 12:45"", ""operator"": ""Deutsche Post"", ""operator:wikidata"": ""Q157645"", ""operator:wikipedia"": ""de:Deutsche Post AG"", ""ref"": ""Ostpreußendamm/Schillerstr., 12207 Berlin""}",1166567943804468,images_filtered/postbox_node_313235191_img_1166567943804468.jpg,52.429099003833,13.317638318998,171.70287344611,1587042205299,17.0
node/314024251,52.5018392,13.310307,"{""amenity"": ""post_box"", ""check_date:collection_times"": ""2026-04-25"", ""collection_times"": ""Mo-Fr 16:15; Sa 16:15"", ""operator"": ""Deutsche Post"", ""operator:wikidata"": ""Q157645"", ""operator:wikipedia"": ""de:Deutsche Post AG"", ""ref"": ""Giesebrechtstr. 15, 10629 Berlin""}",211771837181532,images_filtered/postbox_node_314024251_img_211771837181532.jpg,52.501715364112,13.310399147689,326.97631835938,1550750379838,8.7
node/314761437,52.4277131,13.3238839,"{""amenity"": ""post_box"", ""collection_times"": ""Mo-Fr 16:30; Sa 13:00"", ""operator"": ""Deutsche Post"", ""operator:wikidata"": ""Q157645"", ""operator:wikipedia"": ""de:Deutsche Post AG"", ""ref"": ""Morgensternstr. 2-3, 12207 Berlin""}",1204539404660191,images_filtered/postbox_node_314761437_img_1204539404660191.jpg,52.427588,13.323919,319,1768810073096,31.3
node/315809721,52.4890532,13.3460825,"{""amenity"": ""post_box"", ""check_date:collection_times"": ""2026-04-10"", ""collection_times"": ""Mo-Fr 17:00; Sa 16:15"", ""operator"": ""Deutsche Post"", ""operator:wikidata"": ""Q157645"", ""operator:wikipedia"": ""de:Deutsche Post AG"", ""ref"": ""Grunewaldstr. 67, 10823 Berlin""}",10040820992614722,images_filtered/postbox_node_315809721_img_10040820992614722.jpg,52.489246776837,13.346132885897,203.78359352151,1745741295158,14.8
node/317183780,52.454845,13.3272305,"{""amenity"": ""post_box"", ""collection_times"": ""Mo-Fr 14:00,16:15, Sa 13:00"", ""mapillary"": ""337593487706769"", ""obstacle:parking"": ""yes"", ""operator"": ""Deutsche Post"", ""operator:wikidata"": ""Q157645"", ""operator:wikipedia"": ""de:Deutsche Post AG"", ""post_box:type"": ""lamp"", ""ref"": ""Albrechtstr. 115, 12167 Berlin"", ""support"": ""pole""}",1045756483638625,images_filtered/postbox_node_317183780_img_1045756483638625.jpg,52.454652777778,13.327661111111,268,1718463173661,38.2
node/316534138,52.4980838,13.2976214,"{""access"": ""yes"", ""addr:floor"": ""0"", ""amenity"": ""post_box"", ""collection_times"": ""Mo-Fr 15:45; Sa 16:00; Su 09:00"", ""covered"": ""no"", ""indoor"": ""no"", ""level"": ""0"", ""material"": ""steel"", ""name"": ""Kurfürstendamm 142, 10709 Berlin"", ""operator"": ""Deutsche Post"", ""operator:wikidata"": ""Q157645"", ""operator:wikipedia"": ""de:Deutsche Post AG"", ""post_box:type"": ""pillar"", ""source"": ""survey"", ""support"": ""ground""}",1188254139794404,images_filtered/postbox_node_316534138_img_1188254139794404.jpg,52.4983007,13.2979491,257,1772012307010,34.4
node/319211584,52.5220469,13.4348022,"{""amenity"": ""post_box"", ""check_date"": ""2024-10-12"", ""check_date:collection_times"": ""2024-10-12"", ""collection_times"": ""Mo-Fr 15:00,17:15; Sa 14:15"", ""operator"": ""Deutsche Post"", ""operator:wikidata"": ""Q157645"", ""operator:wikipedia"": ""de:Deutsche Post AG"", ""ref"": ""Friedenstr. 36, 10249 Berlin""}",1035120805464626,images_filtered/postbox_node_319211584_img_1035120805464626.jpg,52.522222409074,13.43463091181,116.57852199388,1749020083518,32.7
node/320029871,52.5094076,13.5042338,"{""amenity"": ""post_box"", ""check_date:collection_times"": ""2026-05-04"", ""collection_times"": ""Mo-Fr 16:30; Sa 12:15"", ""operator"": ""Deutsche Post"", ""operator:wikidata"": ""Q157645"", ""operator:wikipedia"": ""de:Deutsche Post AG"", ""ref"": ""Einbecker Str. 44, 10315 Berlin""}",1073663264921553,images_filtered/postbox_node_320029871_img_1073663264921553.jpg,52.509476635654,13.504205485818,123.30303211128,1755674193556,42.7
node/324205073,52.5712783,13.4993373,"{""amenity"": ""post_box"", ""collection_times"": ""Mo-Fr 17:15; Sa 12:15"", ""operator"": ""Deutsche Post"", ""operator:wikidata"": ""Q157645"", ""operator:wikipedia"": ""de:Deutsche Post AG"", ""ref"": ""Ribnitzer Str. 12, 13051 Berlin""}",1017188595710819,images_filtered/postbox_node_324205073_img_1017188595710819.jpg,52.571263164331,13.499488402171,237.6474395405,1660575476235,41.7
node/332023370,52.4824306,13.380699,"{""amenity"": ""post_box"", ""check_date:collection_times"": ""2026-01-10"", ""collection_times"": ""Mo-Fr 16:30; Sa 13:30"", ""colour"": ""yellow"", ""material"": ""metal"", ""operator"": ""Deutsche Post"", ""operator:wikidata"": ""Q157645"", ""operator:wikipedia"": ""de:Deutsche Post AG"", ""ref"": ""Manfred-von-Richthofen-Str. 24, 12101 Berlin"", ""support"": ""pole""}",1137159263457778,images_filtered/postbox_node_332023370_img_1137159263457778.jpg,52.4821868,13.3808529,0,1570289543000,21.0
node/340126128,52.5064546,13.3221698,"{""amenity"": ""post_box"", ""check_date:collection_times"": ""2026-08-16"", ""collection_times"": ""Mo-Fr 17:15; Sa 16:30"", ""operator"": ""Deutsche Post"", ""operator:wikidata"": ""Q157645"", ""operator:wikipedia"": ""de:Deutsche Post AG"", ""ref"": ""Savignyplatz 6, 10623 Berlin""}",188740243082179,images_filtered/postbox_node_340126128_img_188740243082179.jpg,52.50645,13.322415,242.85568237305,1403080166000,28.9
node/350625552,52.4933265,13.1976684,"{""amenity"": ""post_box"", ""collection_times"": ""Mo-Sa 09:00"", ""operator"": ""Deutsche Post"", ""operator:wikidata"": ""Q157645"", ""ref"": ""Straße am Schildhorn, 14193 Berlin""}",785350279022733,images_filtered/postbox_node_350625552_img_785350279022733.jpg,52.4933939425,13.197858994722,253.852592,1524338350000,14.0
node/349297205,52.5067034,13.3090192,"{""amenity"": ""post_box"", ""check_date:collection_times"": ""2026-03-22"", ""collection_times"": ""Mo-Fr 17:15; Sa 16:30"", ""operator"": ""Deutsche Post"", ""operator:wikidata"": ""Q157645"", ""operator:wikipedia"": ""de:Deutsche Post AG"", ""ref"": ""Kantstr. 52, 10627 Berlin""}",1016105749860453,images_filtered/postbox_node_349297205_img_1016105749860453.jpg,52.506644444444,13.309313888889,266,1718534213920,22.2
node/354513913,52.5237281,13.1461394,"{""amenity"": ""post_box"", ""collection_times"": ""Mo-Sa 11:30"", ""operator"": ""Deutsche Post"", ""operator:wikidata"": ""Q157645"", ""operator:wikipedia"": ""de:Deutsche Post AG"", ""ref"": ""Gärtnereiring 54, 13593 Berlin"", ""wheelchair"": ""no""}",1588372831688655,images_filtered/postbox_node_354513913_img_1588372831688655.jpg,52.5236031,13.1458551,112.89,1687097861000,58.7
node/356870500,52.4872719,13.4640461,"{""amenity"": ""post_box"", ""check_date"": ""2024-10-12"", ""check_date:collection_times"": ""2024-10-12"", ""collection_times"": ""Mo-Fr 15:15,17:15; Sa 14:15"", ""operator"": ""Deutsche Post"", ""operator:wikidata"": ""Q157645"", ""operator:wikipedia"": ""de:Deutsche Post AG"", ""post_box:apertures"": ""2"", ""post_box:type"": ""lamp"", ""postal_code"": ""12435"", ""ref"": ""Am Treptower Park 32, 12435 Berlin"", ""support"": ""pole""}",1044307111471178,images_filtered/postbox_node_356870500_img_1044307111471178.jpg,52.4874446,13.4639231,162,1782822075130,5.4
node/361001220,52.5093928,13.2683195,"{""amenity"": ""post_box"", ""check_date:collection_times"": ""2024-05-05"", ""collection_times"": ""Mo-Fr 17:00, Sa 14:15"", ""operator"": ""Deutsche Post"", ""operator:wikidata"": ""Q157645"", ""operator:wikipedia"": ""de:Deutsche Post AG"", ""ref"": ""Bayernallee 43, 14052 Berlin""}",1066984508871873,images_filtered/postbox_node_361001220_img_1066984508871873.jpg,52.509344,13.2687504,265.343,1748600742000,15.2
node/364809012,52.5148883,13.3150944,"{""amenity"": ""post_box"", ""check_date:collection_times"": ""2026-03-24"", ""collection_times"": ""Mo-Fr 17:15; Sa 14:15"", ""operator"": ""Deutsche Post"", ""operator:wikidata"": ""Q157645"", ""operator:wikipedia"": ""de:Deutsche Post AG"", ""ref"": ""Otto-Suhr-Allee 36, 10585 Berlin""}",1010361066368617,images_filtered/postbox_node_364809012_img_1010361066368617.jpg,52.514850799972,13.315159899972,0,1420101317000,46.7
node/364823459,52.5453497,13.5600764,"{""amenity"": ""post_box"", ""check_date:collection_times"": ""2026-05-24"", ""collection_times"": ""Mo-Fr 15:00; Sa 14:30"", ""operator"": ""Deutsche Post"", ""operator:wikidata"": ""Q157645"", ""operator:wikipedia"": ""de:Deutsche Post AG"", ""ref"": ""Landsberger Allee 469, 12679 Berlin""}",1175723722871886,images_filtered/postbox_node_364823459_img_1175723722871886.jpg,52.545264099972,13.560147699972,-1,1617122841177,25.9
node/366965006,52.589837,13.2831899,"{""amenity"": ""post_box"", ""collection_times"": ""Mo-Fr 13:30,17:15,22:45; Sa 13:30; Su 22:45"", ""operator"": ""Deutsche Post"", ""operator:wikidata"": ""Q157645"", ""operator:wikipedia"": ""de:Deutsche Post AG"", ""ref"": ""Alt-Tegel 2, 13507 Berlin""}",141254101314189,images_filtered/postbox_node_366965006_img_141254101314189.jpg,52.590036897222,13.28295525691,97.122955322266,1550318437930,47.4
node/384254444,52.5757007,13.3233763,"{""amenity"": ""post_box"", ""collection_times"": ""Mo-Fr 17:00; Sa 13:00"", ""operator"": ""Deutsche Post"", ""operator:wikidata"": ""Q157645"", ""operator:wikipedia"": ""de:Deutsche Post AG"", ""ref"": ""Waldstr. 78, 13403 Berlin""}",168761695162609,images_filtered/postbox_node_384254444_img_168761695162609.jpg,52.575809340973,13.323798850191,270.89181471966,1599380928856,23.8
node/384256247,52.5783606,13.3333517,"{""amenity"": ""post_box"", ""collection_times"": ""Mo-Fr 16:00; Sa 13:00"", ""operator"": ""Deutsche Post"", ""operator:wikidata"": ""Q157645"", ""operator:wikipedia"": ""de:Deutsche Post AG"", ""ref"": ""Blunkstr. 2, 13437 Berlin""}",1208722633141134,images_filtered/postbox_node_384256247_img_1208722633141134.jpg,52.578184395146,13.333053141845,5.8950825202523,1683460660200,39.9
node/384836933,52.5998672,13.3016102,"{""amenity"": ""post_box"", ""collection_times"": ""Mo-Fr 17:00; Sa 13:00"", ""operator"": ""Deutsche Post"", ""operator:wikidata"": ""Q157645"", ""ref"": ""Waidmannsluster Damm 73-75, 13509 Berlin""}",181652157199492,images_filtered/postbox_node_384836933_img_181652157199492.jpg,52.599676977778,13.301441548333,53.593588,1524920728000,25.3
node/384845266,52.6019828,13.320479,"{""amenity"": ""post_box"", ""collection_times"": ""Mo-Fr 16:00; Sa 13:00"", ""note"": ""Straßenname falsch geschrieben auf Briefkastenschild"", ""operator"": ""Deutsche Post"", ""operator:wikidata"": ""Q157645"", ""ref"": ""Avenue Charles de Gaullee 14, 13469 Berlin""}",195462646953589,images_filtered/postbox_node_384845266_img_195462646953589.jpg,52.601825594951,13.320310637367,88.105206849886,1689330648323,55.1
node/384845266,52.6019828,13.320479,"{""amenity"": ""post_box"", ""collection_times"": ""Mo-Fr 16:00; Sa 13:00"", ""note"": ""Straßenname falsch geschrieben auf Briefkastenschild"", ""operator"": ""Deutsche Post"", ""operator:wikidata"": ""Q157645"", ""ref"": ""Avenue Charles de Gaullee 14, 13469 Berlin""}",169268651793351,images_filtered/postbox_node_384845266_img_169268651793351.jpg,52.601756602395,13.320047049943,54.358642578125,1578662182439,5.1
node/388311004,52.4913427,13.1804341,"{""amenity"": ""post_box"", ""collection_times"": ""Mo-Fr 17:00; Sa 12:00"", ""operator"": ""Deutsche Post"", ""operator:wikidata"": ""Q157645"", ""ref"": ""Gatower Str. 317, 14089 Berlin""}",1070408180034981,images_filtered/postbox_node_388311004_img_1070408180034981.jpg,52.491295910489,13.1803971436,3.8030284964769,1602503568231,21.9
node/388311004,52.4913427,13.1804341,"{""amenity"": ""post_box"", ""collection_times"": ""Mo-Fr 17:00; Sa 12:00"", ""operator"": ""Deutsche Post"", ""operator:wikidata"": ""Q157645"", ""ref"": ""Gatower Str. 317, 14089 Berlin""}",1850251521819483,images_filtered/postbox_node_388311004_img_1850251521819483.jpg,52.4911577,13.180271799972,0,1558180031000,28.1
node/389840358,52.5265214,13.3243177,"{""amenity"": ""post_box"", ""check_date:collection_times"": ""2026-05-19"", ""collection_times"": ""Mo-Fr 17:15; Sa 12:15"", ""operator"": ""Deutsche Post"", ""operator:wikidata"": ""Q157645"", ""operator:wikipedia"": ""de:Deutsche Post AG"", ""postal_code"": ""10553"", ""ref"": ""Reuchlinstr. 10-11, 10553 Berlin""}",194764179158582,images_filtered/postbox_node_389840358_img_194764179158582.jpg,52.526335,13.3243624,0,1562339206000,8.3
node/389025744,52.630924,13.2728234,"{""amenity"": ""post_box"", ""collection_times"": ""Mo-Fr 16:00; Sa 13:00"", ""operator"": ""Deutsche Post"", ""operator:wikidata"": ""Q157645"", ""ref"": ""Sigismundkorso 37, 13465 Berlin""}",1104242866734741,images_filtered/postbox_node_389025744_img_1104242866734741.jpg,52.630941666667,13.272494444444,110,1613892498000,14.9
node/389025744,52.630924,13.2728234,"{""amenity"": ""post_box"", ""collection_times"": ""Mo-Fr 16:00; Sa 13:00"", ""operator"": ""Deutsche Post"", ""operator:wikidata"": ""Q157645"", ""ref"": ""Sigismundkorso 37, 13465 Berlin""}",131236065688585,images_filtered/postbox_node_389025744_img_131236065688585.jpg,52.630938888889,13.272902777778,293,1613892329000,40.2
node/388291458,52.5973703,13.3757876,"{""amenity"": ""post_box"", ""collection_times"": ""Mo-Fr 14:00; Sa 12:00"", ""operator"": ""Deutsche Post"", ""operator:wikidata"": ""Q157645"", ""operator:wikipedia"": ""de:Deutsche Post AG"", ""ref"": ""Hauptstr. 117, 13158 Berlin""}",1066639142308665,images_filtered/postbox_node_388291458_img_1066639142308665.jpg,52.597568803516,13.375758687047,204.85932895932,1755531708594,29.9
node/392389103,52.5134116,13.4315076,"{""amenity"": ""post_box"", ""check_date:collection_times"": ""2024-02-25"", ""collection_times"": ""Mo-Fr 17:30; Sa 14:30"", ""operator"": ""Deutsche Post"", ""operator:wikidata"": ""Q157645"", ""operator:wikipedia"": ""de:Deutsche Post AG"", ""ref"": ""Andreasstr. 21, 10243 Berlin""}",1034339811722441,images_filtered/postbox_node_392389103_img_1034339811722441.jpg,52.513331850108,13.431376302627,29.595550537109,1715783792909,15.5
node/393858257,52.5081189,13.5090439,"{""amenity"": ""post_box"", ""brand"": ""Deutsche Post"", ""check_date:collection_times"": ""2025-01-26"", ""collection_times"": ""Mo-Fr 16:30, Sa 12:00"", ""operator"": ""Deutsche Post"", ""operator:wikidata"": ""Q157645"", ""operator:wikipedia"": ""de:Deutsche Post AG"", ""ref"": ""Einbecker Straße 85, 10315 Berlin""}",588970545408755,images_filtered/postbox_node_393858257_img_588970545408755.jpg,52.507970198106,13.508625598637,113.15916422186,1587469311150,53.4
node/393858257,52.5081189,13.5090439,"{""amenity"": ""post_box"", ""brand"": ""Deutsche Post"", ""check_date:collection_times"": ""2025-01-26"", ""collection_times"": ""Mo-Fr 16:30, Sa 12:00"", ""operator"": ""Deutsche Post"", ""operator:wikidata"": ""Q157645"", ""operator:wikipedia"": ""de:Deutsche Post AG"", ""ref"": ""Einbecker Straße 85, 10315 Berlin""}",1171531764812199,images_filtered/postbox_node_393858257_img_1171531764812199.jpg,52.50796906655,13.508758200345,77.247164344479,1755674431103,28.0
node/393846023,52.4990404,13.3522844,"{""access"": ""yes"", ""amenity"": ""post_box"", ""collection_times"": ""Mo-Fr 17:15"", ""colour"": ""yellow"", ""covered"": ""no"", ""indoor"": ""no"", ""material"": ""steel"", ""operator"": ""Deutsche Post"", ""operator:wikidata"": ""Q157645"", ""operator:wikipedia"": ""de:Deutsche Post AG"", ""post_box:type"": ""pillar"", ""ref"": ""Motzstr. 1, 10777 Berlin"", ""support"": ""ground""}",1216555750221750,images_filtered/postbox_node_393846023_img_1216555750221750.jpg,52.499148580295,13.352227164445,121.71901073259,1752259878118,40.4
node/393846023,52.4990404,13.3522844,"{""access"": ""yes"", ""amenity"": ""post_box"", ""collection_times"": ""Mo-Fr 17:15"", ""colour"": ""yellow"", ""covered"": ""no"", ""indoor"": ""no"", ""material"": ""steel"", ""operator"": ""Deutsche Post"", ""operator:wikidata"": ""Q157645"", ""operator:wikipedia"": ""de:Deutsche Post AG"", ""post_box:type"": ""pillar"", ""ref"": ""Motzstr. 1, 10777 Berlin"", ""support"": ""ground""}",1418443252843085,images_filtered/postbox_node_393846023_img_1418443252843085.jpg,52.499052097758,13.352211834471,64.942299859771,1745741822163,39.9
node/409760013,52.4983369,13.2905289,"{""amenity"": ""post_box"", ""check_date:collection_times"": ""2026-04-19"", ""collection_times"": ""Mo-Fr 15:15; Sa 16:30"", ""operator"": ""Deutsche Post"", ""operator:wikidata"": ""Q157645"", ""operator:wikipedia"": ""de:Deutsche Post AG"", ""ref"": ""Georg-Wilhelm-Str. 4, 10711 Berlin""}",509035030461704,images_filtered/postbox_node_409760013_img_509035030461704.jpg,52.498422204566,13.290350278852,185.77768463878,1616251046795,57.7
node/410229309,52.4978923,13.349656,"{""amenity"": ""post_box"", ""check_date:collection_times"": ""2024-05-25"", ""collection_times"": ""Mo-Fr 15:00,17:15; Sa 16:15"", ""operator"": ""Deutsche Post"", ""operator:wikidata"": ""Q157645"", ""operator:wikipedia"": ""de:Deutsche Post AG"", ""ref"": ""Eisenacher Str. 112, 10777 Berlin""}",185568846749305,images_filtered/postbox_node_410229309_img_185568846749305.jpg,52.498066015278,13.349460130556,177.574816,1495884400000,32.0
node/410221447,52.622247,13.3131691,"{""access"": ""yes"", ""amenity"": ""post_box"", ""collection_times"": ""Mo-Fr 16:00; Sa 13:00"", ""drive_through"": ""no"", ""indoor"": ""no"", ""operator"": ""Deutsche Post"", ""operator:wikidata"": ""Q157645"", ""ref"": ""Berliner Str. 47, 13467 Berlin"", ""wheelchair"": ""yes""}",1055629748981725,images_filtered/postbox_node_410221447_img_1055629748981725.jpg,52.6222776,13.312780528053,56.889568805695,1701854731799,40.5
node/410221447,52.622247,13.3131691,"{""access"": ""yes"", ""amenity"": ""post_box"", ""collection_times"": ""Mo-Fr 16:00; Sa 13:00"", ""drive_through"": ""no"", ""indoor"": ""no"", ""operator"": ""Deutsche Post"", ""operator:wikidata"": ""Q157645"", ""ref"": ""Berliner Str. 47, 13467 Berlin"", ""wheelchair"": ""yes""}",1052812362626394,images_filtered/postbox_node_410221447_img_1052812362626394.jpg,52.622467456434,13.31291955897,91.384615104807,1689331199319,54.1
node/420512792,52.456265,13.3771496,"{""amenity"": ""post_box"", ""check_date"": ""2026-09-01"", ""check_date:collection_times"": ""2026-09-01"", ""collection_times"": ""Mo-Fr 17:15; Sa 13:15"", ""operator"": ""Deutsche Post"", ""operator:wikidata"": ""Q157645"", ""operator:wikipedia"": ""de:Deutsche Post AG"", ""post_box:type"": ""lamp"", ""postal_code"": ""12105"", ""ref"": ""Friedrich-Karl-Str. 34, 12105 Berlin""}",1169558093474523,images_filtered/postbox_node_420512792_img_1169558093474523.jpg,52.4560364,13.3770606,0,1555140493000,13.3
node/430468773,52.4175915,13.440161,"{""amenity"": ""post_box"", ""collection_times"": ""Mo-Fr 16:45; Sa 13:00"", ""operator"": ""Deutsche Post"", ""operator:wikidata"": ""Q157645"", ""operator:wikipedia"": ""de:Deutsche Post AG"", ""ref"": ""Ringslebenstr./Heideläuferweg, 12353 Berlin""}",451211225947520,images_filtered/postbox_node_430468773_img_451211225947520.jpg,52.417550029788,13.440551360858,271.51705544207,1449314821705,8.4
node/430468773,52.4175915,13.440161,"{""amenity"": ""post_box"", ""collection_times"": ""Mo-Fr 16:45; Sa 13:00"", ""operator"": ""Deutsche Post"", ""operator:wikidata"": ""Q157645"", ""operator:wikipedia"": ""de:Deutsche Post AG"", ""ref"": ""Ringslebenstr./Heideläuferweg, 12353 Berlin""}",288007396271502,images_filtered/postbox_node_430468773_img_288007396271502.jpg,52.417552402887,13.440404433751,271.51705544207,1449314823570,13.2
node/420519428,52.5617868,13.3816197,"{""amenity"": ""post_box"", ""check_date"": ""2026-04-23"", ""check_date:collection_times"": ""2026-04-23"", ""collection_times"": ""Mo-Fr 16:00; Sa 12:00"", ""operator"": ""Deutsche Post"", ""operator:wikidata"": ""Q157645"", ""operator:wikipedia"": ""de:Deutsche Post AG"", ""ref"": ""Koloniestraße 42, 13357 Berlin""}",102694185666049,images_filtered/postbox_node_420519428_img_102694185666049.jpg,52.561682355639,13.381628282381,0,1645446513692,2.9
node/420519428,52.5617868,13.3816197,"{""amenity"": ""post_box"", ""check_date"": ""2026-04-23"", ""check_date:collection_times"": ""2026-04-23"", ""collection_times"": ""Mo-Fr 16:00; Sa 12:00"", ""operator"": ""Deutsche Post"", ""operator:wikidata"": ""Q157645"", ""operator:wikipedia"": ""de:Deutsche Post AG"", ""ref"": ""Koloniestraße 42, 13357 Berlin""}",1003594613915341,images_filtered/postbox_node_420519428_img_1003594613915341.jpg,52.561650588226,13.381780497742,296.92505956759,1645446508234,27.4
node/420519428,52.5617868,13.3816197,"{""amenity"": ""post_box"", ""check_date"": ""2026-04-23"", ""check_date:collection_times"": ""2026-04-23"", ""collection_times"": ""Mo-Fr 16:00; Sa 12:00"", ""operator"": ""Deutsche Post"", ""operator:wikidata"": ""Q157645"", ""operator:wikipedia"": ""de:Deutsche Post AG"", ""ref"": ""Koloniestraße 42, 13357 Berlin""}",1034981543768528,images_filtered/postbox_node_420519428_img_1034981543768528.jpg,52.561682355639,13.381628282381,0,1645446513692,2.9
node/428789455,52.5196168,13.4519463,"{""amenity"": ""post_box"", ""check_date"": ""2025-01-07"", ""check_date:collection_times"": ""2025-01-07"", ""collection_times"": ""Mo-Fr 15:30,17:45; Sa 14:45"", ""note"": ""zwei baugleiche Briefkästen nebeneinander"", ""operator"": ""Deutsche Post"", ""operator:wikidata"": ""Q157645"", ""operator:wikipedia"": ""de:Deutsche Post AG"", ""post_box:apertures"": ""2"", ""post_box:type"": ""lamp"", ""postal_code"": ""10249"", ""ref"": ""Petersburger Str. 72, 10249 Berlin"", ""support"": ""pole""}",1008649833264977,images_filtered/postbox_node_428789455_img_1008649833264977.jpg,52.519499799286,13.452031156061,0,1631861579109,23.8
node/439451483,52.4699774,13.3202793,"{""amenity"": ""post_box"", ""check_date:collection_times"": ""2023-12-25"", ""collection_times"": ""Mo-Fr 16:00; Sa 13:15"", ""operator"": ""Deutsche Post"", ""operator:wikidata"": ""Q157645"", ""operator:wikipedia"": ""de:Deutsche Post AG"", ""ref"": ""Schwalbacher Str. 7, 14197 Berlin""}",182364060402286,images_filtered/postbox_node_439451483_img_182364060402286.jpg,52.469805555556,13.319961111111,7,1437827191000,41.4
node/440861506,52.545168,13.3019886,"{""amenity"": ""post_box"", ""collection_times"": ""Mo-Sa 09:00"", ""operator"": ""Deutsche Post"", ""operator:wikidata"": ""Q157645"", ""operator:wikipedia"": ""de:Deutsche Post AG"", ""ref"": ""Straße 70 28, 13629 Berlin""}",1212571959180388,images_filtered/postbox_node_440861506_img_1212571959180388.jpg,52.545076299972,13.301919699972,0,1570406404000,24.6
node/442134153,52.430586,13.2323916,"{""amenity"": ""post_box"", ""collection_times"": ""Mo-Fr 16:00; Sa 14:00"", ""last_checked"": ""2020-09-06"", ""operator"": ""Deutsche Post"", ""operator:wikidata"": ""Q157645"", ""operator:wikipedia"": ""de:Deutsche Post AG"", ""ref"": ""Oertzenweg 41, 14163 Berlin""}",981645875909472,images_filtered/postbox_node_442134153_img_981645875909472.jpg,52.430693637249,13.232693127952,198.99922180176,1500902820043,40.7
node/442397975,52.4660167,13.4365021,"{""amenity"": ""post_box"", ""check_date"": ""2026-03-05"", ""check_date:collection_times"": ""2026-03-05"", ""collection_times"": ""Mo-Fr 16:45; Sa 15:00"", ""operator"": ""Deutsche Post"", ""operator:wikidata"": ""Q157645"", ""operator:wikipedia"": ""de:Deutsche Post AG"", ""post_box:type"": ""lamp"", ""postal_code"": ""12051"", ""ref"": ""Kranoldstr./Kranoldplatz, 12051 Berlin""}",1144440876024452,images_filtered/postbox_node_442397975_img_1144440876024452.jpg,52.46611,13.436781255234,265.35992431641,1558778040548,24.1
node/445075290,52.5288531,13.3060296,"{""amenity"": ""post_box"", ""check_date:collection_times"": ""2026-05-09"", ""collection_times"": ""Mo-Fr 17:30; Sa 14:00"", ""operator"": ""Deutsche Post"", ""operator:wikidata"": ""Q157645"", ""operator:wikipedia"": ""de:Deutsche Post AG"", ""ref"": ""Olbersstr. 55, 10589 Berlin""}",1011287884779796,images_filtered/postbox_node_445075290_img_1011287884779796.jpg,52.5287559,13.3056348,47,1780994571009,21.0
node/445481749,52.5349829,13.2826282,"{""amenity"": ""post_box"", ""check_date:collection_times"": ""2025-12-09"", ""collection_times"": ""Mo-Fr 16:00; Sa 11:30"", ""operator"": ""Deutsche Post"", ""operator:wikidata"": ""Q157645"", ""operator:wikipedia"": ""de:Deutsche Post AG"", ""ref"": ""Letterhausweg 1, 13627 Berlin""}",1412964575769406,images_filtered/postbox_node_445481749_img_1412964575769406.jpg,52.535139600007,13.282378299912,94.611647911406,1566054231500,41.3
node/446905584,52.4641359,13.4337604,"{""amenity"": ""post_box"", ""check_date"": ""2020-11-18"", ""collection_times"": ""Mo-Fr 15:15,16:45,21:00; Sa 15:00; Su 21:00"", ""operator"": ""Deutsche Post"", ""operator:wikidata"": ""Q157645"", ""operator:wikipedia"": ""de:Deutsche Post AG"", ""post_box:apertures"": ""2"", ""post_box:type"": ""lamp"", ""postal_code"": ""12051"", ""ref"": ""Glasower Str./Hermannstr., 12051 Berlin"", ""support"": ""pole""}",1117911805352190,images_filtered/postbox_node_446905584_img_1117911805352190.jpg,52.4639807,13.4336418,0,1561658493000,25.0
node/449235035,52.4556815,13.5538259,"{""amenity"": ""post_box"", ""collection_times"": ""Mo-Fr 17:00; Sa 13:30"", ""operator"": ""Deutsche Post"", ""operator:wikidata"": ""Q157645"", ""ref"": ""An der Wuhlheide 232-234, 12459 Berlin""}",112229470943689,images_filtered/postbox_node_449235035_img_112229470943689.jpg,52.4558083,13.5535461,101.40193820994,1568807429000,25.2
node/449235035,52.4556815,13.5538259,"{""amenity"": ""post_box"", ""collection_times"": ""Mo-Fr 17:00; Sa 13:30"", ""operator"": ""Deutsche Post"", ""operator:wikidata"": ""Q157645"", ""ref"": ""An der Wuhlheide 232-234, 12459 Berlin""}",348188923718662,images_filtered/postbox_node_449235035_img_348188923718662.jpg,52.455818750944,13.553660726187,118.71194204669,1631893832135,25.0
node/454636273,52.4590418,13.4990691,"{""amenity"": ""post_box"", ""collection_times"": ""Mo-Fr 17:15; Sa 14:00"", ""operator"": ""Deutsche Post"", ""operator:wikidata"": ""Q157645"", ""operator:wikipedia"": ""de:Deutsche Post AG"", ""ref"": ""Rixdorfer Str. 9, 12487 Berlin"", ""wheelchair"": ""yes""}",1204861349953235,images_filtered/postbox_node_454636273_img_1204861349953235.jpg,52.45901166932,13.498965455232,34.829156886903,1627050179429,29.7
node/454636273,52.4590418,13.4990691,"{""amenity"": ""post_box"", ""collection_times"": ""Mo-Fr 17:15; Sa 14:00"", ""operator"": ""Deutsche Post"", ""operator:wikidata"": ""Q157645"", ""operator:wikipedia"": ""de:Deutsche Post AG"", ""ref"": ""Rixdorfer Str. 9, 12487 Berlin"", ""wheelchair"": ""yes""}",1514011723064950,images_filtered/postbox_node_454636273_img_1514011723064950.jpg,52.459176926667,13.49903892,219.41739177392,1759495547933,47.2
node/462732155,52.4573603,13.3906353,"{""amenity"": ""post_box"", ""collection_times"": ""Mo-Fr 15:00,17:00, Sa 14:15"", ""colour"": ""yellow"", ""material"": ""metal"", ""operator"": ""Deutsche Post"", ""operator:wikidata"": ""Q157645"", ""operator:wikipedia"": ""de:Deutsche Post AG"", ""ref"": ""Ordensmeisterstr./Friedrich-W.-Str., 12099 Berlin"", ""support"": ""pole""}",134211672032667,images_filtered/postbox_node_462732155_img_134211672032667.jpg,52.457220163245,13.390518967075,85.793235189428,1613831368775,59.0
node/470319914,52.5602321,13.2427519,"{""amenity"": ""post_box"", ""check_date:collection_times"": ""2024-08-03"", ""collection_times"": ""Mo-Sa 09:00"", ""operator"": ""Deutsche Post"", ""operator:wikidata"": ""Q157645"", ""operator:wikipedia"": ""de:Deutsche Post AG"", ""ref"": ""Im Saatwinkel 39, 13599 Berlin""}",147658070605290,images_filtered/postbox_node_470319914_img_147658070605290.jpg,52.560434960809,13.243156224502,240.58937139093,1619446321945,10.1
node/470319914,52.5602321,13.2427519,"{""amenity"": ""post_box"", ""check_date:collection_times"": ""2024-08-03"", ""collection_times"": ""Mo-Sa 09:00"", ""operator"": ""Deutsche Post"", ""operator:wikidata"": ""Q157645"", ""operator:wikipedia"": ""de:Deutsche Post AG"", ""ref"": ""Im Saatwinkel 39, 13599 Berlin""}",156548279781464,images_filtered/postbox_node_470319914_img_156548279781464.jpg,52.560403361034,13.243085062144,233.85417457589,1619446322947,4.1
node/472464385,52.4155602,13.420145,"{""amenity"": ""post_box"", ""check_date"": ""2021-05-26"", ""collection_times"": ""Mo-Fr 16:30; Sa 13:30"", ""operator"": ""Deutsche Post"", ""operator:wikidata"": ""Q157645"", ""operator:wikipedia"": ""de:Deutsche Post AG"", ""post_box:apertures"": ""2"", ""post_box:type"": ""lamp"", ""postal_code"": ""12349"", ""ref"": ""Drusenheimer Weg/Am Rötepfuhl, 12349 Berlin"", ""support"": ""pole""}",308428864134756,images_filtered/postbox_node_472464385_img_308428864134756.jpg,52.415356493107,13.420506033866,328.06747436523,1504176096638,15.3
node/472514895,52.4742327,13.4547774,"{""amenity"": ""post_box"", ""check_date"": ""2026-05-02"", ""check_date:collection_times"": ""2026-05-02"", ""collection_times"": ""Mo-Fr 17:15; Sa 13:30"", ""colour"": ""yellow"", ""operator"": ""Deutsche Post"", ""operator:wikidata"": ""Q157645"", ""operator:wikipedia"": ""de:Deutsche Post AG"", ""post_box:apertures"": ""1"", ""post_box:type"": ""lamp"", ""postal_code"": ""12059"", ""ref"": ""Sonnenallee/Braunschweiger Str., 12059 Berlin"", ""support"": ""wall_mounted""}",1319471866302411,images_filtered/postbox_node_472514895_img_1319471866302411.jpg,52.4742211,13.4544331,40,1780913340532,46.8
node/473426503,52.3933979,13.5726952,"{""amenity"": ""post_box"", ""brand"": ""Deutsche Post"", ""collection_times"": ""Mo-Fr 17:00; Sa 12:45"", ""operator"": ""Deutsche Post"", ""operator:wikidata"": ""Q157645"", ""operator:wikipedia"": ""de:Deutsche Post AG"", ""postal_code"": ""12526"", ""ref"": ""Waltersdorfer Str. 47, 12526 Berlin""}",1173420456471133,images_filtered/postbox_node_473426503_img_1173420456471133.jpg,52.393323383317,13.572339153603,98.567962646484,1621070720434,27.5
node/474423867,52.4296642,13.392893,"{""amenity"": ""post_box"", ""collection_times"": ""Mo-Fr 14:30,17:30; Sa 14:00"", ""operator"": ""Deutsche Post"", ""operator:wikidata"": ""Q157645"", ""operator:wikipedia"": ""de:Deutsche Post AG"", ""ref"": ""Mariendorfer Damm 243, 12107 Berlin""}",1041788493020334,images_filtered/postbox_node_474423867_img_1041788493020334.jpg,52.429789714444,13.392464574167,160.125088,1564831776000,44.5
node/476654011,52.4476533,13.5540652,"{""amenity"": ""post_box"", ""check_date"": ""2023-07-02"", ""collection_times"": ""Mo-Fr 16:00, Sa 13:15"", ""operator"": ""Deutsche Post"", ""operator:wikidata"": ""Q157645"", ""operator:wikipedia"": ""de:Deutsche Post AG"", ""ref"": ""Oberspreestr. 64, 12489 Berlin""}",221669979721073,images_filtered/postbox_node_476654011_img_221669979721073.jpg,52.4477063,13.5544539,290.55052916109,1576413438000,33.2
node/487397447,52.6426464,13.3021858,"{""access"": ""yes"", ""amenity"": ""post_box"", ""collection_times"": ""Mo-Fr 17:00; Sa 13:00"", ""colour"": ""#bc8911"", ""drive_through"": ""no"", ""operator"": ""Deutsche Post"", ""operator:wikidata"": ""Q157645"", ""ref"": ""Oranienburger Ch. 45, 13465 Berlin"", ""wheelchair"": ""limited""}",1218698425250368,images_filtered/postbox_node_487397447_img_1218698425250368.jpg,52.642643284102,13.302186196682,336.0615432607,1599828963604,19.5
node/489299776,52.6391254,13.2981936,"{""amenity"": ""post_box"", ""check_date:collection_times"": ""2024-08-10"", ""collection_times"": ""Mo-Fr 17:00; Sa 13:00"", ""drive_through"": ""no"", ""operator"": ""Deutsche Post"", ""operator:wikidata"": ""Q157645"", ""ref"": ""Zeltinger Str. 53, 13465 Berlin""}",1147412909096520,images_filtered/postbox_node_489299776_img_1147412909096520.jpg,52.63891332368,13.298047765618,46.178867877774,1611818614441,23.5
node/489299776,52.6391254,13.2981936,"{""amenity"": ""post_box"", ""check_date:collection_times"": ""2024-08-10"", ""collection_times"": ""Mo-Fr 17:00; Sa 13:00"", ""drive_through"": ""no"", ""operator"": ""Deutsche Post"", ""operator:wikidata"": ""Q157645"", ""ref"": ""Zeltinger Str. 53, 13465 Berlin""}",1426024408291457,images_filtered/postbox_node_489299776_img_1426024408291457.jpg,52.638906,13.298084,73.909934997559,1705995285593,57.0
node/496042341,52.530761,13.5438922,"{""amenity"": ""post_box"", ""collection_times"": ""Mo-Fr 14:30; Sa 13:45"", ""operator"": ""Deutsche Post"", ""operator:wikidata"": ""Q157645"", ""operator:wikipedia"": ""de:Deutsche Post AG"", ""ref"": ""Murtzaner Ring 28, 12681 Berlin""}",1084490345691453,images_filtered/postbox_node_496042341_img_1084490345691453.jpg,52.530523217332,13.543676454586,5.1736493460643,1632575528667,23.7
node/496042341,52.530761,13.5438922,"{""amenity"": ""post_box"", ""collection_times"": ""Mo-Fr 14:30; Sa 13:45"", ""operator"": ""Deutsche Post"", ""operator:wikidata"": ""Q157645"", ""operator:wikipedia"": ""de:Deutsche Post AG"", ""ref"": ""Murtzaner Ring 28, 12681 Berlin""}",1237088644355938,images_filtered/postbox_node_496042341_img_1237088644355938.jpg,52.5307472,13.5441905,230.88321018219,1690566705019,43.5
node/496042341,52.530761,13.5438922,"{""amenity"": ""post_box"", ""collection_times"": ""Mo-Fr 14:30; Sa 13:45"", ""operator"": ""Deutsche Post"", ""operator:wikidata"": ""Q157645"", ""operator:wikipedia"": ""de:Deutsche Post AG"", ""ref"": ""Murtzaner Ring 28, 12681 Berlin""}",1095773567577380,images_filtered/postbox_node_496042341_img_1095773567577380.jpg,52.530628399972,13.543668699972,-1,1619541843047,46.7
node/507671332,52.489023,13.4329346,"{""amenity"": ""post_box"", ""check_date"": ""2019-09-10"", ""collection_times"": ""Mo-Fr 13:30,17:00; Sa 13:45"", ""operator"": ""Deutsche Post"", ""operator:wikidata"": ""Q157645"", ""operator:wikipedia"": ""de:Deutsche Post AG"", ""postal_code"": ""12047"", ""ref"": ""Pannierstraße 46/47, 12047 Berlin""}",1088265668250827,images_filtered/postbox_node_507671332_img_1088265668250827.jpg,52.489047222222,13.433055555556,196,1462454090000,55.8
node/510610964,52.4554683,13.4097846,"{""amenity"": ""post_box"", ""check_date"": ""2022-08-23"", ""collection_times"": ""Mo-Fr 14:30,16:30; Sa 13:45"", ""colour"": ""yellow"", ""drive_through"": ""no"", ""operator"": ""Deutsche Post"", ""operator:wikidata"": ""Q157645"", ""post_box:apertures"": ""2"", ""post_box:type"": ""lamp"", ""ref"": ""Gottlieb-Dunkel-Str./Industriestr., 12099 Berlin"", ""support"": ""pole""}",1195110484657984,images_filtered/postbox_node_510610964_img_1195110484657984.jpg,52.455689124812,13.410085681838,201.98925717374,1608376024854,17.7
node/508436479,52.4481077,13.2907844,"{""amenity"": ""post_box"", ""collection_times"": ""Mo-Sa 15:30"", ""operator"": ""Deutsche Post"", ""operator:wikidata"": ""Q157645"", ""operator:wikipedia"": ""de:Deutsche Post AG"", ""ref"": ""Habelschwerdter Allee 20, 14195 Berlin""}",291022829168851,images_filtered/postbox_node_508436479_img_291022829168851.jpg,52.4480626,13.290796099972,0,1499189430000,9.0
node/513416688,52.4530465,13.6023253,"{""amenity"": ""post_box"", ""check_date"": ""2023-12-26"", ""collection_times"": ""Mo-Fr 16:00, Sa 12:30"", ""operator"": ""Deutsche Post"", ""operator:wikidata"": ""Q157645"", ""operator:wikipedia"": ""de:Deutsche Post AG"", ""ref"": ""Stillerzeile (Kaufhalle), 12587 Berlin""}",2168636796607308,images_filtered/postbox_node_513416688_img_2168636796607308.jpg,52.45312698656,13.602051045758,85.458709481574,1589027053176,30.3
node/513416688,52.4530465,13.6023253,"{""amenity"": ""post_box"", ""check_date"": ""2023-12-26"", ""collection_times"": ""Mo-Fr 16:00, Sa 12:30"", ""operator"": ""Deutsche Post"", ""operator:wikidata"": ""Q157645"", ""operator:wikipedia"": ""de:Deutsche Post AG"", ""ref"": ""Stillerzeile (Kaufhalle), 12587 Berlin""}",3804896606285896,images_filtered/postbox_node_513416688_img_3804896606285896.jpg,52.453122921337,13.601967059088,91.405483451494,1589027051690,17.9
node/514064242,52.4772332,13.3712362,"{""amenity"": ""post_box"", ""check_date"": ""2025-08-22"", ""check_date:collection_times"": ""2025-08-22"", ""collection_times"": ""Mo-Fr 16:30, Sa 13:45"", ""operator"": ""Deutsche Post"", ""operator:wikidata"": ""Q157645"", ""operator:wikipedia"": ""de:Deutsche Post AG"", ""post_box:apertures"": ""2"", ""post_box:type"": ""lamp"", ""postal_code"": ""12101"", ""ref"": ""Gontermannstr. 50, 12101 Berlin""}",1172670746506773,images_filtered/postbox_node_514064242_img_1172670746506773.jpg,52.477293055556,13.371594722222,294.14114028605,1424191256000,39.5
node/514064242,52.4772332,13.3712362,"{""amenity"": ""post_box"", ""check_date"": ""2025-08-22"", ""check_date:collection_times"": ""2025-08-22"", ""collection_times"": ""Mo-Fr 16:30, Sa 13:45"", ""operator"": ""Deutsche Post"", ""operator:wikidata"": ""Q157645"", ""operator:wikipedia"": ""de:Deutsche Post AG"", ""post_box:apertures"": ""2"", ""post_box:type"": ""lamp"", ""postal_code"": ""12101"", ""ref"": ""Gontermannstr. 50, 12101 Berlin""}",2965924550355208,images_filtered/postbox_node_514064242_img_2965924550355208.jpg,52.477267770933,13.371520399306,220.52508544922,1505478426653,38.2
node/515215516,52.4520311,13.3207719,"{""amenity"": ""post_box"", ""collection_times"": ""Mo-Fr 15:30; Sa 13:45"", ""operator"": ""Deutsche Post"", ""operator:wikidata"": ""Q157645"", ""operator:wikipedia"": ""de:Deutsche Post AG"", ""ref"": ""Birkbuschstr./Schützenstr., 12165 Berlin""}",1201005320339935,images_filtered/postbox_node_515215516_img_1201005320339935.jpg,52.451947099972,13.3208113,0,1588131704000,16.0
node/521053625,52.4458452,13.574589,"{""amenity"": ""post_box"", ""collection_times"": ""off"", ""operator"": ""Deutsche Post"", ""operator:wikidata"": ""Q157645"", ""operator:wikipedia"": ""de:Deutsche Post AG"", ""ref"": ""Alt-Köpenick 22, 12555 Berlin""}",222918396540608,images_filtered/postbox_node_521053625_img_222918396540608.jpg,52.446062341111,13.5747610775,207.80328,1632072272000,2.0
node/523969807,52.4513385,13.3018385,"{""amenity"": ""post_box"", ""collection_times"": ""Mo-Fr 14:00; Sa 13:15"", ""operator"": ""Deutsche Post"", ""operator:wikidata"": ""Q157645"", ""operator:wikipedia"": ""de:Deutsche Post AG"", ""ref"": ""Limonenstr./Malvenstr., 12203 Berlin""}",1386458355051121,images_filtered/postbox_node_523969807_img_1386458355051121.jpg,52.451191899972,13.3019061,0,1499273263000,15.7
node/527958570,52.5551122,13.1983316,"{""amenity"": ""post_box"", ""check_date:collection_times"": ""2026-05-01"", ""collection_times"": ""Mo-Fr 16:00; Sa 13:00"", ""operator"": ""Deutsche Post"", ""operator:wikidata"": ""Q157645"", ""operator:wikipedia"": ""de:Deutsche Post AG"", ""ref"": ""Klinkeplatz, 13589 Berlin""}",1067446327413928,images_filtered/postbox_node_527958570_img_1067446327413928.jpg,52.555246405498,13.19796793106,85.734680175781,1515248116143,35.5
node/526143119,52.5728007,13.408172,"{""amenity"": ""post_box"", ""collection_times"": ""Mo-Fr 16:00; Sa 12:00"", ""operator"": ""Deutsche Post"", ""operator:wikidata"": ""Q157645"", ""operator:wikipedia"": ""de:Deutsche Post AG"", ""ref"": ""Ossietzkystr. 19, 13187 Berlin"", ""wheelchair"": ""yes""}",1050118548727288,images_filtered/postbox_node_526143119_img_1050118548727288.jpg,52.572995577988,13.407887946827,160.65799025292,1589105424182,22.2
node/529672837,52.5065188,13.3117924,"{""amenity"": ""post_box"", ""check_date:collection_times"": ""2026-03-22"", ""collection_times"": ""Mo-Fr 17:15; Sa 16:30"", ""operator"": ""Deutsche Post"", ""operator:wikidata"": ""Q157645"", ""operator:wikipedia"": ""de:Deutsche Post AG"", ""ref"": ""Kantstr. 46, 10625 Berlin""}",1018689819623893,images_filtered/postbox_node_529672837_img_1018689819623893.jpg,52.506391666667,13.312180555556,257,1718534165479,41.3
node/537588093,52.5374873,13.2866642,"{""amenity"": ""post_box"", ""collection_times"": ""Sa 11:30; Mo-Fr 15:00"", ""operator"": ""Deutsche Post"", ""operator:wikidata"": ""Q157645"", ""operator:wikipedia"": ""de:Deutsche Post AG"", ""ref"": ""Halemweg 21-23, 13627 Berlin""}",1185292911956799,images_filtered/postbox_node_537588093_img_1185292911956799.jpg,52.537631300711,13.286704899992,177.08321191457,1563026329000,12.7
node/546677905,52.5485947,13.5036914,"{""amenity"": ""post_box"", ""collection_times"": ""Mo-Fr 14:00,16:15,20:30; Sa 12:30; Su 20:30"", ""operator"": ""Deutsche Post"", ""operator:wikidata"": ""Q157645"", ""operator:wikipedia"": ""de:Deutsche Post AG"", ""postal_code"": ""13055"", ""ref"": ""Hauptstraße 9-10, 13055 Berlin""}",1018550568957579,images_filtered/postbox_node_546677905_img_1018550568957579.jpg,52.548786043238,13.50334751421,84.131656112664,1598338796799,48.3
node/559630096,52.5487407,13.5045323,"{""amenity"": ""post_box"", ""collection_times"": ""Mo-Fr 16:15, 20:15; Sa 12:30; Su 20:15"", ""operator"": ""Deutsche Post"", ""operator:wikidata"": ""Q157645"", ""operator:wikipedia"": ""de:Deutsche Post AG"", ""ref"": ""Hauptstr. 12, 13055 Berlin""}",1081878249819836,images_filtered/postbox_node_559630096_img_1081878249819836.jpg,52.54899714147,13.504782496033,265.2439547604,1703587634679,54.6
node/560527318,52.5756755,13.2712093,"{""amenity"": ""post_box"", ""collection_times"": ""Mo-Fr 17:00; Sa 13:30"", ""operator"": ""Deutsche Post"", ""operator:wikidata"": ""Q157645"", ""ref"": ""Semmelweg 2, 13507 Berlin""}",1195980880854389,images_filtered/postbox_node_560527318_img_1195980880854389.jpg,52.575931716759,13.271494433296,264.54626904932,1604746804638,50.5
node/572213117,52.4340136,13.3588134,"{""amenity"": ""post_box"", ""brand"": ""Deutsche Post"", ""check_date"": ""2024-12-15"", ""check_date:collection_times"": ""2024-12-15"", ""collection_times"": ""Mo-Fr 16:00; Sa 13:00"", ""colour"": ""yellow"", ""operator"": ""Deutsche Post"", ""operator:wikidata"": ""Q157645"", ""operator:wikipedia"": ""de:Deutsche Post AG"", ""post_box:apertures"": ""2"", ""post_box:type"": ""lamp"", ""postal_code"": ""12249"", ""ref"": ""Kamenzer Damm 40, 12249 Berlin""}",119488533517444,images_filtered/postbox_node_572213117_img_119488533517444.jpg,52.434064988096,13.358606379492,77.333639201503,1603632383346,34.8
node/572213117,52.4340136,13.3588134,"{""amenity"": ""post_box"", ""brand"": ""Deutsche Post"", ""check_date"": ""2024-12-15"", ""check_date:collection_times"": ""2024-12-15"", ""collection_times"": ""Mo-Fr 16:00; Sa 13:00"", ""colour"": ""yellow"", ""operator"": ""Deutsche Post"", ""operator:wikidata"": ""Q157645"", ""operator:wikipedia"": ""de:Deutsche Post AG"", ""post_box:apertures"": ""2"", ""post_box:type"": ""lamp"", ""postal_code"": ""12249"", ""ref"": ""Kamenzer Damm 40, 12249 Berlin""}",1025894312269308,images_filtered/postbox_node_572213117_img_1025894312269308.jpg,52.434169444444,13.358886111111,243,1718462314596,47.1
node/574852409,52.4802277,13.3368103,"{""amenity"": ""post_box"", ""check_date:collection_times"": ""2024-08-07"", ""collection_times"": ""Mo-Fr 17:00; Sa 16:00"", ""operator"": ""Deutsche Post"", ""operator:wikidata"": ""Q157645"", ""operator:wikipedia"": ""de:Deutsche Post AG"", ""ref"": ""Durlacher Str. 2, 10715 Berlin""}",1067930398241809,images_filtered/postbox_node_574852409_img_1067930398241809.jpg,52.480141231839,13.33672215232,64.345499584471,1724494022446,32.5
node/593781500,52.4350421,13.3264253,"{""amenity"": ""post_box"", ""check_date:collection_times"": ""2026-08-30"", ""collection_times"": ""Mo-Fr 16:30; Sa 12:30"", ""operator"": ""Deutsche Post"", ""operator:wikidata"": ""Q157645"", ""operator:wikipedia"": ""de:Deutsche Post AG"", ""ref"": ""Marienstr./Bassermannweg, 12207 Berlin""}",134432792034824,images_filtered/postbox_node_593781500_img_134432792034824.jpg,52.435162,13.3266232,200.7207639262,1501776082136,24.5
node/588133304,52.5525699,13.4075384,"{""amenity"": ""post_box"", ""check_date:collection_times"": ""2024-08-18"", ""collection_times"": ""Mo-Fr 12:15,17:15; Sa 12:30"", ""operator"": ""Deutsche Post"", ""operator:wikidata"": ""Q157645"", ""operator:wikipedia"": ""de:Deutsche Post AG"", ""ref"": ""Paul-Robeson-Str. 37, 10439 Berlin""}",1246125070647278,images_filtered/postbox_node_588133304_img_1246125070647278.jpg,52.552751312081,13.407154697937,96.502691862305,1756028012118,31.4
node/588133304,52.5525699,13.4075384,"{""amenity"": ""post_box"", ""check_date:collection_times"": ""2024-08-18"", ""collection_times"": ""Mo-Fr 12:15,17:15; Sa 12:30"", ""operator"": ""Deutsche Post"", ""operator:wikidata"": ""Q157645"", ""operator:wikipedia"": ""de:Deutsche Post AG"", ""ref"": ""Paul-Robeson-Str. 37, 10439 Berlin""}",117765830475424,images_filtered/postbox_node_588133304_img_117765830475424.jpg,52.55271250387,13.407270368201,92.429135205286,1626799107217,38.8
node/587793838,52.5381338,13.2788209,"{""amenity"": ""post_box"", ""check_date:collection_times"": ""2026-07-20"", ""collection_times"": ""Mo-Fr 16:00; Sa 12:30"", ""operator"": ""Deutsche Post"", ""operator:wikidata"": ""Q157645"", ""operator:wikipedia"": ""de:Deutsche Post AG"", ""ref"": ""Goebelstr. 2-10, 13627 Berlin""}",1266012980512521,images_filtered/postbox_node_587793838_img_1266012980512521.jpg,52.5380915,13.278716899972,85.194252350471,1627131593065,29.0
node/587793838,52.5381338,13.2788209,"{""amenity"": ""post_box"", ""check_date:collection_times"": ""2026-07-20"", ""collection_times"": ""Mo-Fr 16:00; Sa 12:30"", ""operator"": ""Deutsche Post"", ""operator:wikidata"": ""Q157645"", ""operator:wikipedia"": ""de:Deutsche Post AG"", ""ref"": ""Goebelstr. 2-10, 13627 Berlin""}",1081511302374934,images_filtered/postbox_node_587793838_img_1081511302374934.jpg,52.5380674,13.2787077,84.251986493746,1625581390077,38.2
node/603122095,52.4851278,13.5651852,"{""amenity"": ""post_box"", ""collection_times"": ""Mo-Fr 16:15; Sa 13:30"", ""operator"": ""Deutsche Post"", ""operator:wikidata"": ""Q157645"", ""operator:wikipedia"": ""de:Deutsche Post AG"", ""ref"": ""Lindenstr./An der Wuhle, 12621 Berlin""}",289944489517781,images_filtered/postbox_node_603122095_img_289944489517781.jpg,52.48528654692,13.565419614328,186.6448726009,1586595990250,35.3
node/603591037,52.4947003,13.5361321,"{""amenity"": ""post_box"", ""check_date:collection_times"": ""2024-04-30"", ""collection_times"": ""Mo-Fr 17:15; Sa 11:45"", ""operator"": ""Deutsche Post"", ""operator:wikidata"": ""Q157645"", ""operator:wikipedia"": ""de:Deutsche Post AG"", ""ref"": ""Brehmstr. 26, 10318 Berlin""}",175476941155057,images_filtered/postbox_node_603591037_img_175476941155057.jpg,52.494799587924,13.536520572392,264.63174438477,1605441873714,17.4
node/610199206,52.3867947,13.406346,"{""amenity"": ""post_box"", ""collection_times"": ""Mo-Fr 18:00,21:00; Sa 13:15; Su 09:45"", ""operator"": ""Deutsche Post"", ""operator:wikidata"": ""Q157645"", ""operator:wikipedia"": ""de:Deutsche Post AG"", ""ref"": ""Bahnhofstr. 5-6, 12305 Berlin""}",1856464191873694,images_filtered/postbox_node_610199206_img_1856464191873694.jpg,52.3866862,13.4061947,86.037,1747046241500,45.6
node/611587323,52.4154399,13.5597831,"{""amenity"": ""post_box"", ""collection_times"": ""Mo-Fr 17:30; Sa 13:00"", ""operator"": ""Deutsche Post"", ""operator:wikidata"": ""Q157645"", ""operator:wikipedia"": ""de:Deutsche Post AG"", ""ref"": ""Am Falkenberg 37, 12524 Berlin""}",1221033341646418,images_filtered/postbox_node_611587323_img_1221033341646418.jpg,52.4153632,13.559750099999,-1,1531337152000,15.7
node/618751844,52.529137,13.3437179,"{""amenity"": ""post_box"", ""check_date"": ""2025-04-02"", ""collection_times"": ""Mo-Fr 17:15; Sa 12:15"", ""operator"": ""Deutsche Post"", ""operator:wikidata"": ""Q157645"", ""operator:wikipedia"": ""de:Deutsche Post AG"", ""ref"": ""Perleberger Str. 41, 10559 Berlin"", ""wheelchair"": ""yes""}",1037000623502961,images_filtered/postbox_node_618751844_img_1037000623502961.jpg,52.529220418122,13.343963362289,228.05632317115,1627364427218,12.8
node/619418429,52.4513874,13.3478299,"{""amenity"": ""post_box"", ""collection_times"": ""Mo-Fr 15:45; Sa 12:15"", ""operator"": ""Deutsche Post"", ""operator:wikidata"": ""Q157645"", ""operator:wikipedia"": ""de:Deutsche Post AG"", ""ref"": ""Munsterdamm/Immenweg, 12169 Berlin""}",29470904815856545,images_filtered/postbox_node_619418429_img_29470904815856545.jpg,52.451425,13.347987,228,1745306739230,20.6
node/621239486,52.4231819,13.2346424,"{""amenity"": ""post_box"", ""check_date"": ""2025-05-19"", ""check_date:collection_times"": ""2025-05-19"", ""collection_times"": ""Mo-Fr 16:00; Sa 14:00"", ""operator"": ""Deutsche Post"", ""operator:wikidata"": ""Q157645"", ""ref"": ""Fercher Str./Berlepschstr., 14165 Berlin""}",502895427732857,images_filtered/postbox_node_621239486_img_502895427732857.jpg,52.423388790533,13.235036364447,259.59249953434,1500901611900,30.3
node/621152152,52.3841239,13.3965411,"{""amenity"": ""post_box"", ""collection_times"": ""Mo-Fr 17:15; Sa 13:45"", ""operator"": ""Deutsche Post"", ""operator:wikidata"": ""Q157645"", ""operator:wikipedia"": ""de:Deutsche Post AG"", ""ref"": ""Hilbertstr./Hohenzollernstr., 12307 Berlin""}",191407906031904,images_filtered/postbox_node_621152152_img_191407906031904.jpg,52.384105555556,13.396652777778,344,1440848115000,58.9
node/621152152,52.3841239,13.3965411,"{""amenity"": ""post_box"", ""collection_times"": ""Mo-Fr 17:15; Sa 13:45"", ""operator"": ""Deutsche Post"", ""operator:wikidata"": ""Q157645"", ""operator:wikipedia"": ""de:Deutsche Post AG"", ""ref"": ""Hilbertstr./Hohenzollernstr., 12307 Berlin""}",191307119488437,images_filtered/postbox_node_621152152_img_191307119488437.jpg,52.384062063046,13.39672203842,341.33712614246,1454757753505,42.1
node/628068901,52.5088208,13.3081732,"{""amenity"": ""post_box"", ""check_date:collection_times"": ""2024-05-24"", ""collection_times"": ""Mo-Fr 14:45,17:15; Sa 16:30"", ""operator"": ""Deutsche Post"", ""operator:wikidata"": ""Q157645"", ""operator:wikipedia"": ""de:Deutsche Post AG"", ""ref"": ""Goethestr. 47, 10625 Berlin""}",483586612710250,images_filtered/postbox_node_628068901_img_483586612710250.jpg,52.508852896329,13.308059144778,155.46428995817,1625916626690,40.7
node/628068901,52.5088208,13.3081732,"{""amenity"": ""post_box"", ""check_date:collection_times"": ""2024-05-24"", ""collection_times"": ""Mo-Fr 14:45,17:15; Sa 16:30"", ""operator"": ""Deutsche Post"", ""operator:wikidata"": ""Q157645"", ""operator:wikipedia"": ""de:Deutsche Post AG"", ""ref"": ""Goethestr. 47, 10625 Berlin""}",802586256901803,images_filtered/postbox_node_628068901_img_802586256901803.jpg,52.508978960153,13.308013379586,168.05335745128,1625916622183,19.6
node/635243414,52.4706883,13.2899766,"{""amenity"": ""post_box"", ""collection_times"": ""Mo-Fr 16:00; Sa 12:30"", ""operator"": ""Deutsche Post"", ""operator:wikidata"": ""Q157645"", ""operator:wikipedia"": ""de:Deutsche Post AG"", ""ref"": ""Heiligendammer Str. 20-22, 14195 Berlin""}",1155082588342006,images_filtered/postbox_node_635243414_img_1155082588342006.jpg,52.470571999972,13.290029999972,0,1562511593000,15.6
node/635243414,52.4706883,13.2899766,"{""amenity"": ""post_box"", ""collection_times"": ""Mo-Fr 16:00; Sa 12:30"", ""operator"": ""Deutsche Post"", ""operator:wikidata"": ""Q157645"", ""operator:wikipedia"": ""de:Deutsche Post AG"", ""ref"": ""Heiligendammer Str. 20-22, 14195 Berlin""}",1108882606282392,images_filtered/postbox_node_635243414_img_1108882606282392.jpg,52.470551260284,13.290032731814,330.23815917969,1504340812753,15.8
node/648259076,52.5117874,13.2099631,"{""amenity"": ""post_box"", ""check_date:collection_times"": ""2024-08-26"", ""collection_times"": ""Mo-Fr 16:00; Sa 12:00"", ""operator"": ""Deutsche Post"", ""operator:wikidata"": ""Q157645"", ""operator:wikipedia"": ""de:Deutsche Post AG"", ""ref"": ""Brandensteinweg 6, 13595 Berlin""}",296309225438053,images_filtered/postbox_node_648259076_img_296309225438053.jpg,52.511701,13.209715,32.18909,1494264413819,28.0
node/646860030,52.4388503,13.2403829,"{""amenity"": ""post_box"", ""check_date"": ""2022-04-30"", ""collection_times"": ""Mo-Fr 16:00; Sa 13:30"", ""operator"": ""Deutsche Post"", ""operator:wikidata"": ""Q157645"", ""operator:wikipedia"": ""de:Deutsche Post AG"", ""post_box:apertures"": ""2"", ""post_box:type"": ""lamp"", ""postal_code"": ""14163"", ""ref"": ""Sven-Hedin-Str. 23, 14163 Berlin""}",1192687064514690,images_filtered/postbox_node_646860030_img_1192687064514690.jpg,52.43893431,13.24079832,240.28099362112,1404823301000,11.4
node/638322751,52.431956,13.5378041,"{""amenity"": ""post_box"", ""check_date:collection_times"": ""2026-02-25"", ""collection_times"": ""Mo-Fr 18:00"", ""colour"": ""green"", ""operator"": ""PIN Mail"", ""operator:type"": ""private"", ""operator:wikidata"": ""Q1342288"", ""operator:wikipedia"": ""de:PIN Mail"", ""post_box:apertures"": ""1"", ""post_box:type"": ""pillar""}",1280627380407376,images_filtered/postbox_node_638322751_img_1280627380407376.jpg,52.431823,13.5378419,341,1754202422230,9.2
node/659034121,52.4230026,13.3744544,"{""amenity"": ""post_box"", ""brand"": ""Deutsche Post"", ""collection_times"": ""Mo-Fr 13:45,16:00; Sa 14:00"", ""colour"": ""yellow"", ""operator"": ""Deutsche Post"", ""operator:wikidata"": ""Q157645"", ""operator:wikipedia"": ""de:Deutsche Post AG"", ""post_box:apertures"": ""2"", ""post_box:type"": ""lamp"", ""ref"": ""Kiepertplatz/Bahnstr., 12277 Berlin"", ""wheelchair"": ""yes""}",1374513574330246,images_filtered/postbox_node_659034121_img_1374513574330246.jpg,52.423269,13.374794,239,1761809711084,21.1
node/667211349,52.5111625,13.26887,"{""amenity"": ""post_box"", ""check_date:collection_times"": ""2024-05-05"", ""collection_times"": ""Mo-Fr 13:00,16:00; Sa 14:00"", ""operator"": ""Deutsche Post"", ""operator:wikidata"": ""Q157645"", ""operator:wikipedia"": ""de:Deutsche Post AG"", ""ref"": ""Reichsstr. 103, 14052 Berlin""}",1167327337116824,images_filtered/postbox_node_667211349_img_1167327337116824.jpg,52.511381599972,13.268778899972,170,1557318352000,4.2
node/667990669,52.4383301,13.7201017,"{""amenity"": ""post_box"", ""collection_times"": ""Mo-Fr 15:00; Sa 12:00"", ""operator"": ""Deutsche Post"", ""operator:wikidata"": ""Q157645"", ""ref"": ""Schönblicker Str. 2-4, 12589 Berlin""}",1033203858778112,images_filtered/postbox_node_667990669_img_1033203858778112.jpg,52.438296,13.720114,16,1747727402335,28.4
node/668142728,52.440006,13.3991761,"{""amenity"": ""post_box"", ""check_date"": ""2025-09-13"", ""check_date:collection_times"": ""2025-09-13"", ""collection_times"": ""Mo-Fr 16:45; Sa 14:30"", ""colour"": ""yellow"", ""operator"": ""Deutsche Post"", ""operator:wikidata"": ""Q157645"", ""operator:wikipedia"": ""de:Deutsche Post AG"", ""post_box:apertures"": ""2"", ""post_box:type"": ""lamp"", ""ref"": ""Britzer Str./Brussaer Weg, 12109 Berlin"", ""support"": ""pole""}",2977268742510603,images_filtered/postbox_node_668142728_img_2977268742510603.jpg,52.439855799972,13.398801199972,0,1562343197000,56.7
node/668142728,52.440006,13.3991761,"{""amenity"": ""post_box"", ""check_date"": ""2025-09-13"", ""check_date:collection_times"": ""2025-09-13"", ""collection_times"": ""Mo-Fr 16:45; Sa 14:30"", ""colour"": ""yellow"", ""operator"": ""Deutsche Post"", ""operator:wikidata"": ""Q157645"", ""operator:wikipedia"": ""de:Deutsche Post AG"", ""post_box:apertures"": ""2"", ""post_box:type"": ""lamp"", ""ref"": ""Britzer Str./Brussaer Weg, 12109 Berlin"", ""support"": ""pole""}",341972357541322,images_filtered/postbox_node_668142728_img_341972357541322.jpg,52.4398294,13.399233399972,0,1562343201000,11.2
node/672774009,52.5544291,13.3922937,"{""amenity"": ""post_box"", ""check_date"": ""2024-11-20"", ""check_date:collection_times"": ""2024-03-10"", ""collection_times"": ""Mo-Fr 16:00; Sa 12:00"", ""operator"": ""Deutsche Post"", ""operator:wikidata"": ""Q157645"", ""operator:wikipedia"": ""de:Deutsche Post AG"", ""ref"": ""Jülicher Str. 29, 13357 Berlin""}",1044841571557223,images_filtered/postbox_node_672774009_img_1044841571557223.jpg,52.554402924192,13.392159724621,52.465484619141,1783007145116,19.7
node/678434987,52.403064,13.5063818,"{""amenity"": ""post_box"", ""brand"": ""Deutsche Post"", ""collection_times"": ""Mo-Fr 15:45; Sa 13:15"", ""operator"": ""Deutsche Post"", ""operator:wikidata"": ""Q157645"", ""operator:wikipedia"": ""de:Deutsche Post AG"", ""postal_code"": ""12355"", ""ref"": ""Liselotte-Berger-Str./Elly-Heuss-Knapp-Str., 12355 Berlin""}",1446699910659066,images_filtered/postbox_node_678434987_img_1446699910659066.jpg,52.40317791,13.50678974,237.27196954612,1789130892700,8.1
node/689205777,52.6025961,13.2389193,"{""amenity"": ""post_box"", ""collection_times"": ""Mo-Fr 17:00; Sa 14:00"", ""operator"": ""Deutsche Post"", ""operator:wikidata"": ""Q157645"", ""ref"": ""Reiherallee 30-36, 13503 Berlin""}",497881458053320,images_filtered/postbox_node_689205777_img_497881458053320.jpg,52.602686111111,13.238572222222,126,1464538311000,12.9
node/689563397,52.484102,13.3528347,"{""amenity"": ""post_box"", ""check_date:collection_times"": ""2026-07-02"", ""collection_times"": ""Mo-Fr 17:00; Sa 16:15"", ""operator"": ""Deutsche Post"", ""operator:wikidata"": ""Q157645"", ""operator:wikipedia"": ""de:Deutsche Post AG"", ""ref"": ""Hauptstr. 129, 10827 Berlin""}",1060089855181784,images_filtered/postbox_node_689563397_img_1060089855181784.jpg,52.4841355,13.352569799998,68.8713722229,1698759504197,32.9
node/693892038,52.4914572,13.3167984,"{""amenity"": ""post_box"", ""check_date"": ""2024-08-09"", ""check_date:collection_times"": ""2024-08-09"", ""collection_times"": ""Mo-Fr 12:00,15:15,17:45; Sa 16:45"", ""operator"": ""Deutsche Post"", ""operator:wikidata"": ""Q157645"", ""operator:wikipedia"": ""de:Deutsche Post AG"", ""post_box:apertures"": ""2"", ""post_box:type"": ""lamp"", ""ref"": ""Sächsische Str. 30, 10707 Berlin"", ""support"": ""pole""}",1205703816533209,images_filtered/postbox_node_693892038_img_1205703816533209.jpg,52.491217399972,13.3170465,0,1498669152000,32.2
node/697155988,52.488381,13.4139464,"{""amenity"": ""post_box"", ""check_date"": ""2026-09-01"", ""check_date:collection_times"": ""2026-09-01"", ""collection_times"": ""Mo-Fr 17:30; Sa 14:30"", ""operator"": ""Deutsche Post"", ""operator:wikidata"": ""Q157645"", ""operator:wikipedia"": ""de:Deutsche Post AG"", ""post_box:type"": ""lamp"", ""postal_code"": ""10967"", ""ref"": ""Hasenheide 39, 10967 Berlin""}",1050082042190611,images_filtered/postbox_node_697155988_img_1050082042190611.jpg,52.488224199972,13.4137511,0,1584226013000,37.2
node/703605519,52.4800601,13.428276,"{""amenity"": ""post_box"", ""check_date"": ""2025-03-30"", ""collection_times"": ""Mo-Fr 16:45; Sa 13:45"", ""colour"": ""yellow"", ""operator"": ""Deutsche Post"", ""operator:wikidata"": ""Q157645"", ""operator:wikipedia"": ""de:Deutsche Post AG"", ""post_box:apertures"": ""1"", ""post_box:type"": ""pillar"", ""postal_code"": ""12053"", ""ref"": ""Boddinstr./Boddinplatz, 12053 Berlin""}",1205085293295530,images_filtered/postbox_node_703605519_img_1205085293295530.jpg,52.480294033934,13.427911894408,188.51849365234,1505811272389,52.0
node/704913848,52.4897825,13.3408541,"{""amenity"": ""post_box"", ""collection_times"": ""Mo-Fr 18:45; Sa 16:30"", ""operator"": ""Deutsche Post"", ""operator:wikidata"": ""Q157645"", ""operator:wikipedia"": ""de:Deutsche Post AG"", ""ref"": ""Westarpstr. 6, 10779 Berlin""}",136306751875248,images_filtered/postbox_node_704913848_img_136306751875248.jpg,52.490030555556,13.3408,195,1605441484000,22.6
node/704913839,52.5005827,13.3287854,"{""amenity"": ""post_box"", ""check_date:collection_times"": ""2026-08-23"", ""collection_times"": ""Mo-Fr 17:00; Sa 16:00"", ""operator"": ""Deutsche Post"", ""operator:wikidata"": ""Q157645"", ""operator:wikipedia"": ""de:Deutsche Post AG"", ""ref"": ""Meinekestr. 11, 10719 Berlin""}",284523806687247,images_filtered/postbox_node_704913839_img_284523806687247.jpg,52.500368189116,13.329202746985,275.32314664874,1619873813772,34.9
node/704913839,52.5005827,13.3287854,"{""amenity"": ""post_box"", ""check_date:collection_times"": ""2026-08-23"", ""collection_times"": ""Mo-Fr 17:00; Sa 16:00"", ""operator"": ""Deutsche Post"", ""operator:wikidata"": ""Q157645"", ""operator:wikipedia"": ""de:Deutsche Post AG"", ""ref"": ""Meinekestr. 11, 10719 Berlin""}",1051282882069165,images_filtered/postbox_node_704913839_img_1051282882069165.jpg,52.500397,13.329081,303.8371,1493310296857,12.1
node/705685427,52.4857718,13.344015,"{""amenity"": ""post_box"", ""collection_times"": ""Mo-Fr 17:15; Sa 16:30"", ""operator"": ""Deutsche Post"", ""operator:wikidata"": ""Q157645"", ""operator:wikipedia"": ""de:Deutsche Post AG"", ""ref"": ""Salzburger Str. 1, 10825 Berlin""}",400222748609901,images_filtered/postbox_node_705685427_img_400222748609901.jpg,52.485547199972,13.344219799972,0,1497372929000,29.0
node/712845873,52.4766858,13.5376988,"{""amenity"": ""post_box"", ""collection_times"": ""Mo-Fr 17:00; Sa 11:45"", ""operator"": ""Deutsche Post"", ""operator:wikidata"": ""Q157645"", ""ref"": ""Verlängerte Waldowallee 42, 10318 Berlin""}",1547867743809244,images_filtered/postbox_node_712845873_img_1547867743809244.jpg,52.4767883,13.5377039,167,1788854826049,14.7
node/712851024,52.4927036,13.5610086,"{""amenity"": ""post_box"", ""collection_times"": ""Mo-Fr 16:00; Sa 13:15"", ""operator"": ""Deutsche Post"", ""operator:wikidata"": ""Q157645"", ""operator:wikipedia"": ""de:Deutsche Post AG"", ""ref"": ""Köpenicker Str. 140, 12683 Berlin""}",324828706592849,images_filtered/postbox_node_712851024_img_324828706592849.jpg,52.492868300002,13.561247800003,211.88461256027,1690577205143,9.6
node/715203870,52.4641804,13.2973328,"{""amenity"": ""post_box"", ""collection_times"": ""Mo-Fr 14:00,16:00; Sa 12:30"", ""operator"": ""Deutsche Post"", ""operator:wikidata"": ""Q157645"", ""ref"": ""Podbielskiallee 50, 14195 Berlin""}",1279081892488360,images_filtered/postbox_node_715203870_img_1279081892488360.jpg,52.4640932,13.297299799972,0,1498317967000,13.0
node/715203781,52.4944554,13.3236188,"{""amenity"": ""post_box"", ""check_date:collection_times"": ""2024-03-09"", ""collection_times"": ""Mo-Fr 17:00; Sa 16:15"", ""operator"": ""Deutsche Post"", ""operator:wikidata"": ""Q157645"", ""operator:wikipedia"": ""de:Deutsche Post AG"", ""ref"": ""Uhlandstr. 61, 10719 Berlin""}",1025302852924848,images_filtered/postbox_node_715203781_img_1025302852924848.jpg,52.494568932446,13.323715460739,176.60794034695,1750860322217,30.8
node/718143825,52.5055593,13.2370046,"{""amenity"": ""post_box"", ""collection_times"": ""Mo-Fr 17:15; Sa 14:30"", ""operator"": ""Deutsche Post"", ""operator:wikidata"": ""Q157645"", ""ref"": ""Kranzallee 19, 14055 Berlin""}",473204927437481,images_filtered/postbox_node_718143825_img_473204927437481.jpg,52.505618,13.236585,105.7996,1494315141691,2.9
node/718143829,52.5071368,13.2681502,"{""access"": ""yes"", ""addr:floor"": ""0"", ""amenity"": ""post_box"", ""collection_times"": ""Mo-Fr 17:15; Sa 14:30"", ""colour"": ""yellow"", ""covered"": ""no"", ""drive_through"": ""no"", ""indoor"": ""no"", ""level"": ""0"", ""material"": ""steel"", ""operator"": ""Deutsche Post"", ""operator:wikidata"": ""Q157645"", ""operator:wikipedia"": ""de:Deutsche Post AG"", ""post_box:type"": ""pillar"", ""ref"": ""Frankenallee 5, 14052 Berlin"", ""source"": ""survey"", ""support"": ""ground""}",298949675004165,images_filtered/postbox_node_718143829_img_298949675004165.jpg,52.506885,13.267831,57.43329,1495645677284,19.8
node/722560324,52.4339308,13.7062733,"{""amenity"": ""post_box"", ""collection_times"": ""Mo-Fr 16:45; Sa 12:30"", ""operator"": ""Deutsche Post"", ""operator:wikidata"": ""Q157645"", ""ref"": ""Fürstenwalder Allee/Rialtoring, 12589 Berlin""}",147761464042391,images_filtered/postbox_node_722560324_img_147761464042391.jpg,52.434003,13.706419,290.6981391217,1473850947337,59.8
node/722561565,52.4462356,13.6194849,"{""amenity"": ""post_box"", ""collection_times"": ""Mo-Fr 17:00, Sa 13:00"", ""operator"": ""Deutsche Post"", ""operator:wikidata"": ""Q157645"", ""operator:wikipedia"": ""de:Deutsche Post AG"", ""ref"": ""Müggelseedamm 129-131, 12587 Berlin""}",1347382488969405,images_filtered/postbox_node_722561565_img_1347382488969405.jpg,52.446179771845,13.619300415752,118.61827126158,1589027770684,55.0
node/727852096,52.4902032,13.3492194,"{""amenity"": ""post_box"", ""check_date:collection_times"": ""2025-11-19"", ""collection_times"": ""Mo-Fr 17:00; Sa 16:15"", ""operator"": ""Deutsche Post"", ""operator:wikidata"": ""Q157645"", ""operator:wikipedia"": ""de:Deutsche Post AG"", ""ref"": ""Eisenacher Str. 86, 10781 Berlin""}",1033084474122309,images_filtered/postbox_node_727852096_img_1033084474122309.jpg,52.490384127062,13.349033575517,101.30736248132,1634735680381,46.7
node/731948146,52.4989942,13.3685388,"{""amenity"": ""post_box"", ""check_date:collection_times"": ""2025-03-18"", ""collection_times"": ""Mo-Fr 17:30, Sa 14:15"", ""operator"": ""Deutsche Post"", ""operator:wikidata"": ""Q157645"", ""operator:wikipedia"": ""de:Deutsche Post AG"", ""ref"": ""Kurfürstenstr. 3a, 10785 Berlin""}",1203951393391842,images_filtered/postbox_node_731948146_img_1203951393391842.jpg,52.498976038818,13.368316898135,97.441322082101,1600067725473,15.1
node/731948146,52.4989942,13.3685388,"{""amenity"": ""post_box"", ""check_date:collection_times"": ""2025-03-18"", ""collection_times"": ""Mo-Fr 17:30, Sa 14:15"", ""operator"": ""Deutsche Post"", ""operator:wikidata"": ""Q157645"", ""operator:wikipedia"": ""de:Deutsche Post AG"", ""ref"": ""Kurfürstenstr. 3a, 10785 Berlin""}",1464421777233978,images_filtered/postbox_node_731948146_img_1464421777233978.jpg,52.498890208056,13.368329806111,100.093448,1497098163000,49.4
node/765566779,52.4318549,13.2591464,"{""amenity"": ""post_box"", ""check_date"": ""2025-02-12"", ""check_date:collection_times"": ""2025-02-12"", ""collection_times"": ""Mo-Fr 17:45; Sa 14:00"", ""operator"": ""Deutsche Post"", ""operator:wikidata"": ""Q157645"", ""operator:wikipedia"": ""de:Deutsche Post AG"", ""ref"": ""Teltower Damm 33, 14169 Berlin""}",1193404208556880,images_filtered/postbox_node_765566779_img_1193404208556880.jpg,52.432105,13.258901,101,1722403252044,48.1
node/753305554,52.5683092,13.4117746,"{""access"": ""yes"", ""addr:floor"": ""0"", ""amenity"": ""post_box"", ""check_date"": ""2024-10-13"", ""collection_times"": ""Mo-Fr 16:00; Sa 12:00; Su 21:00"", ""colour"": ""yellow"", ""covered"": ""no"", ""indoor"": ""no"", ""level"": ""0"", ""material"": ""metal"", ""operator"": ""Deutsche Post"", ""operator:wikidata"": ""Q157645"", ""operator:wikipedia"": ""de:Deutsche Post AG"", ""post_box:type"": ""pillar"", ""ref"": ""Berliner Str. 12, 13187 Berlin"", ""support"": ""ground"", ""wheelchair"": ""yes""}",1005388774760651,images_filtered/postbox_node_753305554_img_1005388774760651.jpg,52.568118,13.411928,10,1736849744745,36.0
node/767893740,52.6174031,13.2208832,"{""amenity"": ""post_box"", ""collection_times"": ""Mo-Fr 16:30; Sa 12:30"", ""operator"": ""Deutsche Post"", ""operator:wikidata"": ""Q157645"", ""ref"": ""Hennigsdorfer Str. 62, 13503 Berlin""}",530787714993811,images_filtered/postbox_node_767893740_img_530787714993811.jpg,52.617662530441,13.220993634326,169.20342901824,1592040158331,25.3
node/766728422,52.4917424,13.4128346,"{""amenity"": ""post_box"", ""check_date"": ""2026-07-09"", ""check_date:collection_times"": ""2026-07-09"", ""collection_times"": ""Mo-Fr 17:00; Sa 14:00"", ""operator"": ""Deutsche Post"", ""operator:wikidata"": ""Q157645"", ""operator:wikipedia"": ""de:Deutsche Post AG"", ""post_box:type"": ""lamp"", ""postal_code"": ""10967"", ""ref"": ""Urbanstr. 30, 10967 Berlin""}",1042352834043375,images_filtered/postbox_node_766728422_img_1042352834043375.jpg,52.491790191319,13.412790857268,102.18257828273,1728720347866,48.7
node/766875173,52.4358691,13.5409631,"{""amenity"": ""post_box"", ""check_date:collection_times"": ""2026-02-19"", ""collection_times"": ""Mo-Fr 15:15; Sa 12:30"", ""operator"": ""Deutsche Post"", ""operator:wikidata"": ""Q157645"", ""operator:wikipedia"": ""de:Deutsche Post AG"", ""ref"": ""Adlergestell 255, 12489 Berlin""}",1089875429150664,images_filtered/postbox_node_766875173_img_1089875429150664.jpg,52.435745,13.540981,337,1728380219730,18.0
node/775342936,52.4601554,13.3203764,"{""amenity"": ""post_box"", ""check_date"": ""2026-08-20"", ""check_date:collection_times"": ""2026-08-20"", ""collection_times"": ""Mo-Fr 15:45; Sa 13:30"", ""operator"": ""Deutsche Post"", ""operator:wikidata"": ""Q157645"", ""operator:wikipedia"": ""de:Deutsche Post AG"", ""ref"": ""Rothenburgstr./Zimmermannstr., 12163 Berlin""}",262408795565714,images_filtered/postbox_node_775342936_img_262408795565714.jpg,52.460051318611,13.320305440556,35.036872,1522429702000,12.5
node/794041225,52.5533794,13.5447005,"{""amenity"": ""post_box"", ""collection_times"": ""Mo-Fr 17:15; Sa 15:00"", ""operator"": ""Deutsche Post"", ""operator:wikidata"": ""Q157645"", ""operator:wikipedia"": ""de:Deutsche Post AG"", ""ref"": ""Bitterfelder Str./Wolfener Str., 12681 Berlin""}",1051019552684132,images_filtered/postbox_node_794041225_img_1051019552684132.jpg,52.553542,13.544424,131.9419836998,1700821603702,2.1
node/794041225,52.5533794,13.5447005,"{""amenity"": ""post_box"", ""collection_times"": ""Mo-Fr 17:15; Sa 15:00"", ""operator"": ""Deutsche Post"", ""operator:wikidata"": ""Q157645"", ""operator:wikipedia"": ""de:Deutsche Post AG"", ""ref"": ""Bitterfelder Str./Wolfener Str., 12681 Berlin""}",1014415119577073,images_filtered/postbox_node_794041225_img_1014415119577073.jpg,52.553537099999,13.544390900001,120.85758543015,1685554826295,9.1
node/805317218,52.4529525,13.5239151,"{""amenity"": ""post_box"", ""check_date:collection_times"": ""2025-07-06"", ""collection_times"": ""Mo-Fr 16:00; Sa 13:00"", ""operator"": ""Deutsche Post"", ""operator:wikidata"": ""Q157645"", ""operator:wikipedia"": ""de:Deutsche Post AG"", ""ref"": ""Rudower Str. 13, 12439 Berlin""}",1026845867008645,images_filtered/postbox_node_805317218_img_1026845867008645.jpg,52.453088167153,13.524328116465,291.23818108666,1788698969181,49.6
node/812276330,52.4358402,13.2984031,"{""amenity"": ""post_box"", ""check_date:collection_times"": ""2026-06-07"", ""collection_times"": ""Mo-Fr 15:00; Sa 12:00"", ""operator"": ""Deutsche Post"", ""operator:wikidata"": ""Q157645"", ""operator:wikipedia"": ""de:Deutsche Post AG"", ""post_box:type"": ""lamp"", ""ref"": ""Kadettenweg 54, 12205 Berlin"", ""support"": ""pole""}",227138015842960,images_filtered/postbox_node_812276330_img_227138015842960.jpg,52.435944582646,13.298391107602,216.70565795898,1500985406076,40.7
node/846601796,52.4847258,13.333303,"{""amenity"": ""post_box"", ""check_date:collection_times"": ""2024-08-09"", ""collection_times"": ""Mo-Fr 17:15, Sa 16:15"", ""operator"": ""Deutsche Post"", ""operator:wikidata"": ""Q157645"", ""operator:wikipedia"": ""de:Deutsche Post AG"", ""ref"": ""Prinzregentenstr. 69a, 10715 Berlin""}",1129992890810821,images_filtered/postbox_node_846601796_img_1129992890810821.jpg,52.484807311606,13.333020452422,167.07139591381,1592737537058,51.7
node/849518738,52.444534,13.599361,"{""amenity"": ""post_box"", ""collection_times"": ""Mo-Fr 14:00,16:15; Sa 13:00"", ""operator"": ""Deutsche Post"", ""operator:wikidata"": ""Q157645"", ""operator:wikipedia"": ""de:Deutsche Post AG"", ""ref"": ""Erlenstr./Anemonenstr., 12559 Berlin""}",3651726054932453,images_filtered/postbox_node_849518738_img_3651726054932453.jpg,52.444759177866,13.599541758225,229.49270629883,1621849165517,23.4
node/851275955,52.4630242,13.394392,"{""amenity"": ""post_box"", ""collection_times"": ""Mo-Fr 17:15; Sa 14:30"", ""operator"": ""Deutsche Post"", ""operator:wikidata"": ""Q157645"", ""operator:wikipedia"": ""de:Deutsche Post AG"", ""ref"": ""Felixstr. 18, 12099 Berlin""}",4190525230999927,images_filtered/postbox_node_851275955_img_4190525230999927.jpg,52.46280006992,13.394456120978,6.1926927366852,1494304421000,16.1
node/851572805,52.4052728,13.5308127,"{""amenity"": ""post_box"", ""collection_times"": ""Mo-Fr 17:15; Sa 12:45"", ""operator"": ""Deutsche Post"", ""operator:wikidata"": ""Q157645"", ""ref"": ""Venusstr. 79, 12524 Berlin""}",115903277709320,images_filtered/postbox_node_851572805_img_115903277709320.jpg,52.40509413452,13.530902063523,26.921478271484,1647774509742,43.9
node/851572805,52.4052728,13.5308127,"{""amenity"": ""post_box"", ""collection_times"": ""Mo-Fr 17:15; Sa 12:45"", ""operator"": ""Deutsche Post"", ""operator:wikidata"": ""Q157645"", ""ref"": ""Venusstr. 79, 12524 Berlin""}",1113184210129936,images_filtered/postbox_node_851572805_img_1113184210129936.jpg,52.405267,13.530659,43,1736252163692,43.5
node/861837728,52.4574649,13.383895,"{""amenity"": ""post_box"", ""check_date:collection_times"": ""2021-07-21"", ""collection_times"": ""Mo-Fr 14:00,16:30, Sa 13:45"", ""colour"": ""yellow"", ""material"": ""metal"", ""operator"": ""Deutsche Post"", ""operator:wikidata"": ""Q157645"", ""operator:wikipedia"": ""de:Deutsche Post AG"", ""ref"": ""Tempelhofer Damm 210, 12099 Berlin"", ""support"": ""pole""}",1657759498073374,images_filtered/postbox_node_861837728_img_1657759498073374.jpg,52.4577174,13.3840766,188.501,1688903364000,15.2
node/866869414,52.4921745,13.3925474,"{""amenity"": ""post_box"", ""collection_times"": ""Mo-Fr 16:15; Sa 14:45"", ""operator"": ""Deutsche Post"", ""operator:wikidata"": ""Q157645"", ""operator:wikipedia"": ""de:Deutsche Post AG"", ""ref"": ""Gneisenaustr. 97, 10961 Berlin""}",1088506858960471,images_filtered/postbox_node_866869414_img_1088506858960471.jpg,52.492063812434,13.392913460917,296.29580573326,1707490815006,0.1
node/866869414,52.4921745,13.3925474,"{""amenity"": ""post_box"", ""collection_times"": ""Mo-Fr 16:15; Sa 14:45"", ""operator"": ""Deutsche Post"", ""operator:wikidata"": ""Q157645"", ""operator:wikipedia"": ""de:Deutsche Post AG"", ""ref"": ""Gneisenaustr. 97, 10961 Berlin""}",1095140777677839,images_filtered/postbox_node_866869414_img_1095140777677839.jpg,52.492169807714,13.392715696258,286.3290873055,1621322512210,13.7
node/866869418,52.4957701,13.423413,"{""amenity"": ""post_box"", ""check_date"": ""2025-05-20"", ""collection_times"": ""Mo-Fr 15:00,17:00; Sa 14:00"", ""operator"": ""Deutsche Post"", ""operator:wikidata"": ""Q157645"", ""operator:wikipedia"": ""de:Deutsche Post AG"", ""post_box:apertures"": ""2"", ""post_box:type"": ""lamp"", ""postal_code"": ""10999"", ""ref"": ""Manteuffelstr. 66, 10999 Berlin"", ""support"": ""pole""}",1129832147502228,images_filtered/postbox_node_866869418_img_1129832147502228.jpg,52.495720088531,13.423156924558,111.78315789816,1600069488798,39.6
node/866869416,52.4907338,13.400867,"{""amenity"": ""post_box"", ""check_date"": ""2024-11-19"", ""collection_times"": ""Mo-Fr 17:45; Sa 14:30"", ""operator"": ""Deutsche Post"", ""operator:wikidata"": ""Q157645"", ""operator:wikipedia"": ""de:Deutsche Post AG"", ""post_box:apertures"": ""2"", ""post_box:type"": ""lamp"", ""postal_code"": ""10961"", ""ref"": ""Baerwaldstr. 45, 10961 Berlin""}",1355730648135334,images_filtered/postbox_node_866869416_img_1355730648135334.jpg,52.4905192,13.4009365,0,1497380710000,11.2
node/884859226,52.4577158,13.5382139,"{""amenity"": ""post_box"", ""collection_times"": ""Mo-Fr 17:00; Sa 13:30"", ""operator"": ""Deutsche Post"", ""operator:wikidata"": ""Q157645"", ""ref"": ""Scharnweberstr. 2, 12459 Berlin""}",1260494022747084,images_filtered/postbox_node_884859226_img_1260494022747084.jpg,52.457531,13.537994,52,1747724859294,16.1
node/905936060,52.4306313,13.2065087,"{""amenity"": ""post_box"", ""check_date"": ""2021-05-09"", ""collection_times"": ""Mo-Fr 16:45, Sa 11:30"", ""operator"": ""Deutsche Post"", ""operator:wikidata"": ""Q157645"", ""ref"": ""Von-Luck-Str. 29, 14129 Berlin""}",1646507852925577,images_filtered/postbox_node_905936060_img_1646507852925577.jpg,52.4305462,13.2065049,345,1738749505662,16.6
node/916562962,52.4940887,13.4356797,"{""access"": ""yes"", ""addr:floor"": ""0"", ""amenity"": ""post_box"", ""check_date"": ""2022-10-06"", ""collection_times"": ""Mo-Fr 14:45,17:15,21:30, Sa 14:15, Su 21:30"", ""colour"": ""yellow"", ""covered"": ""no"", ""indoor"": ""no"", ""material"": ""steel"", ""operator"": ""Deutsche Post"", ""operator:wikidata"": ""Q157645"", ""operator:wikipedia"": ""de:Deutsche Post AG"", ""post_box:apertures"": ""2"", ""post_box:type"": ""lamp"", ""postal_code"": ""10999"", ""ref"": ""Reichenberger Str. 109, 10999 Berlin"", ""source"": ""survey"", ""support"": ""pole""}",293620459090140,images_filtered/postbox_node_916562962_img_293620459090140.jpg,52.493996475872,13.436058852834,309.2831067238,1617111460633,17.5
node/913582616,52.5719605,13.4133188,"{""amenity"": ""post_box"", ""collection_times"": ""Mo-Fr 16:00; Sa 12:00"", ""drive_through"": ""no"", ""operator"": ""Deutsche Post"", ""operator:wikidata"": ""Q157645"", ""operator:wikipedia"": ""de:Deutsche Post AG"", ""ref"": ""Breite Str. 3, 13187 Berlin""}",109189764578146,images_filtered/postbox_node_913582616_img_109189764578146.jpg,52.572011163097,13.413456212089,233.00939941406,1555235244993,5.7
node/917143341,52.4186971,13.2586188,"{""amenity"": ""post_box"", ""check_date"": ""2022-05-15"", ""check_date:collection_times"": ""2024-05-16"", ""collection_times"": ""Mo-Fr 16:00; Sa 12:15"", ""operator"": ""Deutsche Post"", ""operator:wikidata"": ""Q157645"", ""operator:wikipedia"": ""de:Deutsche Post AG"", ""ref"": ""Adolfstr. 13, 14165 Berlin""}",2023976734432037,images_filtered/postbox_node_917143341_img_2023976734432037.jpg,52.4187825155,13.258459903312,73.477230398613,1632657759624,57.9
node/918357969,52.519106,13.2930263,"{""amenity"": ""post_box"", ""collection_times"": ""Mo-Fr 15:30; Sa 12:45"", ""operator"": ""Deutsche Post"", ""operator:wikidata"": ""Q157645"", ""operator:wikipedia"": ""de:Deutsche Post AG"", ""ref"": ""Spandauer Damm 27, 14059 Berlin""}",1038228752464310,images_filtered/postbox_node_918357969_img_1038228752464310.jpg,52.5192797,13.2929964,231,1784618388040,57.0
node/919876219,52.4898308,13.299979,"{""amenity"": ""post_box"", ""collection_times"": ""Mo-Fr 17:30; Sa 16:30"", ""operator"": ""Deutsche Post"", ""operator:wikidata"": ""Q157645"", ""operator:wikipedia"": ""de:Deutsche Post AG"", ""ref"": ""Seesener Str. 67, 10709 Berlin""}",2078538102740101,images_filtered/postbox_node_919876219_img_2078538102740101.jpg,52.4900134,13.299996,227,1784615084051,43.8
node/922407526,52.4191463,13.1571633,"{""amenity"": ""post_box"", ""check_date"": ""2022-09-09"", ""collection_times"": ""Mo-Fr 13:00,18:00,21:00; Sa 13:00; Su 09:15,21:00"", ""operator"": ""Deutsche Post"", ""operator:wikidata"": ""Q157645"", ""operator:wikipedia"": ""de:Deutsche Post AG"", ""ref"": ""Königstraße 56-57, 14109 Berlin""}",992345647966885,images_filtered/postbox_node_922407526_img_992345647966885.jpg,52.4193433,13.1574356,257.80785447567,1471771886953,37.7
node/937965488,52.4276841,13.4904299,"{""amenity"": ""post_box"", ""check_date"": ""2021-06-15"", ""collection_times"": ""Mo-Fr 15:00,16:15; Sa 13:30"", ""operator"": ""Deutsche Post"", ""operator:wikidata"": ""Q157645"", ""post_box:apertures"": ""2"", ""post_box:type"": ""lamp"", ""postal_code"": ""12357"", ""ref"": ""Ehrenpreisweg/Stubenrauchstr., 12357 Berlin"", ""support"": ""pole""}",826966358178626,images_filtered/postbox_node_937965488_img_826966358178626.jpg,52.427638416382,13.490168068737,38.354547650922,1449316339292,35.7
node/937965203,52.4097784,13.4775414,"{""amenity"": ""post_box"", ""brand"": ""Deutsche Post"", ""collection_times"": ""Mo-Fr 15:45; Sa 13:00"", ""operator"": ""Deutsche Post"", ""operator:wikidata"": ""Q157645"", ""operator:wikipedia"": ""de:Deutsche Post AG"", ""postal_code"": ""12355"", ""ref"": ""Groß-Ziethener Chaussee 135, 12355 Berlin""}",216760546500824,images_filtered/postbox_node_937965203_img_216760546500824.jpg,52.409744027109,13.477481738684,63.124118639128,1454759314419,16.5
node/937153132,52.4317547,13.4949119,"{""amenity"": ""post_box"", ""check_date"": ""2018-04-09"", ""collection_times"": ""Mo-Fr 17:45, Sa 14:00"", ""operator"": ""Deutsche Post"", ""operator:wikidata"": ""Q157645"", ""operator:wikipedia"": ""de:Deutsche Post AG"", ""ref"": ""Seidelbastweg/Stubenrauchstr., 12357 Berlin""}",1022058044993507,images_filtered/postbox_node_937153132_img_1022058044993507.jpg,52.43197,13.495171666667,216.1102227191,1434818362234,0.2
node/948655621,52.4070116,13.4848701,"{""amenity"": ""post_box"", ""collection_times"": ""Mo-Fr 18:00; Sa 14:15"", ""operator"": ""Deutsche Post"", ""operator:wikidata"": ""Q157645"", ""operator:wikipedia"": ""de:Deutsche Post AG"", ""ref"": ""Geflügelsteig/Rhodeländer Weg , 12355 Berlin""}",492762415372683,images_filtered/postbox_node_948655621_img_492762415372683.jpg,52.407125383664,13.484690822673,120.02287757991,1602932151546,16.1
node/956276773,52.403437,13.4988795,"{""amenity"": ""post_box"", ""check_date"": ""2020-09-12"", ""collection_times"": ""Mo-Fr 16:00; Sa 13:15"", ""operator"": ""Deutsche Post"", ""operator:wikidata"": ""Q157645"", ""operator:wikipedia"": ""de:Deutsche Post AG"", ""post_box:apertures"": ""2"", ""post_box:type"": ""lamp"", ""postal_code"": ""12355"", ""ref"": ""Straße 182/Straße 183, 12355 Berlin"", ""support"": ""pole""}",268582395016938,images_filtered/postbox_node_956276773_img_268582395016938.jpg,52.403496522505,13.498493721721,89.187604108512,1602932349533,15.0
node/962080051,52.4850236,13.6160359,"{""amenity"": ""post_box"", ""check_date:collection_times"": ""2023-11-22"", ""collection_times"": ""Mo-Fr 16:15; Sa 14:15"", ""operator"": ""Deutsche Post"", ""operator:wikidata"": ""Q157645"", ""ref"": ""Paul-Wegener-Str. / Lehnitzstr., 12623 Berlin""}",1370930293290718,images_filtered/postbox_node_962080051_img_1370930293290718.jpg,52.484943,13.616019899972,0,1560080993000,6.9
node/962080051,52.4850236,13.6160359,"{""amenity"": ""post_box"", ""check_date:collection_times"": ""2023-11-22"", ""collection_times"": ""Mo-Fr 16:15; Sa 14:15"", ""operator"": ""Deutsche Post"", ""operator:wikidata"": ""Q157645"", ""ref"": ""Paul-Wegener-Str. / Lehnitzstr., 12623 Berlin""}",118996826899753,images_filtered/postbox_node_962080051_img_118996826899753.jpg,52.4847918,13.615837499972,0,1560080997000,27.5
node/1005923708,52.5704683,13.5609233,"{""amenity"": ""post_box"", ""check_date:collection_times"": ""2025-09-27"", ""collection_times"": ""Mo-Fr 15:30; Sa 13:30"", ""drive_through"": ""no"", ""operator"": ""Deutsche Post"", ""operator:wikidata"": ""Q157645"", ""operator:wikipedia"": ""de:Deutsche Post AG"", ""ref"": ""Spinatweg/Schwarzwurzelstr., 12689 Berlin""}",1071638919994651,images_filtered/postbox_node_1005923708_img_1071638919994651.jpg,52.570256299972,13.5607789,0,1569674927000,22.5
node/1024127216,52.4268234,13.3014251,"{""amenity"": ""post_box"", ""check_date:collection_times"": ""2026-07-21"", ""collection_times"": ""Mo-Fr 15:30; Sa 12:45"", ""operator"": ""Deutsche Post"", ""operator:wikidata"": ""Q157645"", ""operator:wikipedia"": ""de:Deutsche Post AG"", ""ref"": ""Lausanner Str./Anna-Mackenroth-Weg, 12207 Berlin""}",211332740465618,images_filtered/postbox_node_1024127216_img_211332740465618.jpg,52.426798049126,13.301061658536,91.935241565484,1498746051484,8.5
node/1051173646,52.4094452,13.251851,"{""amenity"": ""post_box"", ""collection_times"": ""Mo-Fr 16:00; Sa 12:30"", ""last_checked"": ""2016-06-26"", ""operator"": ""Deutsche Post"", ""operator:wikidata"": ""Q157645"", ""operator:wikipedia"": ""de:Deutsche Post AG"", ""ref"": ""Lupsteiner Weg 2, 14165 Berlin""}",260225345849224,images_filtered/postbox_node_1051173646_img_260225345849224.jpg,52.409542975313,13.251910972793,252.6456038496,1502980414833,52.1
node/1046245836,52.5829309,13.2893565,"{""amenity"": ""post_box"", ""collection_times"": ""Mo-Fr 13:45,16:00; Sa 12:30"", ""operator"": ""Deutsche Post"", ""operator:wikidata"": ""Q157645"", ""operator:wikipedia"": ""de:Deutsche Post AG"", ""ref"": ""Berliner Str. 27, 13507 Berlin""}",1063863577474804,images_filtered/postbox_node_1046245836_img_1063863577474804.jpg,52.582815,13.289441666667,-1,1039348800000,23.1
node/1070670197,52.5352628,13.4806719,"{""amenity"": ""post_box"", ""collection_times"": ""Mo-Fr 15:30; Sa 12:00"", ""operator"": ""Deutsche Post"", ""operator:wikidata"": ""Q157645"", ""operator:wikipedia"": ""de:Deutsche Post AG"", ""ref"": ""Altenhofer Str. 21, 13055 Berlin""}",1070224743501110,images_filtered/postbox_node_1070670197_img_1070224743501110.jpg,52.53520916221,13.48053432071,34.292109333594,1614778363550,23.1
node/1083509497,52.5254767,13.1612778,"{""amenity"": ""post_box"", ""collection_times"": ""Mo-Sa 11:30"", ""operator"": ""Deutsche Post"", ""operator:wikidata"": ""Q157645"", ""operator:wikipedia"": ""de:Deutsche Post AG"", ""ref"": ""Cosmarweg 28, 13591 Berlin""}",744352986243860,images_filtered/postbox_node_1083509497_img_744352986243860.jpg,52.525276,13.161096,353.0107,1494486067873,35.8
node/1092006199,52.4135793,13.2536498,"{""amenity"": ""post_box"", ""check_date"": ""2024-08-29"", ""check_date:collection_times"": ""2024-08-29"", ""collection_times"": ""Mo-Fr 16:00; Sa 12:30"", ""operator"": ""Deutsche Post"", ""operator:wikidata"": ""Q157645"", ""operator:wikipedia"": ""de:Deutsche Post AG"", ""ref"": ""Lupsteiner Weg 53, 14165 Berlin""}",472687023818953,images_filtered/postbox_node_1092006199_img_472687023818953.jpg,52.41355494547,13.253823420731,337.61901861592,1506257048264,54.7
node/1086404584,52.4677851,13.3477779,"{""amenity"": ""post_box"", ""check_date"": ""2025-09-20"", ""collection_times"": ""Mo-Fr 15:45; Sa 12:30"", ""operator"": ""Deutsche Post"", ""operator:wikidata"": ""Q157645"", ""operator:wikipedia"": ""de:Deutsche Post AG"", ""post_box:apertures"": ""2"", ""post_box:type"": ""lamp"", ""postal_code"": ""12157"", ""ref"": ""Grazer Damm/Grazer Platz, 12157 Berlin"", ""support"": ""pole""}",2791113714485209,images_filtered/postbox_node_1086404584_img_2791113714485209.jpg,52.467716899972,13.347941699972,0,1558713356000,55.6
node/1092093073,52.459209,13.3879427,"{""amenity"": ""post_box"", ""collection_times"": ""Mo-Fr 14:00,17:15; Sa 14:15"", ""operator"": ""Deutsche Post"", ""operator:wikidata"": ""Q157645"", ""operator:wikipedia"": ""de:Deutsche Post AG"", ""ref"": ""Wenckebachstr. 23, 12099 Berlin""}",1430334394007878,images_filtered/postbox_node_1092093073_img_1430334394007878.jpg,52.4591299,13.3878295,0,1557845069000,41.1
node/1111382740,52.5264662,13.4512015,"{""amenity"": ""post_box"", ""check_date:collection_times"": ""2026-09-05"", ""collection_times"": ""Mo-Fr 17:15; Sa 14:15"", ""operator"": ""Deutsche Post"", ""operator:wikidata"": ""Q157645"", ""operator:wikipedia"": ""de:Deutsche Post AG"", ""ref"": ""Ebertystr. 5, 10249 Berlin""}",1177636563170341,images_filtered/postbox_node_1111382740_img_1177636563170341.jpg,52.526671565187,13.451246777562,146.93492603212,1688456933934,40.7
node/1111917095,52.5156294,13.4320117,"{""amenity"": ""post_box"", ""collection_times"": ""Mo-Fr 16:15, 17:30; Sa 14:30"", ""operator"": ""Deutsche Post"", ""operator:wikidata"": ""Q157645"", ""operator:wikipedia"": ""de:Deutsche Post AG"", ""ref"": ""Andreasstr. 52, 10243 Berlin""}",1292264844512981,images_filtered/postbox_node_1111917095_img_1292264844512981.jpg,52.515502260115,13.432225054142,10.23293633278,1660657674246,55.8
node/1142409185,52.4383673,13.2621465,"{""amenity"": ""post_box"", ""check_date:collection_times"": ""2023-10-26"", ""collection_times"": ""Mo-Fr 16:00; Sa 13:45"", ""operator"": ""Deutsche Post"", ""operator:wikidata"": ""Q157645"", ""operator:wikipedia"": ""de:Deutsche Post AG"", ""ref"": ""Clayallee 323, 14169 Berlin""}",1037078714892352,images_filtered/postbox_node_1142409185_img_1037078714892352.jpg,52.4381452,13.2624117,19.692,1753717706000,55.7
node/1163258633,52.5139165,13.2965274,"{""amenity"": ""post_box"", ""check_date:collection_times"": ""2026-04-03"", ""collection_times"": ""Mo-Fr 16:00; Sa 12:45"", ""operator"": ""Deutsche Post"", ""operator:wikidata"": ""Q157645"", ""operator:wikipedia"": ""de:Deutsche Post AG"", ""ref"": ""Schloßstr. 23/Knobelsdorffstr., 14059 Berlin""}",1062671737474478,images_filtered/postbox_node_1163258633_img_1062671737474478.jpg,52.5140815,13.2967372,173.16470223268,1600951023007,44.6
node/1198000131,52.4260741,13.3476589,"{""amenity"": ""post_box"", ""collection_times"": ""Mo-Fr 15:45; Sa 13:30"", ""operator"": ""Deutsche Post"", ""operator:wikidata"": ""Q157645"", ""operator:wikipedia"": ""de:Deutsche Post AG"", ""ref"": ""Gallwitzallee 111, 12249 Berlin""}",474803307105905,images_filtered/postbox_node_1198000131_img_474803307105905.jpg,52.42603096,13.34744165,34.551856994629,1405512134000,37.4
node/1201292797,52.5089106,13.6106629,"{""amenity"": ""post_box"", ""collection_times"": ""Mo-Fr 15:15; Sa 13:30"", ""operator"": ""Deutsche Post"", ""operator:wikidata"": ""Q157645"", ""operator:wikipedia"": ""de:Deutsche Post AG"", ""ref"": ""Wilhelmsmühlenweg/Waldowstr. 39, 12623 Berlin""}",1389918646060934,images_filtered/postbox_node_1201292797_img_1389918646060934.jpg,52.5089752,13.6109802,294,1788858028052,42.5
node/1200964418,52.506887,13.3011631,"{""amenity"": ""post_box"", ""check_date"": ""2024-12-13"", ""collection_times"": ""Mo-Fr 12:15, 15:00, 17:15, 18:30, 21:45; Sa 16:30; Su 21:45"", ""drive_through"": ""no"", ""operator"": ""Deutsche Post"", ""operator:wikidata"": ""Q157645"", ""operator:wikipedia"": ""de:Deutsche Post AG"", ""ref"": ""Kantstr. 69, 10627 Berlin""}",496929931455004,images_filtered/postbox_node_1200964418_img_496929931455004.jpg,52.506651599972,13.3012124,0,1592497263000,7.3
node/1204541852,52.5416931,13.1831381,"{""amenity"": ""post_box"", ""check_date:collection_times"": ""2026-06-16"", ""collection_times"": ""Mo-Fr 16:00; Sa 12:30"", ""operator"": ""Deutsche Post"", ""operator:wikidata"": ""Q157645"", ""ref"": ""Spekteweg 30, 13583 Berlin"", ""wheelchair"": ""yes""}",1828075367379929,images_filtered/postbox_node_1204541852_img_1828075367379929.jpg,52.541559753057,13.182913055656,102.19367368786,1634726967687,56.4
node/1204541852,52.5416931,13.1831381,"{""amenity"": ""post_box"", ""check_date:collection_times"": ""2026-06-16"", ""collection_times"": ""Mo-Fr 16:00; Sa 12:30"", ""operator"": ""Deutsche Post"", ""operator:wikidata"": ""Q157645"", ""ref"": ""Spekteweg 30, 13583 Berlin"", ""wheelchair"": ""yes""}",204156508445664,images_filtered/postbox_node_1204541852_img_204156508445664.jpg,52.54152484243,13.182737454784,52.741559961319,1634726964679,2.6
node/1212618118,52.479763,13.521785,"{""amenity"": ""post_box"", ""collection_times"": ""Mo-Fr 16:45; Sa 11:30"", ""operator"": ""Deutsche Post"", ""operator:wikidata"": ""Q157645"", ""operator:wikipedia"": ""de:Deutsche Post AG"", ""ref"": ""Ehrlichstr. 18, 10318 Berlin""}",1227204038785743,images_filtered/postbox_node_1212618118_img_1227204038785743.jpg,52.479916,13.521346,62,1747737108431,57.8
node/1208142485,52.5224807,13.4287309,"{""amenity"": ""post_box"", ""collection_times"": ""Mo-Fr 17:15; Sa 12:00"", ""note"": ""2 Briefkästen"", ""operator"": ""Deutsche Post"", ""operator:wikidata"": ""Q157645"", ""operator:wikipedia"": ""de:Deutsche Post AG"", ""ref"": ""Platz der Vereinten Nationen 14, 10249 Berlin""}",1012869582580414,images_filtered/postbox_node_1208142485_img_1012869582580414.jpg,52.522458066281,13.428367283208,102.22700084707,1583736825383,18.1
node/1231654284,52.3994456,13.1415802,"{""amenity"": ""post_box"", ""check_date"": ""2025-05-31"", ""collection_times"": ""Mo-Fr 16:00, Sa 12:00"", ""operator"": ""Deutsche Post"", ""operator:wikidata"": ""Q157645"", ""ref"": ""Neue Kreisstr., 14109 Berlin""}",108006208207053,images_filtered/postbox_node_1231654284_img_108006208207053.jpg,52.3993176,13.141265199972,0,1624786022000,56.3
node/1250478492,52.5200451,13.3472617,"{""access"": ""yes"", ""addr:floor"": ""0"", ""amenity"": ""post_box"", ""collection_times"": ""Mo-Fr 15:00,17:00,21:00, Sa 12:00, Su 21:00"", ""covered"": ""yes"", ""drive_through"": ""no"", ""indoor"": ""no"", ""level"": ""0"", ""material"": ""steel"", ""operator"": ""Deutsche Post"", ""operator:wikidata"": ""Q157645"", ""operator:wikipedia"": ""de:Deutsche Post AG"", ""post_box:type"": ""pillar"", ""ref"": ""Bartningallee 18, 10557 Berlin"", ""support"": ""ground"", ""wheelchair"": ""yes""}",1025575611580669,images_filtered/postbox_node_1250478492_img_1025575611580669.jpg,52.520210992348,13.346929954086,74.682037353516,1578837799062,54.7
node/1250478492,52.5200451,13.3472617,"{""access"": ""yes"", ""addr:floor"": ""0"", ""amenity"": ""post_box"", ""collection_times"": ""Mo-Fr 15:00,17:00,21:00, Sa 12:00, Su 21:00"", ""covered"": ""yes"", ""drive_through"": ""no"", ""indoor"": ""no"", ""level"": ""0"", ""material"": ""steel"", ""operator"": ""Deutsche Post"", ""operator:wikidata"": ""Q157645"", ""operator:wikipedia"": ""de:Deutsche Post AG"", ""post_box:type"": ""pillar"", ""ref"": ""Bartningallee 18, 10557 Berlin"", ""support"": ""ground"", ""wheelchair"": ""yes""}",1088157309197715,images_filtered/postbox_node_1250478492_img_1088157309197715.jpg,52.520137665744,13.347321330843,238.32208815779,1707833966115,36.9
node/1301687466,52.4614262,13.5935382,"{""amenity"": ""post_box"", ""check_date"": ""2020-08-10"", ""collection_times"": ""Mo-Fr 17:30; Sa 13:15"", ""operator"": ""Deutsche Post"", ""operator:wikidata"": ""Q157645"", ""ref"": ""Schmausstr. 23, 12555 Berlin""}",284904889963555,images_filtered/postbox_node_1301687466_img_284904889963555.jpg,52.461549362524,13.593970971478,243.6708823419,1455275849468,1.3
node/1298367148,52.6302677,13.3827246,"{""amenity"": ""post_box"", ""collection_times"": ""Mo-Fr 13:15; Sa 12:15"", ""drive_through"": ""no"", ""operator"": ""Deutsche Post"", ""operator:wikidata"": ""Q157645"", ""operator:wikipedia"": ""de:Deutsche Post AG"", ""ref"": ""Birnbaumring 94, 13159 Berlin""}",1142664229536315,images_filtered/postbox_node_1298367148_img_1142664229536315.jpg,52.630390617778,13.382462868333,163.374112,1485702521000,35.6
node/1336725192,52.4406303,13.2824893,"{""amenity"": ""post_box"", ""collection_times"": ""Mo-Fr 16:00,21:45; Sa 13:45; Su 21:45"", ""operator"": ""Deutsche Post"", ""operator:wikidata"": ""Q157645"", ""operator:wikipedia"": ""de:Deutsche Post AG"", ""ref"": ""Dahlemer Weg 7, 14169 Berlin""}",247122977186365,images_filtered/postbox_node_1336725192_img_247122977186365.jpg,52.440780107863,13.28230926767,180.04333281517,1471252920291,36.3
node/1331646328,52.4272087,13.7303241,"{""amenity"": ""post_box"", ""collection_times"": ""Mo-Fr 17:00, Sa 12:45"", ""operator"": ""Deutsche Post"", ""operator:wikidata"": ""Q157645"", ""ref"": ""Lindenstr./Lutherstr., 12589 Berlin""}",1373868893725663,images_filtered/postbox_node_1331646328_img_1373868893725663.jpg,52.4271747,13.7302525,57.881,1748696151000,5.8
node/1347365383,52.58572,13.2326349,"{""amenity"": ""post_box"", ""collection_times"": ""Mo-Fr 17:00; Sa 13:30"", ""operator"": ""Deutsche Post"", ""operator:wikidata"": ""Q157645"", ""operator:wikipedia"": ""de:Deutsche Post AG"", ""ref"": ""Spechtstr. 18, 13505 Berlin""}",476259073635925,images_filtered/postbox_node_1347365383_img_476259073635925.jpg,52.585912635599,13.232199652133,117.55541700852,1592040888841,8.5
node/1369822335,52.4870949,13.5236225,"{""amenity"": ""post_box"", ""check_date"": ""2026-01-01"", ""collection_times"": ""Mo-Fr 16:45; Sa 11:15"", ""operator"": ""Deutsche Post"", ""operator:wikidata"": ""Q157645"", ""operator:wikipedia"": ""de:Deutsche Post AG"", ""ref"": ""Hentigstr. 26, 10318 Berlin""}",1003739908957233,images_filtered/postbox_node_1369822335_img_1003739908957233.jpg,52.487138200279,13.523648412966,208.9787979126,1784368975153,9.0
node/1369822335,52.4870949,13.5236225,"{""amenity"": ""post_box"", ""check_date"": ""2026-01-01"", ""collection_times"": ""Mo-Fr 16:45; Sa 11:15"", ""operator"": ""Deutsche Post"", ""operator:wikidata"": ""Q157645"", ""operator:wikipedia"": ""de:Deutsche Post AG"", ""ref"": ""Hentigstr. 26, 10318 Berlin""}",2760133594380383,images_filtered/postbox_node_1369822335_img_2760133594380383.jpg,52.487019572605,13.523625871661,30.721435546875,1784368981572,32.3
node/1383533738,52.4516038,13.5351538,"{""amenity"": ""post_box"", ""collection_times"": ""Mo-Fr 16:00,Sa 13:00"", ""operator"": ""Deutsche Post"", ""operator:wikidata"": ""Q157645"", ""operator:wikipedia"": ""de:Deutsche Post AG"", ""ref"": ""Oberspreestraße 6, 12439 Berlin""}",1055563667374773,images_filtered/postbox_node_1383533738_img_1055563667374773.jpg,52.451805454726,13.534939079199,107.01028203127,1788689137071,40.0
node/1388652799,52.5439104,13.2386639,"{""access"": ""yes"", ""amenity"": ""post_box"", ""check_date:collection_times"": ""2024-01-05"", ""collection_times"": ""Mo-Fr 14:00,17:00; Sa 13:00"", ""drive_through"": ""no"", ""image"": ""https://www.mapillary.com/app/?pKey=426010853692110"", ""indoor"": ""no"", ""level"": ""0"", ""material"": ""metal"", ""operator"": ""Deutsche Post"", ""operator:wikidata"": ""Q157645"", ""operator:wikipedia"": ""de:Deutsche Post AG"", ""post_box:type"": ""pillar"", ""ref"": ""Haselhorster Damm 15, 13599 Berlin"", ""wheelchair"": ""yes""}",928883344345861,images_filtered/postbox_node_1388652799_img_928883344345861.jpg,52.544015000067,13.23873669994,156.74575970152,1565701003500,46.2
node/1409476634,52.4637889,13.3324337,"{""amenity"": ""post_box"", ""check_date:collection_times"": ""2024-12-07"", ""collection_times"": ""Mo-Fr 13:00,15:45,17:45; Sa 12:30"", ""operator"": ""Deutsche Post"", ""operator:wikidata"": ""Q157645"", ""operator:wikipedia"": ""de:Deutsche Post AG"", ""ref"": ""Feuerbachstr. (S-Bahnhof), 12163 Berlin""}",1077502466107637,images_filtered/postbox_node_1409476634_img_1077502466107637.jpg,52.463919444444,13.332647222222,266,1437849543000,41.1
node/1446063590,52.4149771,13.2663508,"{""amenity"": ""post_box"", ""check_date"": ""2026-06-01"", ""check_date:collection_times"": ""2024-06-20"", ""collection_times"": ""Mo-Fr 16:00; Sa 12:15"", ""direction"": ""350"", ""drive_through"": ""no"", ""operator"": ""Deutsche Post"", ""operator:wikidata"": ""Q157645"", ""operator:wikipedia"": ""de:Deutsche Post AG"", ""ref"": ""Teltower Damm 207, 14167 Berlin"", ""wheelchair"": ""yes""}",144947917600354,images_filtered/postbox_node_1446063590_img_144947917600354.jpg,52.414740510278,13.266321373889,348.098912,1497101810000,16.2
node/1485024079,52.5882664,13.3883694,"{""amenity"": ""post_box"", ""check_date"": ""2025-08-06"", ""check_date:collection_times"": ""2025-08-06"", ""collection_times"": ""Mo-Fr 16:00; Sa 12:00"", ""operator"": ""Deutsche Post"", ""operator:wikidata"": ""Q157645"", ""operator:wikipedia"": ""de:Deutsche Post AG"", ""ref"": ""Friedrich-Engels-Str. 95, 13156 Berlin""}",1092960751196801,images_filtered/postbox_node_1485024079_img_1092960751196801.jpg,52.588066445279,13.388592425958,342.98257978721,1438513381310,17.1
node/1485772908,52.4886064,13.3138555,"{""amenity"": ""post_box"", ""check_date:collection_times"": ""2025-06-02"", ""collection_times"": ""Mo-Fr 17:45; Sa 16:45"", ""operator"": ""Deutsche Post"", ""operator:wikidata"": ""Q157645"", ""operator:wikipedia"": ""de:Deutsche Post AG"", ""ref"": ""Barstr. 6, 10713 Berlin""}",198398658671880,images_filtered/postbox_node_1485772908_img_198398658671880.jpg,52.488398160834,13.313447283593,97.662904754544,1592737207550,47.6
node/1489447550,52.5130556,13.5765889,"{""amenity"": ""post_box"", ""collection_times"": ""Mo-Fr 15:30, 16:30; Sa 13:30"", ""operator"": ""Deutsche Post"", ""operator:wikidata"": ""Q157645"", ""operator:wikipedia"": ""de:Deutsche Post AG"", ""ref"": ""Briefzentrum 12, An der Gehren 3,, 12529 Berlin-Schönefeld""}",1043718999695450,images_filtered/postbox_node_1489447550_img_1043718999695450.jpg,52.51311186706,13.576528150601,91.234499351429,1592841134986,55.5
node/1547399761,52.5439646,13.5157596,"{""amenity"": ""post_box"", ""brand"": ""PIN AG"", ""check_date:collection_times"": ""2024-09-12"", ""collection_times"": ""Mo-Fr 18:00"", ""drive_through"": ""yes"", ""operator"": ""PIN AG"", ""postal_code"": ""13053""}",1058113807929424,images_filtered/postbox_node_1547399761_img_1058113807929424.jpg,52.543717003476,13.516169060034,354.1524386982,1586013317899,39.3
node/1565004702,52.4385477,13.3555677,"{""amenity"": ""post_box"", ""collection_times"": ""Mo-Fr 16:15, Sa 13:15"", ""operator"": ""Deutsche Post"", ""operator:wikidata"": ""Q157645"", ""operator:wikipedia"": ""de:Deutsche Post AG"", ""ref"": ""Alt-Lankwitz 33, 12247 Berlin""}",217512713168538,images_filtered/postbox_node_1565004702_img_217512713168538.jpg,52.438488567832,13.355593095704,320.63400268555,1504179928185,24.7
node/1554860223,52.5685222,13.4494376,"{""amenity"": ""post_box"", ""check_date:collection_times"": ""2024-08-12"", ""collection_times"": ""Mo-Fr 13:15; Sa 11:15"", ""operator"": ""Deutsche Post"", ""operator:wikidata"": ""Q157645"", ""operator:wikipedia"": ""de:Deutsche Post AG"", ""ref"": ""Alpnacher Weg 2, 13089 Berlin""}",1109795898070567,images_filtered/postbox_node_1554860223_img_1109795898070567.jpg,52.568391691942,13.449291363371,17.119812011719,1788867450114,17.1
node/1601176066,52.4776966,13.3150434,"{""amenity"": ""post_box"", ""check_date:collection_times"": ""2026-07-19"", ""collection_times"": ""Mo-Fr 16:00; Sa 13:00"", ""operator"": ""Deutsche Post"", ""operator:wikidata"": ""Q157645"", ""ref"": ""Hanauer Str. 67, 14197 Berlin""}",1142051976279167,images_filtered/postbox_node_1601176066_img_1142051976279167.jpg,52.477725,13.315355555556,292,1442059806000,30.5
node/1613860424,52.4673955,13.3311757,"{""amenity"": ""post_box"", ""collection_times"": ""Mo-Fr 14:00,16:15, Sa 12:15"", ""colour"": ""yellow"", ""direction"": ""120"", ""operator"": ""Deutsche Post"", ""operator:wikidata"": ""Q157645"", ""operator:wikipedia"": ""de:Deutsche Post AG"", ""ref"": ""Rheinstr. 49-54, 12161 Berlin""}",1003150953758375,images_filtered/postbox_node_1613860424_img_1003150953758375.jpg,52.4671572,13.3307914,0,1559932401000,44.5
node/1617465132,52.434077,13.2869418,"{""amenity"": ""post_box"", ""check_date:collection_times"": ""2025-11-11"", ""collection_times"": ""Mo-Fr 15:15; Sa 12:15"", ""operator"": ""Deutsche Post"", ""operator:wikidata"": ""Q157645"", ""operator:wikipedia"": ""de:Deutsche Post AG"", ""ref"": ""Weißwasserweg/Lotzestr., 12205 Berlin""}",1173134279784643,images_filtered/postbox_node_1617465132_img_1173134279784643.jpg,52.434298111934,13.28736902996,206.64384778402,1495878454000,23.0
node/1632268553,52.4363247,13.3039468,"{""amenity"": ""post_box"", ""collection_times"": ""Mo-Fr 16:30; Sa 12:45"", ""operator"": ""Deutsche Post"", ""operator:wikidata"": ""Q157645"", ""operator:wikipedia"": ""de:Deutsche Post AG"", ""ref"": ""Drakestr. 68c, 12205 Berlin""}",1056499633019127,images_filtered/postbox_node_1632268553_img_1056499633019127.jpg,52.436523,13.3039104,145.037,1748115880000,28.6
node/1639362000,52.4712328,13.3278824,"{""amenity"": ""post_box"", ""collection_times"": ""Mo-Fr 14:00, 16:00, 17:45; Sa 13:00"", ""collection_times:signed"": ""no"", ""operator"": ""Deutsche Post"", ""operator:wikidata"": ""Q157645"", ""operator:wikipedia"": ""de:Deutsche Post AG"", ""ref"": ""Goßlerstr./Friedrich-Wilhelm-Platz, 12161 Berlin""}",112708687550983,images_filtered/postbox_node_1639362000_img_112708687550983.jpg,52.471213888889,13.328016666667,237,1609585899000,46.0
node/1678447817,52.4628254,13.3383999,"{""amenity"": ""post_box"", ""check_date:collection_times"": ""2024-07-22"", ""collection_times"": ""Mo-Fr 15:45; Sa 12:30"", ""operator"": ""Deutsche Post"", ""operator:wikidata"": ""Q157645"", ""operator:wikipedia"": ""de:Deutsche Post AG"", ""ref"": ""Sachsenwaldstr. 9, 12157 Berlin""}",2017348971747828,images_filtered/postbox_node_1678447817_img_2017348971747828.jpg,52.462767399972,13.3385078,0,1563023604000,48.6
node/1708709775,52.4439743,13.2610728,"{""amenity"": ""post_box"", ""collection_times"": ""Mo-Fr 16:00; Sa 13:15"", ""operator"": ""Deutsche Post"", ""operator:wikidata"": ""Q157645"", ""operator:wikipedia"": ""de:Deutsche Post AG"", ""ref"": ""Riemeisterstr. 39, 14169 Berlin""}",205028177868970,images_filtered/postbox_node_1708709775_img_205028177868970.jpg,52.444127777778,13.260675,155,1440929503000,32.7
node/1745576515,52.5688421,13.5410554,"{""amenity"": ""post_box"", ""collection_times"": ""Mo-Fr 13:30; Sa 12:00"", ""operator"": ""Deutsche Post"", ""operator:wikidata"": ""Q157645"", ""ref"": ""Dorfstr. 14, 13057 Berlin""}",1108442049660608,images_filtered/postbox_node_1745576515_img_1108442049660608.jpg,52.568854121389,13.541372185556,296.41296,1487520607000,30.0
node/1792791225,52.5881415,13.2762216,"{""amenity"": ""post_box"", ""collection_times"": ""Mo-Fr 17:00, Sa 12:00"", ""operator"": ""Deutsche Post"", ""operator:wikidata"": ""Q157645"", ""ref"": ""Alt-Tegel 40, 13507 Berlin""}",1420903304923282,images_filtered/postbox_node_1792791225_img_1420903304923282.jpg,52.588164852981,13.276449143899,248.83187433384,1593154810062,11.6
node/1792791225,52.5881415,13.2762216,"{""amenity"": ""post_box"", ""collection_times"": ""Mo-Fr 17:00, Sa 12:00"", ""operator"": ""Deutsche Post"", ""operator:wikidata"": ""Q157645"", ""ref"": ""Alt-Tegel 40, 13507 Berlin""}",152121883551576,images_filtered/postbox_node_1792791225_img_152121883551576.jpg,52.588162757505,13.27635040508,275.25708572803,1593154812063,20.5
node/1903236888,52.5385388,13.5506725,"{""amenity"": ""post_box"", ""check_date:collection_times"": ""2024-09-27"", ""collection_times"": ""Mo-Fr 14:45; Sa 14:00"", ""operator"": ""Deutsche Post"", ""operator:wikidata"": ""Q157645"", ""operator:wikipedia"": ""de:Deutsche Post AG"", ""ref"": ""Pekrunstr. 30, 12685 Berlin""}",861646567769150,images_filtered/postbox_node_1903236888_img_861646567769150.jpg,52.5383599,13.550777099972,-1,1619542018048,18.6
node/1903236888,52.5385388,13.5506725,"{""amenity"": ""post_box"", ""check_date:collection_times"": ""2024-09-27"", ""collection_times"": ""Mo-Fr 14:45; Sa 14:00"", ""operator"": ""Deutsche Post"", ""operator:wikidata"": ""Q157645"", ""operator:wikipedia"": ""de:Deutsche Post AG"", ""ref"": ""Pekrunstr. 30, 12685 Berlin""}",163886152338504,images_filtered/postbox_node_1903236888_img_163886152338504.jpg,52.538404399972,13.550812399972,-1,1619542019048,31.3
node/1931497968,52.5264921,13.3241107,"{""amenity"": ""post_box"", ""check_date"": ""2026-05-19"", ""check_date:collection_times"": ""2026-05-19"", ""collection_times"": ""Mo-Fr 00:00-23:59"", ""operator"": ""PIN Mail"", ""operator:type"": ""private"", ""operator:wikidata"": ""Q1342288"", ""operator:wikipedia"": ""de:PIN Mail""}",134979762012383,images_filtered/postbox_node_1931497968_img_134979762012383.jpg,52.526244599972,13.324326199972,0,1562339208000,27.9
node/1950308535,52.6284999,13.2861953,"{""amenity"": ""post_box"", ""collection_times"": ""Mo-Fr 16:00; Sa 13:00"", ""operator"": ""Deutsche Post"", ""operator:wikidata"": ""Q157645"", ""ref"": ""Welfenallee 37-43, 13465 Berlin""}",1046617496558244,images_filtered/postbox_node_1950308535_img_1046617496558244.jpg,52.628333333333,13.285987,73.90563249588,1705995022349,36.7
node/1950308538,52.6342363,13.2752234,"{""amenity"": ""post_box"", ""collection_times"": ""Mo-Fr 16:00; Sa 13:00"", ""operator"": ""Deutsche Post"", ""operator:wikidata"": ""Q157645"", ""ref"": ""Maximiliankorso 47, 13465 Berlin""}",1451809481839678,images_filtered/postbox_node_1950308538_img_1451809481839678.jpg,52.634335,13.2755021,272.83768594833,1564921948000,33.1
node/1950308536,52.6329465,13.2880037,"{""amenity"": ""post_box"", ""check_date:collection_times"": ""2024-08-10"", ""collection_times"": ""Mo-Fr 16:00; Sa 13:00"", ""operator"": ""Deutsche Post"", ""operator:wikidata"": ""Q157645"", ""operator:wikipedia"": ""de:Deutsche Post AG"", ""ref"": ""Ludolfinger-Pl. 4, 13465 Berlin""}",1020024805472180,images_filtered/postbox_node_1950308536_img_1020024805472180.jpg,52.632841666667,13.288344444444,299,1613892129000,2.1
node/1950308536,52.6329465,13.2880037,"{""amenity"": ""post_box"", ""check_date:collection_times"": ""2024-08-10"", ""collection_times"": ""Mo-Fr 16:00; Sa 13:00"", ""operator"": ""Deutsche Post"", ""operator:wikidata"": ""Q157645"", ""operator:wikipedia"": ""de:Deutsche Post AG"", ""ref"": ""Ludolfinger-Pl. 4, 13465 Berlin""}",1116087315562508,images_filtered/postbox_node_1950308536_img_1116087315562508.jpg,52.632977777778,13.287730555556,141,1613893996000,40.3
node/1950308541,52.6269755,13.2671584,"{""amenity"": ""post_box"", ""collection_times"": ""Mo-Fr 16:00; Sa 13:00"", ""operator"": ""Deutsche Post"", ""operator:wikidata"": ""Q157645"", ""ref"": ""Am Eichenhain 9, 13465 Berlin""}",160249589382201,images_filtered/postbox_node_1950308541_img_160249589382201.jpg,52.6271022,13.267122699972,165.38407567484,1564922107000,4.9
node/2034815458,52.4174392,13.580417,"{""amenity"": ""post_box"", ""collection_times"": ""Mo-Fr 17:30, Sa 12:30"", ""operator"": ""Deutsche Post"", ""operator:wikidata"": ""Q157645"", ""operator:wikipedia"": ""de:Deutsche Post AG"", ""ref"": ""Regattastr. 128, 12527 Berlin""}",313840460234050,images_filtered/postbox_node_2034815458_img_313840460234050.jpg,52.417570031297,13.580329092232,153.17568348153,1614165614574,4.5
node/2100175047,52.5847788,13.2268931,"{""amenity"": ""post_box"", ""collection_times"": ""Mo-Fr 17:00; Sa 13:30"", ""operator"": ""Deutsche Post"", ""operator:wikidata"": ""Q157645"", ""operator:wikipedia"": ""de:Deutsche Post AG"", ""ref"": ""Am Falkenplatz 1-3, 13505 Berlin""}",166480088613373,images_filtered/postbox_node_2100175047_img_166480088613373.jpg,52.584621319444,13.227130612222,339.540064,1488717673000,22.0
node/2132619112,52.5418719,13.5711338,"{""amenity"": ""post_box"", ""collection_times"": ""Mo-Fr 15:15; Sa 11:15"", ""operator"": ""Deutsche Post"", ""operator:wikidata"": ""Q157645"", ""operator:wikipedia"": ""de:Deutsche Post AG"", ""ref"": ""Krummenseer Str. 4, 12685 Berlin""}",3967922416655193,images_filtered/postbox_node_2132619112_img_3967922416655193.jpg,52.542007975329,13.57139842586,284.49720066015,1615026306390,54.7
node/2136199341,52.5372829,13.58975,"{""amenity"": ""post_box"", ""collection_times"": ""Mo-Fr 15:45; Sa 13:00"", ""operator"": ""Deutsche Post"", ""operator:wikidata"": ""Q157645"", ""operator:wikipedia"": ""de:Deutsche Post AG"", ""ref"": ""Gothaer Str. 45, 12629 Berlin""}",143384577757598,images_filtered/postbox_node_2136199341_img_143384577757598.jpg,52.537235321024,13.589875401807,282.7253112793,1550065803542,19.2
node/2157243843,52.4650722,13.1623377,"{""amenity"": ""post_box"", ""collection_times"": ""Mo-Fr 17:00, Sa 12:00, Su-Fr 20:45, Su 12:00"", ""operator"": ""Deutsche Post"", ""operator:wikidata"": ""Q157645"", ""operator:wikipedia"": ""de:Deutsche Post AG"", ""ref"": ""Kladower Damm (General-Steinhoff-Kaserne), 14089 Berlin""}",537514807236872,images_filtered/postbox_node_2157243843_img_537514807236872.jpg,52.465117676111,13.162619378333,220.833232,1524406683000,34.3
node/2264764090,52.6173878,13.4886997,"{""amenity"": ""post_box"", ""collection_times"": ""Mo-Fr 14:00,16:15,21:00; Sa 10:45; Su 21:00"", ""drive_through"": ""no"", ""operator"": ""Deutsche Post"", ""operator:wikidata"": ""Q157645"", ""ref"": ""Achillesstr. 60, 13125 Berlin""}",1028218286630208,images_filtered/postbox_node_2264764090_img_1028218286630208.jpg,52.617558008109,13.488825280232,162.91405487061,1786365977266,41.2
node/2299789187,52.5374952,13.3415803,"{""amenity"": ""post_box"", ""collection_times"": ""Mo-Fr 17:00; Sa 12:00"", ""operator"": ""Deutsche Post"", ""operator:wikidata"": ""Q157645"", ""ref"": ""Westhafenstr. 1-3, 13353 Berlin""}",1033956889359713,images_filtered/postbox_node_2299789187_img_1033956889359713.jpg,52.5376459491,13.34195061588,260.39695739746,1785066082568,24.2
node/2318753930,52.4020909,13.5426773,"{""amenity"": ""post_box"", ""collection_times"": ""Mo-Fr 16:45, Sa 11:45"", ""operator"": ""Deutsche Post"", ""operator:wikidata"": ""Q157645"", ""operator:wikipedia"": ""de:Deutsche Post AG"", ""post_box:type"": ""pillar"", ""ref"": ""Ehrenfelder Platz, 12524 Berlin""}",147694530669790,images_filtered/postbox_node_2318753930_img_147694530669790.jpg,52.401930639998,13.542360413177,97,1580994750000,46.7
node/2415140803,52.4621007,13.1593935,"{""amenity"": ""post_box"", ""collection_times"": ""Mo-Sa 16:00; Su 12:00"", ""operator"": ""Deutsche Post"", ""operator:wikidata"": ""Q157645"", ""ref"": ""Kladower Damm 221, 14089 Berlin""}",1391632067866270,images_filtered/postbox_node_2415140803_img_1391632067866270.jpg,52.46227742,13.15902663,75.283218383789,1406034745000,53.0
node/2287024832,52.5240888,13.3706219,"{""amenity"": ""post_box"", ""check_date"": ""2025-05-25"", ""check_date:collection_times"": ""2025-04-09"", ""collection_times"": ""Mo-Fr 16:45,18:30, Sa 12:15"", ""note"": ""aktuell verschlossen und nicht nutzbar (2025-05-25)"", ""operator"": ""Deutsche Post"", ""operator:wikidata"": ""Q157645"", ""operator:wikipedia"": ""de:Deutsche Post AG"", ""post_box:type"": ""pillar"", ""ref"": ""Washingtonplatz 1, 10557 Berlin""}",1001696559356912,images_filtered/postbox_node_2287024832_img_1001696559356912.jpg,52.524124849637,13.370761144919,197.17806243896,1784990365529,49.8
node/2593693151,52.4595478,13.3391426,"{""amenity"": ""post_box"", ""collection_times"": ""Mo-Fr 16:00; Sa 12:45"", ""operator"": ""Deutsche Post"", ""operator:wikidata"": ""Q157645"", ""operator:wikipedia"": ""de:Deutsche Post AG"", ""ref"": ""Friedrichsruher Str./Bismarckstr., 12169 Berlin""}",195499438969939,images_filtered/postbox_node_2593693151_img_195499438969939.jpg,52.459286599972,13.339315199972,0,1588130432000,21.9
node/2555243006,52.5435249,13.3695423,"{""amenity"": ""post_box"", ""check_date"": ""2026-08-30"", ""check_date:collection_times"": ""2026-08-30"", ""collection_times"": ""Mo-Fr 17:00; Sa 12:00"", ""covered"": ""no"", ""indoor"": ""no"", ""material"": ""plastic"", ""operator"": ""Deutsche Post"", ""operator:wikidata"": ""Q157645"", ""operator:wikipedia"": ""de:Deutsche Post AG"", ""post_box:type"": ""lamp"", ""ref"": ""Reinickendorfer Str. 112, 12347 Berlin"", ""support"": ""pole""}",1215997193473436,images_filtered/postbox_node_2555243006_img_1215997193473436.jpg,52.543616588276,13.369545014588,186.12678824098,1728747411899,5.1
node/2555243006,52.5435249,13.3695423,"{""amenity"": ""post_box"", ""check_date"": ""2026-08-30"", ""check_date:collection_times"": ""2026-08-30"", ""collection_times"": ""Mo-Fr 17:00; Sa 12:00"", ""covered"": ""no"", ""indoor"": ""no"", ""material"": ""plastic"", ""operator"": ""Deutsche Post"", ""operator:wikidata"": ""Q157645"", ""operator:wikipedia"": ""de:Deutsche Post AG"", ""post_box:type"": ""lamp"", ""ref"": ""Reinickendorfer Str. 112, 12347 Berlin"", ""support"": ""pole""}",1052940822021314,images_filtered/postbox_node_2555243006_img_1052940822021314.jpg,52.543631130878,13.369553228853,168.79928432925,1661007860259,14.8
node/2555243006,52.5435249,13.3695423,"{""amenity"": ""post_box"", ""check_date"": ""2026-08-30"", ""check_date:collection_times"": ""2026-08-30"", ""collection_times"": ""Mo-Fr 17:00; Sa 12:00"", ""covered"": ""no"", ""indoor"": ""no"", ""material"": ""plastic"", ""operator"": ""Deutsche Post"", ""operator:wikidata"": ""Q157645"", ""operator:wikipedia"": ""de:Deutsche Post AG"", ""post_box:type"": ""lamp"", ""ref"": ""Reinickendorfer Str. 112, 12347 Berlin"", ""support"": ""pole""}",107605198874703,images_filtered/postbox_node_2555243006_img_107605198874703.jpg,52.543677063708,13.369483910513,175.60586282303,1676123770233,8.7
node/2640205338,52.4097604,13.3027926,"{""amenity"": ""post_box"", ""collection_times"": ""Mo-Fr 16:00; Sa 13:00"", ""operator"": ""Deutsche Post"", ""operator:wikidata"": ""Q157645"", ""operator:wikipedia"": ""de:Deutsche Post AG"", ""ref"": ""Holtheimer Weg/Westfalenring, 12207 Berlin"", ""wheelchair"": ""yes""}",368856607891250,images_filtered/postbox_node_2640205338_img_368856607891250.jpg,52.409782355496,13.302409062589,78.146057128906,1502733758875,17.2
node/2601366730,52.4393248,13.3878776,"{""amenity"": ""post_box"", ""brand"": ""Deutsche Post"", ""check_date"": ""2024-12-15"", ""collection_times"": ""Mo-Fr 15:00,17:00; Sa 14:15"", ""colour"": ""yellow"", ""level"": ""0"", ""note"": ""zwei gleiche Briefkästen nebeneinander"", ""operator"": ""Deutsche Post"", ""operator:wikidata"": ""Q157645"", ""operator:wikipedia"": ""de:Deutsche Post AG"", ""post_box:apertures"": ""2"", ""post_box:type"": ""lamp"", ""ref"": ""Mariendorfer Damm/Reißeckstr., 12107 Berlin"", ""support"": ""pole""}",1412215532472414,images_filtered/postbox_node_2601366730_img_1412215532472414.jpg,52.43922560015,13.38780297899,358.50080612401,1618587355560,26.1
node/2784503353,52.6268164,13.3116676,"{""amenity"": ""post_box"", ""collection_times"": ""Mo-Fr 16:00; Sa 13:00"", ""drive_through"": ""no"", ""operator"": ""Deutsche Post"", ""operator:wikidata"": ""Q157645"", ""ref"": ""Berliner Str. 63, 13467 Berlin""}",1128781905951908,images_filtered/postbox_node_2784503353_img_1128781905951908.jpg,52.6269641,13.3115272,146,1749555675089,4.0
node/2784503353,52.6268164,13.3116676,"{""amenity"": ""post_box"", ""collection_times"": ""Mo-Fr 16:00; Sa 13:00"", ""drive_through"": ""no"", ""operator"": ""Deutsche Post"", ""operator:wikidata"": ""Q157645"", ""ref"": ""Berliner Str. 63, 13467 Berlin""}",4073793946041341,images_filtered/postbox_node_2784503353_img_4073793946041341.jpg,52.627037018333,13.311471333611,169.415808,1522689391000,17.8
node/2864527562,52.4185219,13.4349778,"{""amenity"": ""post_box"", ""check_date:collection_times"": ""2026-05-15"", ""collection_times"": ""Mo-Fr 16:45; Sa 13:00"", ""drive_through"": ""no"", ""operator"": ""Deutsche Post"", ""operator:wikidata"": ""Q157645"", ""operator:wikipedia"": ""de:Deutsche Post AG"", ""ref"": ""Christoph-Ruden-Str./Kestenzeile, 12349 Berlin""}",181816053721800,images_filtered/postbox_node_2864527562_img_181816053721800.jpg,52.4183267,13.434953099972,0,1571840614000,4.4
node/2993654762,52.5403947,13.4283815,"{""amenity"": ""post_box"", ""check_date:collection_times"": ""2025-01-26"", ""collection_times"": ""Mo-Fr 17:15; Sa 12:15"", ""operator"": ""Deutsche Post"", ""operator:wikidata"": ""Q157645"", ""operator:wikipedia"": ""de:Deutsche Post AG"", ""ref"": ""Diesterwegstr. 12, 10405 Berlin""}",1071239650400471,images_filtered/postbox_node_2993654762_img_1071239650400471.jpg,52.540330699972,13.428439499972,0,1649868225000,28.9
node/3045761943,52.5751683,13.5180576,"{""amenity"": ""post_box"", ""collection_times"": ""Mo-Fr 15:45; Sa 11:30"", ""operator"": ""Deutsche Post"", ""operator:wikidata"": ""Q157645"", ""ref"": ""Lindenberger Str. 1, 13059 Berlin""}",1200784200391703,images_filtered/postbox_node_3045761943_img_1200784200391703.jpg,52.5750705,13.5180421,0,1563301052000,5.5
node/3068201025,52.4137905,13.4013003,"{""amenity"": ""post_box"", ""collection_times"": ""Mo-Fr 17:30; Sa 13:00"", ""operator"": ""Deutsche Post"", ""operator:wikidata"": ""Q157645"", ""operator:wikipedia"": ""de:Deutsche Post AG"", ""ref"": ""Lichtenrader Damm 6, 12305 Berlin""}",327665285392015,images_filtered/postbox_node_3068201025_img_327665285392015.jpg,52.413830570925,13.401267416788,163.86825891052,1602929701419,10.5
node/3081682941,52.4856031,13.3383688,"{""amenity"": ""post_box"", ""check_date:collection_times"": ""2025-09-20"", ""collection_times"": ""Mo-Fr 17:30; Sa 16:45"", ""operator"": ""Deutsche Post"", ""operator:wikidata"": ""Q157645"", ""operator:wikipedia"": ""de:Deutsche Post AG"", ""ref"": ""Badensche Str. 51, 10825 Berlin""}",1244554920023338,images_filtered/postbox_node_3081682941_img_1244554920023338.jpg,52.4856871,13.3381962,93.891,1748604681000,34.7
node/3112787173,52.4588687,13.3845267,"{""amenity"": ""post_box"", ""check_date"": ""2025-01-12"", ""collection_times"": ""Mo-Fr 14:00,17:30; Sa 14:15; Su,PH off"", ""colour"": ""yellow"", ""material"": ""metal"", ""operator"": ""Deutsche Post"", ""operator:wikidata"": ""Q157645"", ""operator:wikipedia"": ""de:Deutsche Post AG"", ""post_box:type"": ""lamp"", ""postal_code"": ""12099"", ""ref"": ""Tempelhofer Damm 195, 12099 Berlin"", ""support"": ""pole""}",1091259362561416,images_filtered/postbox_node_3112787173_img_1091259362561416.jpg,52.459052777778,13.384386111111,206,1718461358575,51.0
node/3131745781,52.478932,13.4740163,"{""amenity"": ""post_box"", ""check_date"": ""2026-05-27"", ""check_date:collection_times"": ""2026-05-27"", ""collection_times"": ""Mo-Fr 17:15; Sa 14:15"", ""drive_through"": ""no"", ""operator"": ""Deutsche Post"", ""operator:wikidata"": ""Q157645"", ""operator:wikipedia"": ""de:Deutsche Post AG"", ""post_box:type"": ""lamp"", ""postal_code"": ""12435"", ""ref"": ""Plänterwald (S-Bahnhof), 12435 Berlin""}",215053950174567,images_filtered/postbox_node_3131745781_img_215053950174567.jpg,52.478668341209,13.473892844334,0,1597566276307,15.9
node/3246050907,52.4244387,13.5440374,"{""amenity"": ""post_box"", ""collection_times"": ""Mo-Fr 16:45; Sa 12:00"", ""operator"": ""Deutsche Post"", ""operator:wikidata"": ""Q157645"", ""ref"": ""Köpenicker Str. (Eingang Spreetal), 12524 Berlin""}",1226761955188605,images_filtered/postbox_node_3246050907_img_1226761955188605.jpg,52.424413,13.543652,85,1728379861370,1.2
node/3267343772,52.4221781,13.4605108,"{""amenity"": ""post_box"", ""collection_times"": ""Mo-Fr 16:30; Sa 13:30"", ""operator"": ""Deutsche Post"", ""operator:wikidata"": ""Q157645"", ""ref"": ""Kölner Damm 2-4, 12353 Berlin""}",313483293492412,images_filtered/postbox_node_3267343772_img_313483293492412.jpg,52.422023199972,13.4607606,0,1551020388000,44.5
node/3280484308,52.5793957,13.3087019,"{""amenity"": ""post_box"", ""operator"": ""PIN Mail"", ""operator:type"": ""private"", ""operator:wikidata"": ""Q1342288""}",291977649227990,images_filtered/postbox_node_3280484308_img_291977649227990.jpg,52.5792419,13.3089447,287.99485087395,1472654235857,28.2
node/3303100078,52.4418276,13.2305196,"{""amenity"": ""post_box"", ""collection_times"": ""Mo-Fr 16:00; Sa 13:30"", ""last_checked"": ""2016-06-12"", ""operator"": ""Deutsche Post"", ""operator:wikidata"": ""Q157645"", ""operator:wikipedia"": ""de:Deutsche Post AG"", ""ref"": ""Limastr. 25, 14163 Berlin""}",336550817826371,images_filtered/postbox_node_3303100078_img_336550817826371.jpg,52.441591666667,13.230575,343,1477829015000,8.9
node/3378778587,52.5696275,13.4037055,"{""amenity"": ""post_box"", ""check_date"": ""2025-09-27"", ""collection_times"": ""Mo-Fr 17:00,22:00"", ""operator"": ""PIN AG"", ""ref"": ""Breite Straße, 13187 Berlin"", ""wheelchair"": ""yes""}",1012211509897132,images_filtered/postbox_node_3378778587_img_1012211509897132.jpg,52.569672656294,13.404038306338,246.24197027345,1719995508717,11.2
node/3435135683,52.4505682,13.6278296,"{""amenity"": ""post_box"", ""check_date:collection_times"": ""2021-08-02"", ""collection_times"": ""Mo-Fr 16:30, Sa 13:15"", ""operator"": ""Deutsche Post"", ""operator:wikidata"": ""Q157645"", ""operator:wikipedia"": ""de:Deutsche Post AG"", ""ref"": ""Rahnsdorfer Str. / Scharnweberstr., 12587 Berlin""}",794406951259878,images_filtered/postbox_node_3435135683_img_794406951259878.jpg,52.45041865,13.627426583333,0,1588406280104,58.7
node/3437628725,52.4952577,13.4685768,"{""amenity"": ""post_box"", ""check_date"": ""2026-01-03"", ""check_date:collection_times"": ""2026-01-03"", ""collection_times"": ""Mo-Fr 17:30; Sa 12:30"", ""operator"": ""Deutsche Post"", ""operator:wikidata"": ""Q157645"", ""operator:wikipedia"": ""de:Deutsche Post AG"", ""post_box:type"": ""pillar"", ""postal_code"": ""10245"", ""ref"": ""Alt-Stralau 59b, 10245 Berlin""}",134247478652987,images_filtered/postbox_node_3437628725_img_134247478652987.jpg,52.495242719007,13.468445949347,56.726013183594,1598096991449,22.6
node/3442706856,52.5139354,13.4445647,"{""amenity"": ""post_box"", ""check_date"": ""2026-07-29"", ""check_date:collection_times"": ""2026-07-29"", ""collection_times"": ""Mo-Fr 17:45; Sa 12:45"", ""operator"": ""Deutsche Post"", ""operator:wikidata"": ""Q157645"", ""operator:wikipedia"": ""de:Deutsche Post AG"", ""ref"": ""Marchlewskistr. 37-39, 10423 Berlin""}",110590791267925,images_filtered/postbox_node_3442706856_img_110590791267925.jpg,52.514182403733,13.444241601986,149.84673430145,1631170439237,8.4
node/3474267056,52.5414372,13.3897599,"{""amenity"": ""post_box"", ""check_date:collection_times"": ""2024-05-15"", ""collection_times"": ""Mo-Fr 17:00; Sa 12:00"", ""count"": ""2"", ""last_checked"": ""2022-05-08"", ""operator"": ""Deutsche Post"", ""operator:wikidata"": ""Q157645"", ""operator:wikipedia"": ""de:Deutsche Post AG"", ""ref"": ""Wattstr. 13, 13355 Berlin""}",1003867657075970,images_filtered/postbox_node_3474267056_img_1003867657075970.jpg,52.541181100581,13.390102386487,332.73379104961,1587450966639,11.9
node/3535900430,52.4572405,13.533247,"{""amenity"": ""post_box"", ""collection_times"": ""Mo-Fr 17:00"", ""collection_times:signed"": ""no"", ""operator"": ""PIN Mail"", ""operator:type"": ""private"", ""operator:wikidata"": ""Q1342288""}",127184072986426,images_filtered/postbox_node_3535900430_img_127184072986426.jpg,52.457214715008,13.533144257975,92.016670929557,1631893605631,24.4
node/3589715114,52.4778222,13.4262854,"{""amenity"": ""post_box"", ""check_date"": ""2026-03-29"", ""check_date:collection_times"": ""2026-03-29"", ""collection_times"": ""Mo-Fr 16:30; Sa 13:00"", ""operator"": ""Deutsche Post"", ""operator:wikidata"": ""Q157645"", ""operator:wikipedia"": ""de:Deutsche Post AG"", ""post_box:apertures"": ""2"", ""post_box:type"": ""lamp"", ""postal_code"": ""12049"", ""ref"": ""Hermannstr./Werbellinstr., 12049 Berlin""}",1071365000355394,images_filtered/postbox_node_3589715114_img_1071365000355394.jpg,52.4775914,13.426259599972,0,1584226898000,3.9
node/3589788447,52.4961462,13.441919,"{""amenity"": ""post_box"", ""check_date"": ""2025-03-13"", ""check_date:collection_times"": ""2025-03-13"", ""collection_times"": ""Mo-Fr 17:00; Sa 14:00"", ""colour"": ""yellow"", ""drive_through"": ""no"", ""material"": ""metal"", ""operator"": ""Deutsche Post"", ""operator:wikidata"": ""Q157645"", ""operator:wikipedia"": ""de:Deutsche Post AG"", ""post_box:apertures"": ""2"", ""ref"": ""Görlitzer Str. 41, 10997 Berlin"", ""support"": ""pole""}",119951276775040,images_filtered/postbox_node_3589788447_img_119951276775040.jpg,52.496093,13.442027,262.3083,1412922821000,46.7
node/3640016805,52.5061751,13.3439923,"{""amenity"": ""post_box"", ""check_date"": ""2022-10-06"", ""check_date:collection_times"": ""2024-06-07"", ""collection_times"": ""Mo-Fr 17:00; Sa 16:15"", ""operator"": ""Deutsche Post"", ""operator:wikidata"": ""Q157645"", ""operator:wikipedia"": ""de:Deutsche Post AG"", ""ref"": ""Budapester Str. 29, 10787 Berlin""}",1075935950169565,images_filtered/postbox_node_3640016805_img_1075935950169565.jpg,52.506310415758,13.344247017298,263.66721674447,1728811072223,34.8
node/3648875856,52.5711256,13.3474101,"{""amenity"": ""post_box"", ""check_date"": ""2024-11-14"", ""collection_times"": ""Mo-Fr 15:30; Sa 11:30"", ""operator"": ""Deutsche Post"", ""operator:wikidata"": ""Q157645"", ""operator:wikipedia"": ""de:Deutsche Post AG"", ""ref"": ""Teichstr. 65, 13407 Berlin""}",1203489640157119,images_filtered/postbox_node_3648875856_img_1203489640157119.jpg,52.571359556217,13.347245715571,185.68500772873,1582980508848,28.8
node/3655776330,52.564385,13.338424,"{""amenity"": ""post_box"", ""check_date"": ""2025-10-22"", ""collection_times"": ""Mo-Fr 15:30; Sa 11:30"", ""operator"": ""Deutsche Post"", ""operator:wikidata"": ""Q157645"", ""operator:wikipedia"": ""de:Deutsche Post AG"", ""ref"": ""Holländerstr. 42, 13407 Berlin""}",1267677173688456,images_filtered/postbox_node_3655776330_img_1267677173688456.jpg,52.56434957,13.33862722,254.87355041504,1403381085000,31.1
node/3655776330,52.564385,13.338424,"{""amenity"": ""post_box"", ""check_date"": ""2025-10-22"", ""collection_times"": ""Mo-Fr 15:30; Sa 11:30"", ""operator"": ""Deutsche Post"", ""operator:wikidata"": ""Q157645"", ""operator:wikipedia"": ""de:Deutsche Post AG"", ""ref"": ""Holländerstr. 42, 13407 Berlin""}",1436529013349694,images_filtered/postbox_node_3655776330_img_1436529013349694.jpg,52.564365,13.338559699972,284.61998173439,1554637242000,1.0
node/3666951540,52.5639881,13.4214521,"{""amenity"": ""post_box"", ""check_date:collection_times"": ""2024-04-19"", ""collection_times"": ""Mo-Fr 16:00; Sa 12:00"", ""drive_through"": ""no"", ""note"": ""Briefzentrum: BZ13 Walter-Kleinow-Ring 8 16761 Hennigsdorf"", ""operator"": ""Deutsche Post"", ""operator:wikidata"": ""Q157645"", ""operator:wikipedia"": ""de:Deutsche Post AG"", ""ref"": ""Neumannstraße 16, 13189 Berlin""}",1000282086261058,images_filtered/postbox_node_3666951540_img_1000282086261058.jpg,52.563942216667,13.42139,355.75491333008,1782329597143,43.7
node/3673269310,52.453034,13.142061,"{""amenity"": ""post_box"", ""collection_times"": ""Mo-Fr 17:00; Sa 12:00"", ""drive_through"": ""no"", ""operator"": ""Deutsche Post"", ""operator:wikidata"": ""Q157645"", ""operator:wikipedia"": ""de:Deutsche Post AG"", ""ref"": ""Sakrower Landstr. 6, 14089 Berlin""}",2928347520745811,images_filtered/postbox_node_3673269310_img_2928347520745811.jpg,52.452956399972,13.1418434,0,1564225277000,59.7
node/3692929281,52.489267,13.3488792,"{""amenity"": ""post_box"", ""check_date:collection_times"": ""2024-04-15"", ""collection_times"": ""Mo-Fr 17:00"", ""operator"": ""PIN Mail"", ""operator:type"": ""private"", ""operator:wikidata"": ""Q1342288"", ""operator:wikipedia"": ""de:PIN Mail""}",1009619481250521,images_filtered/postbox_node_3692929281_img_1009619481250521.jpg,52.489339406651,13.349010106189,173.93867517314,1752247533264,53.8
node/3718241023,52.5054925,13.5131425,"{""access"": ""yes"", ""addr:floor"": ""0"", ""amenity"": ""post_box"", ""check_date:collection_times"": ""2025-11-23"", ""collection_times"": ""Mo-Fr 16:30; Sa 12:00"", ""covered"": ""no"", ""indoor"": ""no"", ""level"": ""0"", ""material"": ""steel"", ""operator"": ""Deutsche Post"", ""operator:wikidata"": ""Q157645"", ""operator:wikipedia"": ""de:Deutsche Post AG"", ""post_box:type"": ""pillar"", ""ref"": ""Zachertstr. 75, 10315 Berlin"", ""source"": ""survey"", ""support"": ""ground""}",1036408347198159,images_filtered/postbox_node_3718241023_img_1036408347198159.jpg,52.50541799241,13.513384172705,257.03433139197,1630234262095,39.8
node/3760013983,52.5705842,13.2306461,"{""amenity"": ""post_box"", ""collection_times"": ""Mo-Fr 16:30; Sa 12:00"", ""operator"": ""Deutsche Post"", ""operator:wikidata"": ""Q157645"", ""ref"": ""Almazeile 8 A, 13505 Berlin""}",484726356106755,images_filtered/postbox_node_3760013983_img_484726356106755.jpg,52.570550032009,13.230319423613,83.608823410419,1592041203843,3.4
node/3718001378,52.4367919,13.4469109,"{""amenity"": ""post_box"", ""check_date"": ""2026-04-15"", ""check_date:collection_times"": ""2024-02-19"", ""collection_times"": ""Mo-Fr 17:00; Sa 14:00; Su 10:30"", ""operator"": ""Deutsche Post"", ""operator:wikidata"": ""Q157645"", ""operator:wikipedia"": ""de:Deutsche Post AG"", ""ref"": ""Gutschmidtstr. 29-31, 12359 Berlin""}",476054633642426,images_filtered/postbox_node_3718001378_img_476054633642426.jpg,52.43691626,13.446794645833,94.545008,1525003560000,55.8
node/3770386664,52.5230816,13.3221109,"{""amenity"": ""post_box"", ""brand"": ""pin"", ""check_date:collection_times"": ""2025-10-21"", ""collection_times"": ""Mo-Fr 17:00; Sa 14:00"", ""operator"": ""PIN Mail"", ""operator:type"": ""private"", ""operator:wikidata"": ""Q1342288"", ""operator:wikipedia"": ""de:PIN Mail""}",1430833257276440,images_filtered/postbox_node_3770386664_img_1430833257276440.jpg,52.522814318239,13.322028287498,3.644775390625,1562831974444,7.0
node/3770386664,52.5230816,13.3221109,"{""amenity"": ""post_box"", ""brand"": ""pin"", ""check_date:collection_times"": ""2025-10-21"", ""collection_times"": ""Mo-Fr 17:00; Sa 14:00"", ""operator"": ""PIN Mail"", ""operator:type"": ""private"", ""operator:wikidata"": ""Q1342288"", ""operator:wikipedia"": ""de:PIN Mail""}",1592707300918391,images_filtered/postbox_node_3770386664_img_1592707300918391.jpg,52.522990399972,13.3221419,0,1556037054000,11.7
node/3800834558,52.5279311,13.4502352,"{""amenity"": ""post_box"", ""check_date:collection_times"": ""2025-12-15"", ""collection_times"": ""Mo-Fr 17:15; Sa 12:30"", ""drive_through"": ""no"", ""operator"": ""Deutsche Post"", ""operator:wikidata"": ""Q157645"", ""operator:wikipedia"": ""de:Deutsche Post AG"", ""ref"": ""Conrad-Blenkle-Str. 1, 10407 Berlin""}",1073276033166523,images_filtered/postbox_node_3800834558_img_1073276033166523.jpg,52.527996,13.450072,141.0816,1399046853000,17.9
node/3800834558,52.5279311,13.4502352,"{""amenity"": ""post_box"", ""check_date:collection_times"": ""2025-12-15"", ""collection_times"": ""Mo-Fr 17:15; Sa 12:30"", ""drive_through"": ""no"", ""operator"": ""Deutsche Post"", ""operator:wikidata"": ""Q157645"", ""operator:wikipedia"": ""de:Deutsche Post AG"", ""ref"": ""Conrad-Blenkle-Str. 1, 10407 Berlin""}",1078812292527817,images_filtered/postbox_node_3800834558_img_1078812292527817.jpg,52.5278532,13.450161899972,0,1574541620000,29.8
node/3814096615,52.5541032,13.345841,"{""amenity"": ""post_box"", ""check_date"": ""2026-02-04"", ""collection_times"": ""Mo-Fr 16:00; Sa 12:00"", ""operator"": ""Deutsche Post"", ""operator:wikidata"": ""Q157645"", ""operator:wikipedia"": ""de:Deutsche Post AG"", ""ref"": ""Müllerstr. 57a, 13349 Berlin""}",144943560981191,images_filtered/postbox_node_3814096615_img_144943560981191.jpg,52.553965099972,13.346085699972,0,1551025034000,47.1
node/3814096615,52.5541032,13.345841,"{""amenity"": ""post_box"", ""check_date"": ""2026-02-04"", ""collection_times"": ""Mo-Fr 16:00; Sa 12:00"", ""operator"": ""Deutsche Post"", ""operator:wikidata"": ""Q157645"", ""operator:wikipedia"": ""de:Deutsche Post AG"", ""ref"": ""Müllerstr. 57a, 13349 Berlin""}",1042444810572057,images_filtered/postbox_node_3814096615_img_1042444810572057.jpg,52.554007382181,13.345824144793,317.39548584924,1724496073454,48.7
node/3814096615,52.5541032,13.345841,"{""amenity"": ""post_box"", ""check_date"": ""2026-02-04"", ""collection_times"": ""Mo-Fr 16:00; Sa 12:00"", ""operator"": ""Deutsche Post"", ""operator:wikidata"": ""Q157645"", ""operator:wikipedia"": ""de:Deutsche Post AG"", ""ref"": ""Müllerstr. 57a, 13349 Berlin""}",1076693527694285,images_filtered/postbox_node_3814096615_img_1076693527694285.jpg,52.553979135167,13.346038134781,272.31092021189,1749296903148,43.7
node/3854591387,52.4983646,13.3954322,"{""amenity"": ""post_box"", ""check_date"": ""2020-08-24"", ""collection_times"": ""Mo-Fr 17:00; Sa 14:00"", ""operator"": ""Deutsche Post"", ""operator:wikidata"": ""Q157645"", ""operator:wikipedia"": ""de:Deutsche Post AG"", ""post_box:type"": ""lamp"", ""postal_code"": ""10969"", ""ref"": ""Gitschiner Str. 110, 10969 Berlin""}",1013357382814574,images_filtered/postbox_node_3854591387_img_1013357382814574.jpg,52.498473166537,13.395757237462,266.73566431811,1587039283288,25.5
node/3883501008,52.4455878,13.4470651,"{""amenity"": ""post_box"", ""check_date"": ""2026-03-28"", ""check_date:collection_times"": ""2026-03-28"", ""collection_times"": ""Mo-Fr 17:00; Sa 14:15"", ""operator"": ""Deutsche Post"", ""operator:wikidata"": ""Q157645"", ""operator:wikipedia"": ""de:Deutsche Post AG"", ""post_box:type"": ""pillar"", ""postal_code"": ""12359"", ""ref"": ""Parchimer Allee 89, 12359 Berlin""}",1331362107243306,images_filtered/postbox_node_3883501008_img_1331362107243306.jpg,52.445783426895,13.447430901444,273.65515136719,1581678062317,44.9
node/3904557227,52.4787349,13.3728977,"{""amenity"": ""post_box"", ""collection_times"": ""Mo-Fr 16:30; Sa 13:45"", ""operator"": ""Deutsche Post"", ""operator:wikidata"": ""Q157645"", ""operator:wikipedia"": ""de:Deutsche Post AG"", ""ref"": ""Wüsthoffstr. (Krankenhaus), 12101 Berlin""}",1111312509338564,images_filtered/postbox_node_3904557227_img_1111312509338564.jpg,52.478908055556,13.372604722222,114.48331960018,1424191336000,19.7
node/3950037087,52.4371994,13.3761628,"{""amenity"": ""post_box"", ""brand"": ""Deutsche Post"", ""check_date"": ""2024-11-01"", ""collection_times"": ""Mo-Fr 16:00; Sa 13:30"", ""colour"": ""yellow"", ""operator"": ""Deutsche Post"", ""operator:wikidata"": ""Q157645"", ""operator:wikipedia"": ""de:Deutsche Post AG"", ""post_box:apertures"": ""2"", ""post_box:type"": ""lamp"", ""ref"": ""Lankwitzer Str. 16, 12107 Berlin"", ""wheelchair"": ""yes""}",1396668291067343,images_filtered/postbox_node_3950037087_img_1396668291067343.jpg,52.437205300002,13.375968,68.794504165649,1684406814761,24.0
node/4004265256,52.477633,13.6008111,"{""amenity"": ""post_box"", ""collection_times"": ""Mo-Fr 16:30,20:30; Sa 13:30; Su 20:30"", ""operator"": ""Deutsche Post"", ""operator:wikidata"": ""Q157645"", ""ref"": ""Hultschiner Damm 34, 12623 Berlin""}",109367114569656,images_filtered/postbox_node_4004265256_img_109367114569656.jpg,52.477484199972,13.600776099972,0,1562868266000,8.2
node/3992224636,52.4578589,13.3931626,"{""amenity"": ""post_box"", ""check_date:collection_times"": ""2018-04-28"", ""collection_times"": ""Mo-Fr 20:00"", ""colour"": ""green"", ""material"": ""metal"", ""operator"": ""PIN Mail"", ""operator:type"": ""private"", ""operator:wikidata"": ""Q1342288"", ""operator:wikipedia"": ""de:PIN Mail"", ""support"": ""ground""}",1367525663822265,images_filtered/postbox_node_3992224636_img_1367525663822265.jpg,52.457952699999,13.393176299998,200.71859884262,1680437235906,15.6
node/4012502947,52.4315151,13.7170343,"{""amenity"": ""post_box"", ""collection_times"": ""Mo-Fr 16:00, Sa 12:45"", ""operator"": ""Deutsche Post"", ""operator:wikidata"": ""Q157645"", ""operator:wikipedia"": ""de:Deutsche Post AG"", ""ref"": ""Fürstenwalder Allee 322, 12589 Berlin""}",145780897501164,images_filtered/postbox_node_4012502947_img_145780897501164.jpg,52.431692014116,13.717084680052,222.87704160497,1455704424144,33.0
node/4013390804,52.5252587,13.6221274,"{""amenity"": ""post_box"", ""check_date:collection_times"": ""2026-04-20"", ""collection_times"": ""Mo-Fr 16:00; Sa 13:15"", ""drive_through"": ""no"", ""operator"": ""Deutsche Post"", ""operator:wikidata"": ""Q157645"", ""operator:wikipedia"": ""de:Deutsche Post AG"", ""ref"": ""Hönower Str. 229, 12623 Berlin""}",170263965021696,images_filtered/postbox_node_4013390804_img_170263965021696.jpg,52.525088935833,13.622260149444,292.31488,1609070973000,42.2
node/4013390804,52.5252587,13.6221274,"{""amenity"": ""post_box"", ""check_date:collection_times"": ""2026-04-20"", ""collection_times"": ""Mo-Fr 16:00; Sa 13:15"", ""drive_through"": ""no"", ""operator"": ""Deutsche Post"", ""operator:wikidata"": ""Q157645"", ""operator:wikipedia"": ""de:Deutsche Post AG"", ""ref"": ""Hönower Str. 229, 12623 Berlin""}",2137522319722115,images_filtered/postbox_node_4013390804_img_2137522319722115.jpg,52.525053731944,13.622432565278,302.48816,1609070970000,15.3
node/4169263855,52.4555476,13.3842817,"{""amenity"": ""post_box"", ""check_date"": ""2026-05-29"", ""check_date:collection_times"": ""2026-05-29"", ""collection_times"": ""Mo-Fr 16:30; Sa 13:30"", ""colour"": ""yellow"", ""material"": ""metal"", ""note"": ""Position falsch auf https://standorte.deutschepost.de/Standortsuche (Stand 2018-04-29)"", ""operator"": ""Deutsche Post"", ""operator:wikidata"": ""Q157645"", ""operator:wikipedia"": ""de:Deutsche Post AG"", ""ref"": ""Tempelhofer Damm 227, 12099 Berlin"", ""support"": ""ground""}",1012718423504538,images_filtered/postbox_node_4169263855_img_1012718423504538.jpg,52.4557242,13.3839484,172.115,1688903472500,41.1
node/4217864424,52.4276604,13.214977,"{""amenity"": ""post_box"", ""brand"": ""pin"", ""check_date"": ""2024-11-20"", ""collection_times"": ""Mo-Fr 20:00; Sa,Su,PH off"", ""colour"": ""#1f8b25"", ""operator"": ""PIN Mail"", ""operator:type"": ""private"", ""operator:wikidata"": ""Q1342288"", ""post_box:type"": ""pillar"", ""ref"": ""Potsdamer Chaussee 33, 14129 Berlin"", ""support"": ""ground""}",1113678659132225,images_filtered/postbox_node_4217864424_img_1113678659132225.jpg,52.427695747222,13.215261083056,253.608944,1488966996000,4.9
node/4208966060,52.4718733,13.4510489,"{""amenity"": ""post_box"", ""check_date"": ""2024-04-15"", ""collection_times"": ""Mo-Fr 16:15; Sa 13:15"", ""colour"": ""yellow"", ""operator"": ""Deutsche Post"", ""operator:wikidata"": ""Q157645"", ""operator:wikipedia"": ""de:Deutsche Post AG"", ""post_box:apertures"": ""2"", ""post_box:type"": ""lamp"", ""ref"": ""Braunschweiger Str./Niemetzstr., 12055 Berlin""}",1079933233792131,images_filtered/postbox_node_4208966060_img_1079933233792131.jpg,52.47182,13.451075,22,1726048792623,38.6
node/4239455718,52.4453654,13.2345182,"{""amenity"": ""post_box"", ""check_date"": ""2026-07-05"", ""check_date:collection_times"": ""2026-07-05"", ""collection_times"": ""Mo-Fr 16:00; Sa 14:00"", ""operator"": ""Deutsche Post"", ""operator:wikidata"": ""Q157645"", ""operator:wikipedia"": ""de:Deutsche Post AG"", ""ref"": ""Fischerhüttenstr. 121, 14163 Berlin""}",133409332159881,images_filtered/postbox_node_4239455718_img_133409332159881.jpg,52.445234398429,13.234658249215,300.23141479492,1502981815283,26.7
node/4239455718,52.4453654,13.2345182,"{""amenity"": ""post_box"", ""check_date"": ""2026-07-05"", ""check_date:collection_times"": ""2026-07-05"", ""collection_times"": ""Mo-Fr 16:00; Sa 14:00"", ""operator"": ""Deutsche Post"", ""operator:wikidata"": ""Q157645"", ""operator:wikipedia"": ""de:Deutsche Post AG"", ""ref"": ""Fischerhüttenstr. 121, 14163 Berlin""}",214098363580094,images_filtered/postbox_node_4239455718_img_214098363580094.jpg,52.445258981645,13.234585071515,297.85934448242,1502981815871,41.2
node/4239419925,52.4325038,13.2356732,"{""amenity"": ""post_box"", ""collection_times"": ""Mo-Fr 16:00,21:00; Sa 14:00; Su 21:00"", ""last_checked"": ""2016-06-12"", ""operator"": ""Deutsche Post"", ""operator:wikidata"": ""Q157645"", ""operator:wikipedia"": ""de:Deutsche Post AG"", ""ref"": ""Potsdamer Chaussee 8, 14163 Berlin""}",1098551761475141,images_filtered/postbox_node_4239419925_img_1098551761475141.jpg,52.4324454,13.2359676,250.565,1708419693333,37.5
node/4253124893,52.4459179,13.1728356,"{""amenity"": ""post_box"", ""check_date:collection_times"": ""2023-12-26"", ""collection_times"": ""Mo-Sa 09:00"", ""last_checked"": ""2020-08-08"", ""operator"": ""Deutsche Post"", ""ref"": ""Inselstr. 8, 14129 Berlin""}",298649041914005,images_filtered/postbox_node_4253124893_img_298649041914005.jpg,52.445802777778,13.173094444444,287,1440926725000,19.1
node/4266744989,52.4094236,13.2671532,"{""amenity"": ""post_box"", ""check_date"": ""2025-09-02"", ""check_date:collection_times"": ""2025-09-02"", ""collection_times"": ""Mo-Fr 16:00; Sa 12:30"", ""operator"": ""Deutsche Post"", ""operator:wikidata"": ""Q157645"", ""operator:wikipedia"": ""de:Deutsche Post AG"", ""ref"": ""Teltower Damm 276, 14167 Berlin""}",498724658350246,images_filtered/postbox_node_4266744989_img_498724658350246.jpg,52.409631888912,13.267282997098,178.38220214844,1644505561336,22.4
node/4355687117,52.4311998,13.358653,"{""amenity"": ""post_box"", ""brand"": ""Deutsche Post"", ""check_date"": ""2024-12-15"", ""collection_times"": ""Mo-Fr 16:30, Sa 13:00"", ""colour"": ""yellow"", ""operator"": ""Deutsche Post"", ""operator:wikidata"": ""Q157645"", ""operator:wikipedia"": ""de:Deutsche Post AG"", ""post_box:type"": ""pillar"", ""ref"": ""Wedellstr. 69, 12249 Berlin"", ""wheelchair"": ""yes""}",1036570250084674,images_filtered/postbox_node_4355687117_img_1036570250084674.jpg,52.431061584444,13.358582490833,358.775936,1521895617000,18.5
node/4355687117,52.4311998,13.358653,"{""amenity"": ""post_box"", ""brand"": ""Deutsche Post"", ""check_date"": ""2024-12-15"", ""collection_times"": ""Mo-Fr 16:30, Sa 13:00"", ""colour"": ""yellow"", ""operator"": ""Deutsche Post"", ""operator:wikidata"": ""Q157645"", ""operator:wikipedia"": ""de:Deutsche Post AG"", ""post_box:type"": ""pillar"", ""ref"": ""Wedellstr. 69, 12249 Berlin"", ""wheelchair"": ""yes""}",500002831257571,images_filtered/postbox_node_4355687117_img_500002831257571.jpg,52.430972149444,13.358598668055,353.329728,1521895615000,14.9
node/4494126518,52.5761187,13.3320885,"{""amenity"": ""post_box"", ""collection_times"": ""Mo-Sa 16:00"", ""operator"": ""Deutsche Post"", ""operator:wikidata"": ""Q157645"", ""operator:wikipedia"": ""de:Deutsche Post AG"", ""ref"": ""Ollenhauerstr. 81, 13403 Berlin""}",1071215503626119,images_filtered/postbox_node_4494126518_img_1071215503626119.jpg,52.576265861329,13.33230824211,190.11961351611,1635513954285,32.1
node/4453598842,52.5497294,13.3869995,"{""amenity"": ""post_box"", ""collection_times"": ""Mo-Fr 15:30,21:45; Sa 12:00; Su 09:00,21:45"", ""operator"": ""Deutsche Post"", ""operator:wikidata"": ""Q157645"", ""operator:wikipedia"": ""de:Deutsche Post AG"", ""ref"": ""Badstr. 5, 13357 Berlin""}",1592759134869439,images_filtered/postbox_node_4453598842_img_1592759134869439.jpg,52.549883,13.387097,157.92344093323,1705397009134,43.2
node/4453598843,52.5497427,13.3870146,"{""amenity"": ""post_box"", ""check_date:collection_times"": ""2025-11-22"", ""collection_times"": ""Mo-Fr 20:00"", ""operator"": ""PIN Mail"", ""operator:type"": ""private"", ""operator:wikidata"": ""Q1342288""}",1592759134869439,images_filtered/postbox_node_4453598843_img_1592759134869439.jpg,52.549883,13.387097,157.92344093323,1705397009134,41.7
node/4580255487,52.4615638,13.3097025,"{""amenity"": ""post_box"", ""collection_times"": ""Mo-Fr 15:00; Sa 13:00"", ""operator"": ""Deutsche Post"", ""operator:wikidata"": ""Q157645"", ""operator:wikipedia"": ""de:Deutsche Post AG"", ""ref"": ""Rückertstr. 12, 12163 Berlin""}",302471118146239,images_filtered/postbox_node_4580255487_img_302471118146239.jpg,52.461608333333,13.309338888889,82,1584887502000,19.4
node/4700272999,52.4426937,13.296866,"{""amenity"": ""post_box"", ""check_date:collection_times"": ""2025-11-29"", ""collection_times"": ""Mo-Fr 18:00; Sa 13:00"", ""operator"": ""PIN AG""}",1043607234365484,images_filtered/postbox_node_4700272999_img_1043607234365484.jpg,52.4425589,13.2971701,326.628,1748114846500,20.6
node/4776889132,52.5284875,13.3361406,"{""amenity"": ""post_box"", ""check_date:collection_times"": ""2026-06-01"", ""collection_times"": ""Mo-Fr 17:15; Sa 12:00"", ""operator"": ""Deutsche Post"", ""operator:wikidata"": ""Q157645"", ""operator:wikipedia"": ""de:Deutsche Post AG"", ""ref"": ""Waldenser Str. 29, 10551 Berlin""}",305108001202840,images_filtered/postbox_node_4776889132_img_305108001202840.jpg,52.528690457546,13.335907228773,196.91882324219,1578835711227,51.9
node/4786019248,52.5204367,13.4788473,"{""amenity"": ""post_box"", ""check_date:collection_times"": ""2025-04-05"", ""collection_times"": ""Mo-Fr 17:00; Sa 12:15"", ""operator"": ""Deutsche Post"", ""operator:wikidata"": ""Q157645"", ""operator:wikipedia"": ""de:Deutsche Post AG"", ""ref"": ""Scheffelstr. 2, 10367 Berlin""}",106554921526520,images_filtered/postbox_node_4786019248_img_106554921526520.jpg,52.520366488074,13.478653421638,88.348454384134,1618324928564,29.1
node/4894531942,52.4284728,13.5846686,"{""amenity"": ""post_box"", ""check_date"": ""2017"", ""collection_times"": ""Mo-Fr 15:00; Sa 12:15"", ""mapillary"": ""383680382867147"", ""operator"": ""Deutsche Post"", ""operator:wikidata"": ""Q157645"", ""operator:wikipedia"": ""de:Deutsche Post AG"", ""post_box:type"": ""lamp"", ""postal_code"": ""12557"", ""ref"": ""Wendenschloßstraße 324, 12557 Berlin""}",2792630280989826,images_filtered/postbox_node_4894531942_img_2792630280989826.jpg,52.428561729533,13.584701683738,163.80480957031,1548314642864,29.0
node/5180478760,52.4246776,13.4331281,"{""amenity"": ""post_box"", ""check_date"": ""2021-05-25"", ""check_date:collection_times"": ""2023-11-07"", ""collection_times"": ""Mo-Fr 16:45; Sa 13:15"", ""operator"": ""Deutsche Post"", ""operator:wikidata"": ""Q157645"", ""operator:wikipedia"": ""de:Deutsche Post AG"", ""post_box:apertures"": ""2"", ""post_box:type"": ""lamp"", ""postal_code"": ""12349"", ""ref"": ""Leonberger Ring/Rufacher Weg, 12349 Berlin"", ""support"": ""pole""}",209642080743477,images_filtered/postbox_node_5180478760_img_209642080743477.jpg,52.424427673826,13.43268769021,76.303100585938,1504176292735,29.2
node/5231256421,52.6174191,13.3063924,"{""amenity"": ""post_box"", ""collection_times"": ""Mo-Fr 17:00,22:15; Sa 13:00; Su 09:30,22:15"", ""operator"": ""Deutsche Post"", ""operator:wikidata"": ""Q157645"", ""operator:wikipedia"": ""de:Deutsche Post AG"", ""ref"": ""Heinsestr. 32-36, 13467 Berlin""}",198177792027599,images_filtered/postbox_node_5231256421_img_198177792027599.jpg,52.617520079997,13.306238343952,150.7774180037,1599830698507,13.6
node/5313520983,52.4045147,13.3824726,"{""amenity"": ""post_box"", ""collection_times"": ""Mo-Fr 20:00"", ""operator"": ""PIN AG""}",964768122112325,images_filtered/postbox_node_5313520983_img_964768122112325.jpg,52.4045543,13.3823096,145.937,1743939988000,34.2
node/5313520983,52.4045147,13.3824726,"{""amenity"": ""post_box"", ""collection_times"": ""Mo-Fr 20:00"", ""operator"": ""PIN AG""}",1422094652135459,images_filtered/postbox_node_5313520983_img_1422094652135459.jpg,52.4045956,13.3822974,144.021,1748116630000,16.9
node/5514542303,52.5020725,13.3461457,"{""amenity"": ""post_box"", ""check_date:collection_times"": ""2024-11-23"", ""collection_times"": ""Mo-Fr 19:00"", ""operator"": ""PIN AG""}",155855163075501,images_filtered/postbox_node_5514542303_img_155855163075501.jpg,52.502227693884,13.345976865689,202.06523163707,1493149673000,55.6
node/5583212044,52.4559747,13.3615956,"{""amenity"": ""post_box"", ""collection_times"": ""Mo-Fr 17:15; Sa 14:30"", ""colour"": ""yellow"", ""material"": ""metal"", ""operator"": ""Deutsche Post"", ""operator:wikidata"": ""Q157645"", ""operator:wikipedia"": ""de:Deutsche Post AG"", ""ref"": ""Arnulfstr. 116, 12105 Berlin"", ""support"": ""wall_mounted""}",1238465946590697,images_filtered/postbox_node_5583212044_img_1238465946590697.jpg,52.455902444167,13.361406437778,107.143384,1588933339000,49.2
node/5604618403,52.4176851,13.5803928,"{""amenity"": ""post_box"", ""collection_times"": ""Mo-Fr 17:00"", ""operator"": ""Pin AG""}",391801455267334,images_filtered/postbox_node_5604618403_img_391801455267334.jpg,52.417553599972,13.5803723,0,1551017925000,5.4
node/5739108267,52.4729344,13.3210496,"{""amenity"": ""post_box"", ""check_date"": ""2026-03-05"", ""check_date:collection_times"": ""2026-03-05"", ""collection_times"": ""Mo-Fr 16:15; Sa 12:45"", ""operator"": ""Deutsche Post"", ""operator:wikidata"": ""Q157645"", ""operator:wikipedia"": ""de:Deutsche Post AG"", ""ref"": ""Südwestkorso 16, 12161 Berlin""}",129586279198438,images_filtered/postbox_node_5739108267_img_129586279198438.jpg,52.472716666667,13.321133333333,35,1440684105000,48.2
node/5739108267,52.4729344,13.3210496,"{""amenity"": ""post_box"", ""check_date"": ""2026-03-05"", ""check_date:collection_times"": ""2026-03-05"", ""collection_times"": ""Mo-Fr 16:15; Sa 12:45"", ""operator"": ""Deutsche Post"", ""operator:wikidata"": ""Q157645"", ""operator:wikipedia"": ""de:Deutsche Post AG"", ""ref"": ""Südwestkorso 16, 12161 Berlin""}",1102755860215551,images_filtered/postbox_node_5739108267_img_1102755860215551.jpg,52.472727777778,13.321038888889,316,1609586178000,45.8
node/6318164364,52.4550482,13.5176009,"{""amenity"": ""post_box"", ""collection_times"": ""Mo-Fr 15:30; Sa 12:45"", ""operator"": ""Deutsche Post"", ""operator:wikidata"": ""Q157645"", ""operator:wikipedia"": ""de:Deutsche Post AG"", ""ref"": ""Fennstr. 9-11, 12439 Berlin""}",182824813721772,images_filtered/postbox_node_6318164364_img_182824813721772.jpg,52.4548531,13.517464699972,0,1560085596000,23.0
node/6318164364,52.4550482,13.5176009,"{""amenity"": ""post_box"", ""collection_times"": ""Mo-Fr 15:30; Sa 12:45"", ""operator"": ""Deutsche Post"", ""operator:wikidata"": ""Q157645"", ""operator:wikipedia"": ""de:Deutsche Post AG"", ""ref"": ""Fennstr. 9-11, 12439 Berlin""}",2890246041192524,images_filtered/postbox_node_6318164364_img_2890246041192524.jpg,52.454970199972,13.5174838,0,1560085598000,42.5
node/6356179486,52.5107107,13.2207926,"{""amenity"": ""post_box"", ""collection_times"": ""Mo-Fr 17:15,21:00; Sa 14:30; Su 21:00"", ""operator"": ""Deutsche Post"", ""operator:wikidata"": ""Q157645"", ""operator:wikipedia"": ""de:Deutsche Post AG"", ""ref"": ""Glockenturmstr. 30, 14055 Berlin""}",1069431378320341,images_filtered/postbox_node_6356179486_img_1069431378320341.jpg,52.5106347,13.2208069,321,1738742022681,32.5
node/6460921177,52.4510281,13.5095458,"{""amenity"": ""post_box"", ""collection_times"": ""Mo-Fr 20:00"", ""operator"": ""PIN Mail"", ""operator:type"": ""private"", ""operator:wikidata"": ""Q1342288"", ""operator:wikipedia"": ""de:PIN Mail""}",1057730976141927,images_filtered/postbox_node_6460921177_img_1057730976141927.jpg,52.451134,13.50913,95,1754986015352,17.7
node/6540660463,52.5152627,13.2878519,"{""amenity"": ""post_box"", ""collection_times"": ""Mo-Fr 15:30; Sa 12:30"", ""operator"": ""Deutsche Post"", ""operator:wikidata"": ""Q157645"", ""operator:wikipedia"": ""de:Deutsche Post AG"", ""ref"": ""Sophie-Charlotten-Str. 89, 14059 Berlin""}",1016667635531301,images_filtered/postbox_node_6540660463_img_1016667635531301.jpg,52.515139399967,13.287910100029,333.28394563379,1565458017000,10.7
node/6769979835,52.45325,13.5749419,"{""amenity"": ""post_box"", ""collection_times"": ""Mo-Fr 18:00"", ""operator"": ""PIN Mail"", ""operator:type"": ""private"", ""operator:wikidata"": ""Q1342288"", ""operator:wikipedia"": ""de:PIN Mail""}",1014775762892026,images_filtered/postbox_node_6769979835_img_1014775762892026.jpg,52.453223699999,13.5748795,75.910252571106,1695188997574,20.6
node/6878091294,52.5210034,13.1968316,"{""amenity"": ""post_box"", ""collection_times"": ""Mo-Fr 14:00,15:30,21:15; Sa 12:00; Su 21:15"", ""operator"": ""Deutsche Post"", ""operator:wikidata"": ""Q157645"", ""operator:wikipedia"": ""de:Deutsche Post AG"", ""ref"": ""Adamstr. 48, 13595 Berlin""}",1218746961916837,images_filtered/postbox_node_6878091294_img_1218746961916837.jpg,52.5210889,13.1966446,74.429462312986,1624465599007,52.5
node/7088773686,52.5738431,13.4974388,"{""amenity"": ""post_box"", ""collection_times"": ""Mo-Fr 16:00; Sa 12:00"", ""operator"": ""Deutsche Post"", ""operator:wikidata"": ""Q157645"", ""ref"": ""Zingster Str. 74, 13051 Berlin""}",333285148140811,images_filtered/postbox_node_7088773686_img_333285148140811.jpg,52.573806443301,13.497556876404,331.15421440181,1591455113624,34.1
node/7088773686,52.5738431,13.4974388,"{""amenity"": ""post_box"", ""collection_times"": ""Mo-Fr 16:00; Sa 12:00"", ""operator"": ""Deutsche Post"", ""operator:wikidata"": ""Q157645"", ""ref"": ""Zingster Str. 74, 13051 Berlin""}",463280134738876,images_filtered/postbox_node_7088773686_img_463280134738876.jpg,52.573781842415,13.497579172266,326.85399532845,1591455112631,21.2
node/7090419585,52.5705947,13.4672378,"{""amenity"": ""post_box"", ""collection_times"": ""Mo-Fr 13:15; Sa 11:00"", ""operator"": ""Deutsche Post"", ""operator:wikidata"": ""Q157645"", ""operator:wikipedia"": ""de:Deutsche Post AG"", ""ref"": ""Ortnitstr. 80, 13088 Berlin""}",1033284830803389,images_filtered/postbox_node_7090419585_img_1033284830803389.jpg,52.570726890166,13.467636248109,272.30208775458,1633070868183,30.9
node/7089190985,52.5504943,13.4420063,"{""amenity"": ""post_box"", ""collection_times"": ""Mo-Fr 15:30; Sa 10:00"", ""operator"": ""Deutsche Post"", ""operator:wikidata"": ""Q157645"", ""operator:wikipedia"": ""de:Deutsche Post AG"", ""ref"": ""Roelckestr. 171, 13086 Berlin""}",101703432533936,images_filtered/postbox_node_7089190985_img_101703432533936.jpg,52.550528179903,13.442081836996,211.62980961542,1652165257221,22.0
node/7090478788,52.5693537,13.5600867,"{""amenity"": ""post_box"", ""collection_times"": ""Mo-Fr 15:15,17:45, Sa 13:15"", ""operator"": ""Deutsche Post"", ""operator:wikidata"": ""Q157645"", ""operator:wikipedia"": ""de:Deutsche Post AG"", ""ref"": ""Geraer Ring 54, 12689 Berlin""}",4179758385378602,images_filtered/postbox_node_7090478788_img_4179758385378602.jpg,52.569226399972,13.560185799972,-1,1578225952000,24.3
node/7090478788,52.5693537,13.5600867,"{""amenity"": ""post_box"", ""collection_times"": ""Mo-Fr 15:15,17:45, Sa 13:15"", ""operator"": ""Deutsche Post"", ""operator:wikidata"": ""Q157645"", ""operator:wikipedia"": ""de:Deutsche Post AG"", ""ref"": ""Geraer Ring 54, 12689 Berlin""}",979568432787434,images_filtered/postbox_node_7090478788_img_979568432787434.jpg,52.569087199972,13.559725399972,-1,1578225945000,40.5
node/7090478788,52.5693537,13.5600867,"{""amenity"": ""post_box"", ""collection_times"": ""Mo-Fr 15:15,17:45, Sa 13:15"", ""operator"": ""Deutsche Post"", ""operator:wikidata"": ""Q157645"", ""operator:wikipedia"": ""de:Deutsche Post AG"", ""ref"": ""Geraer Ring 54, 12689 Berlin""}",1105215836640059,images_filtered/postbox_node_7090478788_img_1105215836640059.jpg,52.5691514,13.559940499972,-1,1578225948000,24.7
node/7090435586,52.5581942,13.50208,"{""amenity"": ""post_box"", ""collection_times"": ""Mo-Fr 14:00; Sa 11:15"", ""operator"": ""Deutsche Post"", ""operator:wikidata"": ""Q157645"", ""operator:wikipedia"": ""de:Deutsche Post AG"", ""ref"": ""Privatstr. 5 1, 13053 Berlin""}",1110098296752921,images_filtered/postbox_node_7090435586_img_1110098296752921.jpg,52.558275866371,13.501774398623,169.3284413329,1720163474416,55.6
node/7090435586,52.5581942,13.50208,"{""amenity"": ""post_box"", ""collection_times"": ""Mo-Fr 14:00; Sa 11:15"", ""operator"": ""Deutsche Post"", ""operator:wikidata"": ""Q157645"", ""operator:wikipedia"": ""de:Deutsche Post AG"", ""ref"": ""Privatstr. 5 1, 13053 Berlin""}",1159645661454746,images_filtered/postbox_node_7090435586_img_1159645661454746.jpg,52.558284374003,13.501817481605,165.91407445382,1652422158208,46.4
node/7092898085,52.555506,13.5197288,"{""amenity"": ""post_box"", ""collection_times"": ""Mo-Fr 17:00; Sa 12:00"", ""operator"": ""Deutsche Post"", ""operator:wikidata"": ""Q157645"", ""operator:wikipedia"": ""de:Deutsche Post AG"", ""ref"": ""Christianstr. 8, 13053 Berlin""}",1116365812217201,images_filtered/postbox_node_7092898085_img_1116365812217201.jpg,52.555645122242,13.5196103342,138.65524376209,1598511061227,14.0
node/7092898085,52.555506,13.5197288,"{""amenity"": ""post_box"", ""collection_times"": ""Mo-Fr 17:00; Sa 12:00"", ""operator"": ""Deutsche Post"", ""operator:wikidata"": ""Q157645"", ""operator:wikipedia"": ""de:Deutsche Post AG"", ""ref"": ""Christianstr. 8, 13053 Berlin""}",170582781651936,images_filtered/postbox_node_7092898085_img_170582781651936.jpg,52.555774203551,13.519362732781,128.00756193021,1598511058228,12.3
node/7124170986,52.5078565,13.4971201,"{""amenity"": ""post_box"", ""check_date:collection_times"": ""2024-08-23"", ""collection_times"": ""Mo-Fr 18:00"", ""operator"": ""PIN Mail"", ""operator:type"": ""private"", ""operator:wikidata"": ""Q1342288""}",1433483300325533,images_filtered/postbox_node_7124170986_img_1433483300325533.jpg,52.50781060667,13.497109031317,21.3955078125,1512219612649,13.0
node/7124275786,52.4943879,13.6111172,"{""amenity"": ""post_box"", ""collection_times"": ""Mo-Fr 16:45; Sa 14:00"", ""operator"": ""Deutsche Post"", ""operator:wikidata"": ""Q157645"", ""operator:wikipedia"": ""de:Deutsche Post AG"", ""ref"": ""Ledebourstr. 3, 12623 Berlin""}",332694091682007,images_filtered/postbox_node_7124275786_img_332694091682007.jpg,52.494348799972,13.611076699972,0,1560080678000,32.2
node/7124275786,52.4943879,13.6111172,"{""amenity"": ""post_box"", ""collection_times"": ""Mo-Fr 16:45; Sa 14:00"", ""operator"": ""Deutsche Post"", ""operator:wikidata"": ""Q157645"", ""operator:wikipedia"": ""de:Deutsche Post AG"", ""ref"": ""Ledebourstr. 3, 12623 Berlin""}",1640991332763438,images_filtered/postbox_node_7124275786_img_1640991332763438.jpg,52.494320899972,13.611269899972,0,1560080680000,54.2
node/7124418386,52.545112,13.5919083,"{""amenity"": ""post_box"", ""check_date:collection_times"": ""2025-11-12"", ""collection_times"": ""Mo-Fr 16:15; Sa 13:00"", ""operator"": ""Deutsche Post"", ""operator:wikidata"": ""Q157645"", ""operator:wikipedia"": ""de:Deutsche Post AG"", ""ref"": ""Zossener Str./Alte Hellersdorfer Str., 12629 Berlin""}",1161237107689935,images_filtered/postbox_node_7124418386_img_1161237107689935.jpg,52.545021311429,13.592049675075,268.04078828626,1628339245920,48.5
node/7125608485,52.4866834,13.6042204,"{""amenity"": ""post_box"", ""collection_times"": ""Mo-Fr 16:15; Sa 14:00"", ""operator"": ""Deutsche Post"", ""operator:wikidata"": ""Q157645"", ""operator:wikipedia"": ""de:Deutsche Post AG"", ""ref"": ""Hultschiner Damm 129, 12623 Berlin""}",130125875799919,images_filtered/postbox_node_7125608485_img_130125875799919.jpg,52.486688,13.604287,293.1494,1467974380427,29.6
node/7185001708,52.5029391,13.3279864,"{""amenity"": ""post_box"", ""check_date:collection_times"": ""2024-08-30"", ""collection_times"": ""Mo-Fr 18:00"", ""operator"": ""PIN Mail"", ""operator:type"": ""private"", ""operator:wikidata"": ""Q1342288"", ""operator:wikipedia"": ""de:PIN Mail"", ""postal_code"": ""10719""}",1003055567104564,images_filtered/postbox_node_7185001708_img_1003055567104564.jpg,52.502942690675,13.3277401887,68.343078613281,1505572973641,23.0
node/7195202987,52.5292876,13.5919467,"{""amenity"": ""post_box"", ""collection_times"": ""Mo-Fr 18:00"", ""operator"": ""PIN Mail"", ""operator:type"": ""private"", ""operator:wikidata"": ""Q1342288"", ""operator:wikipedia"": ""de:PIN Mail""}",138574648249869,images_filtered/postbox_node_7195202987_img_138574648249869.jpg,52.529319268746,13.592116969863,293.34185791016,1549963225307,40.3
node/7197720592,52.4297464,13.4534703,"{""amenity"": ""post_box"", ""check_date"": ""2024-10-08"", ""check_date:collection_times"": ""2024-10-08"", ""collection_times"": ""Mo-Fr 17:15; Sa 13:00"", ""colour"": ""yellow"", ""material"": ""metal"", ""note"": ""Briefkasten ist von der Straßenseite nicht zu sehen!"", ""operator"": ""Deutsche Post"", ""operator:wikidata"": ""Q157645"", ""operator:wikipedia"": ""de:Deutsche Post AG"", ""post_box:type"": ""wall"", ""postal_code"": ""12351"", ""ref"": ""Johannisthaler Chaussee 326 D, 12351 Berlin""}",1397838524484884,images_filtered/postbox_node_7197720592_img_1397838524484884.jpg,52.4295244,13.4534781,52.223,1701081488000,53.5
node/7298566985,52.4748523,13.5590874,"{""amenity"": ""post_box"", ""collection_times"": ""Mo-Fr 16:15; Sa 13:30"", ""operator"": ""Deutsche Post"", ""operator:wikidata"": ""Q157645"", ""ref"": ""Köpenicker Str. 302, 12683 Berlin""}",1363215244034755,images_filtered/postbox_node_7298566985_img_1363215244034755.jpg,52.4746767,13.559288699972,3.5667061420672,1568807947000,38.5
node/7298675687,52.4488964,13.6243304,"{""amenity"": ""post_box"", ""collection_times"": ""Mo-Fr 16:15; Sa 12:30"", ""operator"": ""Deutsche Post"", ""operator:wikidata"": ""Q157645"", ""operator:wikipedia"": ""de:Deutsche Post AG"", ""ref"": ""Bölschestr. 124, 12587 Berlin""}",145610217574898,images_filtered/postbox_node_7298675687_img_145610217574898.jpg,52.448767937132,13.62444269626,290.84757828712,1434131159372,41.1
node/7298675687,52.4488964,13.6243304,"{""amenity"": ""post_box"", ""collection_times"": ""Mo-Fr 16:15; Sa 12:30"", ""operator"": ""Deutsche Post"", ""operator:wikidata"": ""Q157645"", ""operator:wikipedia"": ""de:Deutsche Post AG"", ""ref"": ""Bölschestr. 124, 12587 Berlin""}",1858803494272519,images_filtered/postbox_node_7298675687_img_1858803494272519.jpg,52.448763343762,13.62444294943,305.66697001457,1434131156080,27.1
node/7298697685,52.4538442,13.6325068,"{""amenity"": ""post_box"", ""collection_times"": ""Mo-Fr 17:30; Sa 13:15"", ""operator"": ""Deutsche Post"", ""operator:wikidata"": ""Q157645"", ""operator:wikipedia"": ""de:Deutsche Post AG"", ""ref"": ""Breestpromenade 32, 12587 Berlin""}",1154552178339200,images_filtered/postbox_node_7298697685_img_1154552178339200.jpg,52.453665333333,13.63245435,359.2529269526,1588406073850,10.9
node/7298697685,52.4538442,13.6325068,"{""amenity"": ""post_box"", ""collection_times"": ""Mo-Fr 17:30; Sa 13:15"", ""operator"": ""Deutsche Post"", ""operator:wikidata"": ""Q157645"", ""operator:wikipedia"": ""de:Deutsche Post AG"", ""ref"": ""Breestpromenade 32, 12587 Berlin""}",1155782934921371,images_filtered/postbox_node_7298697685_img_1155782934921371.jpg,52.453636359259,13.632415041121,0.70516967773438,1620472479135,14.4
node/7298697685,52.4538442,13.6325068,"{""amenity"": ""post_box"", ""collection_times"": ""Mo-Fr 17:30; Sa 13:15"", ""operator"": ""Deutsche Post"", ""operator:wikidata"": ""Q157645"", ""operator:wikipedia"": ""de:Deutsche Post AG"", ""ref"": ""Breestpromenade 32, 12587 Berlin""}",1144849406689105,images_filtered/postbox_node_7298697685_img_1144849406689105.jpg,52.453961,13.63266,228.00952863693,1710314233224,9.4
node/7298682085,52.4472719,13.6241495,"{""amenity"": ""post_box"", ""check_date:collection_times"": ""2026-05-03"", ""collection_times"": ""Mo-Fr 17:15; Sa 13:00"", ""operator"": ""Deutsche Post"", ""operator:wikidata"": ""Q157645"", ""operator:wikipedia"": ""de:Deutsche Post AG"", ""ref"": ""Bölschestr. 136, 12587 Berlin""}",1031691741872029,images_filtered/postbox_node_7298682085_img_1031691741872029.jpg,52.447407,13.624422,257,1722346525113,26.1
node/7298682085,52.4472719,13.6241495,"{""amenity"": ""post_box"", ""check_date:collection_times"": ""2026-05-03"", ""collection_times"": ""Mo-Fr 17:15; Sa 13:00"", ""operator"": ""Deutsche Post"", ""operator:wikidata"": ""Q157645"", ""operator:wikipedia"": ""de:Deutsche Post AG"", ""ref"": ""Bölschestr. 136, 12587 Berlin""}",1020832346482658,images_filtered/postbox_node_7298682085_img_1020832346482658.jpg,52.447394,13.624438,292,1730719541865,56.8
node/7299540786,52.4552668,13.5144676,"{""amenity"": ""post_box"", ""check_date:collection_times"": ""2025-01-29"", ""collection_times"": ""Mo-Fr 15:45; Sa 11:00"", ""operator"": ""Deutsche Post"", ""operator:wikidata"": ""Q157645"", ""operator:wikipedia"": ""de:Deutsche Post AG"", ""ref"": ""Hasselwerder Str. 3, 12439 Berlin""}",1140395927161977,images_filtered/postbox_node_7299540786_img_1140395927161977.jpg,52.455154,13.514057,108,1739268735246,42.3
node/7299540786,52.4552668,13.5144676,"{""amenity"": ""post_box"", ""check_date:collection_times"": ""2025-01-29"", ""collection_times"": ""Mo-Fr 15:45; Sa 11:00"", ""operator"": ""Deutsche Post"", ""operator:wikidata"": ""Q157645"", ""operator:wikipedia"": ""de:Deutsche Post AG"", ""ref"": ""Hasselwerder Str. 3, 12439 Berlin""}",1188320651920931,images_filtered/postbox_node_7299540786_img_1188320651920931.jpg,52.4551805,13.5142385,0,1654876013588,58.3
node/7572942185,52.4027184,13.5425051,"{""amenity"": ""post_box"", ""collection_times"": ""Mo-Fr 16:45, Sa 11:45"", ""operator"": ""Deutsche Post"", ""operator:wikidata"": ""Q157645"", ""operator:wikipedia"": ""de:Deutsche Post AG"", ""post_box:type"": ""pillar"", ""ref"": ""Coloniaallee 23, 12524 Berlin""}",527263098654335,images_filtered/postbox_node_7572942185_img_527263098654335.jpg,52.402465809981,13.542217869944,2,1580989291000,32.8
node/7572499685,52.4521885,13.4491411,"{""amenity"": ""post_box"", ""check_date"": ""2024-10-16"", ""check_date:collection_times"": ""2024-10-16"", ""collection_times"": ""Mo-Fr 18:00"", ""colour"": ""green"", ""operator"": ""PIN Mail"", ""operator:type"": ""private"", ""operator:wikidata"": ""Q1342288"", ""operator:wikipedia"": ""de:PIN Mail"", ""post_box:type"": ""pillar""}",1095979294233230,images_filtered/postbox_node_7572499685_img_1095979294233230.jpg,52.45237386,13.44876765,92.05899553345,1403289634000,37.1
node/7526832834,52.5529681,13.4146283,"{""amenity"": ""post_box"", ""check_date:collection_times"": ""2022-09-30"", ""collection_times"": ""Mo-Fr 17:00"", ""collection_times:signed"": ""no"", ""operator"": ""Pin AG""}",1004163990266827,images_filtered/postbox_node_7526832834_img_1004163990266827.jpg,52.552700699999,13.414447194719,0,1655046783885,22.4
node/7575702985,52.4298342,13.4547136,"{""amenity"": ""post_box"", ""collection_times"": ""Mo-Fr 14:45,16:45; Sa 13:45"", ""operator"": ""Deutsche Post"", ""operator:wikidata"": ""Q157645"", ""operator:wikipedia"": ""de:Deutsche Post AG"", ""ref"": ""Johannisthaler Chaussee 317, 12351 Berlin""}",1017587709349599,images_filtered/postbox_node_7575702985_img_1017587709349599.jpg,52.4298147,13.4544487,53.955,1700322046000,29.2
node/7577097986,52.4458459,13.5156243,"{""amenity"": ""post_box"", ""operator"": ""PIN Mail"", ""operator:type"": ""private"", ""operator:wikidata"": ""Q1342288"", ""operator:wikipedia"": ""de:PIN Mail""}",1136862510150326,images_filtered/postbox_node_7577097986_img_1136862510150326.jpg,52.4456597,13.5158424,0,1552201938000,35.5
node/7619207685,52.5980129,13.4332794,"{""amenity"": ""post_box"", ""collection_times"": ""Mo-Fr 15:00; Sa 12:00; Su 09:00"", ""operator"": ""Deutsche Post"", ""operator:wikidata"": ""Q157645"", ""operator:wikipedia"": ""de:Deutsche Post AG"", ""ref"": ""Berliner Str. 8, 13127 Berlin""}",1008536048086728,images_filtered/postbox_node_7619207685_img_1008536048086728.jpg,52.597858817366,13.433537241084,349.26212235071,1745144575026,34.7
node/7619618685,52.5879425,13.427996,"{""amenity"": ""post_box"", ""check_date:collection_times"": ""2024-06-15"", ""collection_times"": ""Mo-Fr 16:00; Sa 12:00"", ""operator"": ""Deutsche Post"", ""operator:wikidata"": ""Q157645"", ""operator:wikipedia"": ""de:Deutsche Post AG"", ""ref"": ""Blankenburger Str. 149, 13127 Berlin""}",1002065623916128,images_filtered/postbox_node_7619618685_img_1002065623916128.jpg,52.588104796645,13.428414054227,228.61837892002,1632654243212,8.8
node/7619627786,52.5807278,13.4022512,"{""amenity"": ""post_box"", ""check_date:collection_times"": ""2026-03-03"", ""collection_times"": ""Mo-Fr 18:00"", ""operator"": ""PIN Mail"", ""operator:type"": ""private"", ""operator:wikidata"": ""Q1342288"", ""operator:wikipedia"": ""de:PIN Mail""}",1759995921222871,images_filtered/postbox_node_7619627786_img_1759995921222871.jpg,52.58074640767,13.402383131919,250.30442229035,1748106545226,6.6
node/7656902385,52.601929,13.3427094,"{""amenity"": ""post_box"", ""collection_times"": ""Mo-Fr 17:00; Sa 13:30"", ""operator"": ""Deutsche Post"", ""operator:wikidata"": ""Q157645"", ""operator:wikipedia"": ""de:Deutsche Post AG"", ""ref"": ""Herbsteiner Str. 26, 13435 Berlin""}",2908022519525101,images_filtered/postbox_node_7656902385_img_2908022519525101.jpg,52.602044194986,13.342761145917,232.76301089651,1619443299856,37.5
node/7656970285,52.6008187,13.3625721,"{""amenity"": ""post_box"", ""collection_times"": ""Mo-Fr 16:30; Sa 13:00"", ""operator"": ""Deutsche Post"", ""operator:wikidata"": ""Q157645"", ""operator:wikipedia"": ""de:Deutsche Post AG"", ""ref"": ""Wesendorfer Str. 2, 13439 Berlin""}",1098905773930074,images_filtered/postbox_node_7656970285_img_1098905773930074.jpg,52.600896377165,13.362273126853,149.59009321154,1582982974674,36.4
node/7658215485,52.6170014,13.3166285,"{""amenity"": ""post_box"", ""check_date:collection_times"": ""2026-08-24"", ""collection_times"": ""Mo-Fr 16:00; Sa 13:00"", ""operator"": ""Deutsche Post"", ""operator:wikidata"": ""Q157645"", ""ref"": ""Berliner Str. 23a, 13467 Berlin""}",1344854995896702,images_filtered/postbox_node_7658215485_img_1344854995896702.jpg,52.61685,13.316669444444,327,1618395461000,23.7
node/7658195085,52.606918,13.3250161,"{""amenity"": ""post_box"", ""check_date:collection_times"": ""2024-04-01"", ""collection_times"": ""Mo-Fr 16:00; Sa 13:00"", ""operator"": ""Deutsche Post"", ""operator:wikidata"": ""Q157645"", ""operator:wikipedia"": ""de:Deutsche Post AG"", ""ref"": ""Oraniendamm 6-10, 13469 Berlin""}",1135925146913024,images_filtered/postbox_node_7658195085_img_1135925146913024.jpg,52.606688888889,13.324847222222,0,1618395162000,24.1
node/7658235685,52.6387331,13.3053434,"{""amenity"": ""post_box"", ""collection_times"": ""Mo-Fr 17:00; Sa 13:00"", ""operator"": ""Deutsche Post"", ""operator:wikidata"": ""Q157645"", ""ref"": ""Oranienburger Ch. 64, 13465 Berlin""}",516629769344593,images_filtered/postbox_node_7658235685_img_516629769344593.jpg,52.638798421111,13.3052351975,163.765488,1524936230000,28.9
node/7658638999,52.5905992,13.2243987,"{""amenity"": ""post_box"", ""collection_times"": ""Mo-Fr 17:00; Sa 13:30"", ""operator"": ""Deutsche Post"", ""operator:wikidata"": ""Q157645"", ""operator:wikipedia"": ""de:Deutsche Post AG"", ""ref"": ""Sandhauser Str. 40, 13505 Berlin""}",560312535319388,images_filtered/postbox_node_7658638999_img_560312535319388.jpg,52.590729631533,13.224230306235,180.41684816918,1630762209084,38.5
node/7664091885,52.556914,13.4710153,"{""amenity"": ""post_box"", ""check_date:collection_times"": ""2026-06-11"", ""collection_times"": ""Mo-Fr 16:15; Sa 11:30"", ""operator"": ""Deutsche Post"", ""operator:wikidata"": ""Q157645"", ""operator:wikipedia"": ""de:Deutsche Post AG"", ""ref"": ""Bernkasteler Str. 8/9, 13088 Berlin""}",4461418783886226,images_filtered/postbox_node_7664091885_img_4461418783886226.jpg,52.55712553398,13.471335684893,254.94579001896,1588867840083,32.3
node/7705327785,52.5348081,13.4542322,"{""amenity"": ""post_box"", ""check_date:collection_times"": ""2024-08-28"", ""collection_times"": ""Mo-Fr 17:00; Sa 12:15"", ""operator"": ""Deutsche Post"", ""operator:wikidata"": ""Q157645"", ""operator:wikipedia"": ""de:Deutsche Post AG"", ""ref"": ""Storkower Str. 133, 10407 Berlin""}",3915148165233390,images_filtered/postbox_node_7705327785_img_3915148165233390.jpg,52.535071908545,13.453870648531,140.41394170303,1586263307766,0.2
node/7706711986,52.5581075,13.3323234,"{""amenity"": ""post_box"", ""collection_times"": ""Mo-Fr 16:00; Sa 11:30"", ""operator"": ""Deutsche Post"", ""operator:wikidata"": ""Q157645"", ""operator:wikipedia"": ""de:Deutsche Post AG"", ""ref"": ""Togostr. 30, 13351 Berlin""}",1293065548554835,images_filtered/postbox_node_7706711986_img_1293065548554835.jpg,52.558035598641,13.331943884413,126.65095170033,1727277669703,54.0
node/7706783085,52.5257619,13.3232178,"{""amenity"": ""post_box"", ""collection_times"": ""Mo-Fr"", ""operator"": ""PIN Mail"", ""operator:type"": ""private"", ""operator:wikidata"": ""Q1342288"", ""operator:wikipedia"": ""de:PIN Mail""}",1078098284543372,images_filtered/postbox_node_7706783085_img_1078098284543372.jpg,52.5256752,13.3234483,284.444,1780840510000,17.3
node/7706736485,52.5553078,13.3065546,"{""amenity"": ""post_box"", ""collection_times"": ""Mo-Fr 17:30; Sa 14:00"", ""operator"": ""Deutsche Post"", ""operator:wikidata"": ""Q157645"", ""ref"": ""Kurt-Schumacher-Damm 158, 13405 Berlin""}",173567237881476,images_filtered/postbox_node_7706736485_img_173567237881476.jpg,52.5554434,13.3065939,209.79569234876,1465647895276,19.8
node/7706712985,52.5591325,13.3369473,"{""amenity"": ""post_box"", ""collection_times"": ""Mo-Fr 14:00, 16:00; Sa 12:00"", ""last_checked"": ""2020-10-10"", ""operator"": ""Deutsche Post"", ""operator:wikidata"": ""Q157645"", ""operator:wikipedia"": ""de:Deutsche Post AG"", ""ref"": ""Müllerstr. 78, 13349 Berlin""}",1018619778670889,images_filtered/postbox_node_7706712985_img_1018619778670889.jpg,52.5589274,13.337292899972,0,1562002455000,45.7
node/7706712985,52.5591325,13.3369473,"{""amenity"": ""post_box"", ""collection_times"": ""Mo-Fr 14:00, 16:00; Sa 12:00"", ""last_checked"": ""2020-10-10"", ""operator"": ""Deutsche Post"", ""operator:wikidata"": ""Q157645"", ""operator:wikipedia"": ""de:Deutsche Post AG"", ""ref"": ""Müllerstr. 78, 13349 Berlin""}",1260325174571208,images_filtered/postbox_node_7706712985_img_1260325174571208.jpg,52.558961841327,13.33723981866,295.85260196592,1679910860216,18.0
node/7707089085,52.4291676,13.4703139,"{""amenity"": ""post_box"", ""check_date"": ""2026-09-11"", ""collection_times"": ""Mo-Fr 14:30, Sa 13:30"", ""operator"": ""Deutsche Post"", ""operator:wikidata"": ""Q157645"", ""operator:wikipedia"": ""de:Deutsche Post AG"", ""post_box:apertures"": ""1"", ""post_box:type"": ""pillar"", ""postal_code"": ""12351"", ""ref"": ""Lipschitzallee 20-22, 12351 Berlin"", ""support"": ""ground""}",1867941930350477,images_filtered/postbox_node_7707089085_img_1867941930350477.jpg,52.4290194,13.4705111,13.571,1725179948853,52.6
node/7709843085,52.5374993,13.3416145,"{""amenity"": ""post_box"", ""operator"": ""PIN Mail"", ""operator:type"": ""private"", ""operator:wikidata"": ""Q1342288""}",1033956889359713,images_filtered/postbox_node_7709843085_img_1033956889359713.jpg,52.5376459491,13.34195061588,260.39695739746,1785066082568,26.0
node/7710257455,52.4196775,13.3071412,"{""amenity"": ""post_box"", ""collection_times"": ""Mo-Fr 16:00; Sa 13:15"", ""operator"": ""Deutsche Post"", ""operator:wikidata"": ""Q157645"", ""operator:wikipedia"": ""de:Deutsche Post AG""}",1009867050353922,images_filtered/postbox_node_7710257455_img_1009867050353922.jpg,52.419725,13.30703,89.833090305328,1695116097383,35.2
node/7798227485,52.5528577,13.1737258,"{""amenity"": ""post_box"", ""collection_times"": ""Mo-Fr 16:00; Sa 12:30"", ""operator"": ""Deutsche Post"", ""operator:wikidata"": ""Q157645"", ""operator:wikipedia"": ""de:Deutsche Post AG"", ""ref"": ""Frankenwaldstr. 24, 13589 Berlin""}",203025844758736,images_filtered/postbox_node_7798227485_img_203025844758736.jpg,52.552651868207,13.173519804604,18.931823730469,1546087667191,12.4
node/7798192985,52.5419762,13.1832658,"{""amenity"": ""post_box"", ""check_date:collection_times"": ""2024-05-21"", ""collection_times"": ""Mo-Fr 17:00"", ""operator"": ""PIN Mail"", ""operator:type"": ""private"", ""operator:wikidata"": ""Q1342288""}",260116132570826,images_filtered/postbox_node_7798192985_img_260116132570826.jpg,52.542196987246,13.18347187714,181.96401168175,1621854184712,27.6
node/7798173485,52.5331833,13.1568588,"{""amenity"": ""post_box"", ""collection_times:signed"": ""no"", ""operator"": ""PIN Mail"", ""operator:type"": ""private"", ""operator:wikidata"": ""Q1342288""}",193837935912673,images_filtered/postbox_node_7798173485_img_193837935912673.jpg,52.533136388889,13.156775,-1,1430645045000,48.4
node/7798173485,52.5331833,13.1568588,"{""amenity"": ""post_box"", ""collection_times:signed"": ""no"", ""operator"": ""PIN Mail"", ""operator:type"": ""private"", ""operator:wikidata"": ""Q1342288""}",469379081013544,images_filtered/postbox_node_7798173485_img_469379081013544.jpg,52.533077185014,13.157003295389,264.0080871582,1594212529701,56.4
node/7798173485,52.5331833,13.1568588,"{""amenity"": ""post_box"", ""collection_times:signed"": ""no"", ""operator"": ""PIN Mail"", ""operator:type"": ""private"", ""operator:wikidata"": ""Q1342288""}",4520235868005658,images_filtered/postbox_node_7798173485_img_4520235868005658.jpg,52.533011963813,13.15647533035,86.292633056641,1594209814159,32.6
node/7800107085,52.5041232,13.2590502,"{""amenity"": ""post_box"", ""collection_times"": ""Mo-Fr 16:00; Sa 13:30"", ""operator"": ""Deutsche Post"", ""operator:wikidata"": ""Q157645"", ""ref"": ""Neidenburger Allee 16, 14055 Berlin""}",1089256768368448,images_filtered/postbox_node_7800107085_img_1089256768368448.jpg,52.504157699998,13.2591355,186.64159297943,1661615933109,49.8
node/7798622485,52.5389026,13.3220667,"{""amenity"": ""post_box"", ""collection_times"": ""Mo-Fr 16:00; Sa 12:00"", ""operator"": ""Deutsche Post"", ""operator:wikidata"": ""Q157645"", ""ref"": ""Friedrich-Olbricht-Damm 16, 13627 Berlin""}",1051435434349465,images_filtered/postbox_node_7798622485_img_1051435434349465.jpg,52.538807387513,13.322105035198,308.41134643555,1787310789118,37.8
node/7801085885,52.5500795,13.2002713,"{""amenity"": ""post_box"", ""check_date"": ""2026-07-16"", ""collection_times"": ""Mo-Fr 16:00; Sa 13:00"", ""operator"": ""Deutsche Post"", ""operator:wikidata"": ""Q157645"", ""operator:wikipedia"": ""de:Deutsche Post AG"", ""ref"": ""Schönwalder Str. 74, 13585 Berlin""}",1262137427516257,images_filtered/postbox_node_7801085885_img_1262137427516257.jpg,52.5499633,13.200223299972,0,1569067301000,14.1
node/7836656186,52.5037775,13.3760838,"{""amenity"": ""post_box"", ""check_date:collection_times"": ""2026-09-15"", ""collection_times"": ""Mo-Fr 17:15; Sa 14:15"", ""operator"": ""Deutsche Post"", ""operator:wikidata"": ""Q157645"", ""operator:wikipedia"": ""de:Deutsche Post AG"", ""ref"": ""Hafenplatz 7, 10963 Berlin""}",1254111800217136,images_filtered/postbox_node_7836656186_img_1254111800217136.jpg,52.503854557921,13.376491935936,207.29198540617,1776010288897,45.5
node/7839674048,52.4898527,13.4084258,"{""amenity"": ""post_box"", ""check_date"": ""2024-09-08"", ""check_date:collection_times"": ""2023-12-15"", ""collection_times"": ""Mo-Fr 18:00"", ""colour"": ""green"", ""operator"": ""PIN Mail"", ""operator:type"": ""private"", ""operator:wikidata"": ""Q1342288"", ""operator:wikipedia"": ""de:PIN Mail"", ""post_box:type"": ""pillar""}",137218511683373,images_filtered/postbox_node_7839674048_img_137218511683373.jpg,52.489946675536,13.408843483788,214.64945970818,1598373804474,35.1
node/7837466285,52.5130676,13.4122175,"{""amenity"": ""post_box"", ""collection_times"": ""Mo-Fr 13:15,15:45,17:45; Sa 14:45; Su 14:15"", ""operator"": ""PIN Mail"", ""operator:type"": ""private"", ""operator:wikidata"": ""Q1342288""}",1002287394725237,images_filtered/postbox_node_7837466285_img_1002287394725237.jpg,52.513087266174,13.412418030215,239.67722084846,1724416109640,21.2
node/7878435285,52.4409499,13.2234635,"{""amenity"": ""post_box"", ""collection_times"": ""Mo-Fr 16:00; Sa 13:30"", ""operator"": ""Deutsche Post"", ""operator:wikidata"": ""Q157645"", ""ref"": ""Schlickweg/Am Schlachtensee, 14129 Berlin""}",153382910127451,images_filtered/postbox_node_7878435285_img_153382910127451.jpg,52.441031690556,13.223678357778,207.565472,1524401538000,30.5
node/7880441085,52.4918206,13.2806263,"{""amenity"": ""post_box"", ""collection_times"": ""Mo-Fr 16:00; Sa 14:15"", ""operator"": ""Deutsche Post"", ""operator:wikidata"": ""Q157645"", ""operator:wikipedia"": ""de:Deutsche Post AG"", ""ref"": ""Koenigsallee 12, 14193 Berlin""}",215454766723867,images_filtered/postbox_node_7880441085_img_215454766723867.jpg,52.491627999972,13.280811899972,0,1498595076000,30.4
node/7880617585,52.4459752,13.2669837,"{""amenity"": ""post_box"", ""collection_times"": ""Mo-Fr 16:00; Sa 13:15"", ""operator"": ""Deutsche Post"", ""operator:wikidata"": ""Q157645"", ""operator:wikipedia"": ""de:Deutsche Post AG"", ""ref"": ""Sophie-Charlotte-Str./Waltraudstr., 14169 Berlin""}",246584143928203,images_filtered/postbox_node_7880617585_img_246584143928203.jpg,52.44588932557,13.266989441266,47.401428222656,1502983463001,49.7
node/7880917786,52.4159631,13.2769801,"{""amenity"": ""post_box"", ""check_date:collection_times"": ""2026-04-07"", ""collection_times"": ""Mo-Fr 16:00; Sa 12:30"", ""operator"": ""Deutsche Post"", ""operator:wikidata"": ""Q157645"", ""operator:wikipedia"": ""de:Deutsche Post AG"", ""ref"": ""Persantestr./Störstr., 14167 Berlin""}",317162356419536,images_filtered/postbox_node_7880917786_img_317162356419536.jpg,52.415871140089,13.27700962001,302.79139286528,1516459127000,46.1
node/7880876385,52.4260153,13.2913484,"{""amenity"": ""post_box"", ""collection_times"": ""Mo-Fr 15:15; Sa 12:30"", ""operator"": ""Deutsche Post"", ""operator:wikidata"": ""Q157645"", ""operator:wikipedia"": ""de:Deutsche Post AG"", ""ref"": ""Carstennstr. 36b, 12205 Berlin""}",128164152640456,images_filtered/postbox_node_7880876385_img_128164152640456.jpg,52.426267477543,13.291442516918,155.55212481801,1506255708885,37.3
node/7881141485,52.4372478,13.261944,"{""amenity"": ""post_box"", ""check_date:collection_times"": ""2024-02-12"", ""collection_times"": ""Mo-Fr 18:00"", ""operator"": ""PIN Mail"", ""operator:type"": ""private"", ""operator:wikidata"": ""Q1342288"", ""operator:wikipedia"": ""de:PIN Mail""}",120466673934704,images_filtered/postbox_node_7881141485_img_120466673934704.jpg,52.437108799972,13.2618813,0,1649861359000,15.4
node/7923624786,52.4068408,13.4120653,"{""amenity"": ""post_box"", ""collection_times"": ""Mo-Fr 17:15; Sa 14:30"", ""operator"": ""Deutsche Post"", ""operator:wikidata"": ""Q157645"", ""ref"": ""Griembergweg/Angermünder Str., 12305 Berlin""}",129411715847210,images_filtered/postbox_node_7923624786_img_129411715847210.jpg,52.4070303,13.4123262,277.79703474045,1486739363105,57.8
node/7923624786,52.4068408,13.4120653,"{""amenity"": ""post_box"", ""collection_times"": ""Mo-Fr 17:15; Sa 14:30"", ""operator"": ""Deutsche Post"", ""operator:wikidata"": ""Q157645"", ""ref"": ""Griembergweg/Angermünder Str., 12305 Berlin""}",502253070797064,images_filtered/postbox_node_7923624786_img_502253070797064.jpg,52.4066444,13.4122665,282.26331019402,1486739353164,45.7
node/7881294685,52.4126553,13.3005475,"{""amenity"": ""post_box"", ""collection_times"": ""Mo-Fr 16:00; Sa 13:15"", ""operator"": ""Deutsche Post"", ""operator:wikidata"": ""Q157645"", ""operator:wikipedia"": ""de:Deutsche Post AG"", ""ref"": ""Dorstener Str./Ostpreußendamm, 12207 Berlin""}",1028639388300379,images_filtered/postbox_node_7881294685_img_1028639388300379.jpg,52.412709,13.300419,67.830665588379,1695117083527,56.6
node/7922997185,52.4946553,13.4092135,"{""amenity"": ""post_box"", ""check_date"": ""2022-08-31"", ""collection_times"": ""Mo-Fr 17:30; Sa 14:30"", ""colour"": ""yellow"", ""operator"": ""Deutsche Post"", ""operator:wikidata"": ""Q157645"", ""operator:wikipedia"": ""de:Deutsche Post AG"", ""post_box:apertures"": ""2"", ""post_box:type"": ""lamp"", ""ref"": ""Dieffenbachstr. 1, 10967 Berlin"", ""support"": ""pole""}",130327649128450,images_filtered/postbox_node_7922997185_img_130327649128450.jpg,52.494654,13.409344,275.0148,1493653130356,4.1
node/7923782685,52.3913025,13.401949,"{""amenity"": ""post_box"", ""check_date:collection_times"": ""2024-10-11"", ""collection_times"": ""Mo-Fr 15:00; Sa 13:15"", ""operator"": ""Deutsche Post"", ""operator:wikidata"": ""Q157645"", ""operator:wikipedia"": ""de:Deutsche Post AG"", ""ref"": ""John-Locke-Str. 27, 12305 Berlin""}",171003311584567,images_filtered/postbox_node_7923782685_img_171003311584567.jpg,52.39137265312,13.401752922184,167.07342529297,1553167699457,46.7
node/7923736485,52.3855145,13.4250842,"{""amenity"": ""post_box"", ""check_date"": ""2021-05-18"", ""collection_times"": ""Mo-Fr 16:15; Sa 14:15"", ""operator"": ""Deutsche Post"", ""operator:wikidata"": ""Q157645"", ""operator:wikipedia"": ""de:Deutsche Post AG"", ""post_box:apertures"": ""1"", ""post_box:type"": ""pillar"", ""postal_code"": ""12309"", ""ref"": ""Pechsteinstr. 7a, 12309 Berlin"", ""support"": ""ground""}",192558146111056,images_filtered/postbox_node_7923736485_img_192558146111056.jpg,52.385656099972,13.424807599972,170,1557324836000,40.0
node/7923736485,52.3855145,13.4250842,"{""amenity"": ""post_box"", ""check_date"": ""2021-05-18"", ""collection_times"": ""Mo-Fr 16:15; Sa 14:15"", ""operator"": ""Deutsche Post"", ""operator:wikidata"": ""Q157645"", ""operator:wikipedia"": ""de:Deutsche Post AG"", ""post_box:apertures"": ""1"", ""post_box:type"": ""pillar"", ""postal_code"": ""12309"", ""ref"": ""Pechsteinstr. 7a, 12309 Berlin"", ""support"": ""ground""}",158322406162864,images_filtered/postbox_node_7923736485_img_158322406162864.jpg,52.3856789,13.424739,170,1557324835000,42.0
node/7925328886,52.4282776,13.2645241,"{""amenity"": ""post_box"", ""collection_times"": ""Mo-Fr 16:00; Sa 13:00"", ""operator"": ""Deutsche Post"", ""operator:wikidata"": ""Q157645"", ""operator:wikipedia"": ""de:Deutsche Post AG"", ""ref"": ""Prinz-Handjery-Str./Knesebeckstr., 14167 Berlin""}",307089907542686,images_filtered/postbox_node_7925328886_img_307089907542686.jpg,52.4280887,13.264595399972,0,1497713082000,13.0
node/7925328886,52.4282776,13.2645241,"{""amenity"": ""post_box"", ""collection_times"": ""Mo-Fr 16:00; Sa 13:00"", ""operator"": ""Deutsche Post"", ""operator:wikidata"": ""Q157645"", ""operator:wikipedia"": ""de:Deutsche Post AG"", ""ref"": ""Prinz-Handjery-Str./Knesebeckstr., 14167 Berlin""}",2828267544153977,images_filtered/postbox_node_7925328886_img_2828267544153977.jpg,52.4280101,13.2646356,0,1497713079000,14.3
node/7925328886,52.4282776,13.2645241,"{""amenity"": ""post_box"", ""collection_times"": ""Mo-Fr 16:00; Sa 13:00"", ""operator"": ""Deutsche Post"", ""operator:wikidata"": ""Q157645"", ""operator:wikipedia"": ""de:Deutsche Post AG"", ""ref"": ""Prinz-Handjery-Str./Knesebeckstr., 14167 Berlin""}",311844850309157,images_filtered/postbox_node_7925328886_img_311844850309157.jpg,52.428200799972,13.2645326,0,1497713087000,3.9
node/7972784685,52.4664815,13.3669319,"{""amenity"": ""post_box"", ""collection_times"": ""Mo-Fr 18:00"", ""colour"": ""green"", ""operator"": ""PIN Mail"", ""operator:type"": ""private"", ""operator:wikidata"": ""Q1342288""}",1300459643794951,images_filtered/postbox_node_7972784685_img_1300459643794951.jpg,52.466323199972,13.367099899972,0,1640531327000,32.9
node/7968410790,52.5121546,13.3769527,"{""amenity"": ""post_box"", ""check_date"": ""2026-06-12"", ""collection_times"": ""Mo-Fr 17:30; Sa 16:30"", ""note"": ""Zwei Briefkästen nebeneinander"", ""operator"": ""Deutsche Post"", ""operator:wikidata"": ""Q157645"", ""operator:wikipedia"": ""de:Deutsche Post AG"", ""post_box:apertures"": ""2"", ""post_box:type"": ""lamp"", ""postal_code"": ""10117"", ""ref"": ""Ebertstr. 1, 10117 Berlin"", ""support"": ""pole"", ""wheelchair"": ""yes""}",1021502145536408,images_filtered/postbox_node_7968410790_img_1021502145536408.jpg,52.511961300002,13.377176099998,347.85098409653,1693402462992,23.0
node/7968489586,52.4845962,13.3536031,"{""amenity"": ""post_box"", ""check_date:collection_times"": ""2024-04-26"", ""collection_times"": ""Mo-Fr 17:00"", ""operator"": ""PIN Mail"", ""operator:type"": ""private"", ""operator:wikidata"": ""Q1342288"", ""operator:wikipedia"": ""de:PIN Mail""}",1057928531865364,images_filtered/postbox_node_7968489586_img_1057928531865364.jpg,52.484627699999,13.353436200002,76.871658325195,1698759559219,30.3
node/7973340513,52.4164416,13.3615051,"{""amenity"": ""post_box"", ""brand"": ""Deutsche Post"", ""check_date"": ""2024-11-01"", ""collection_times"": ""Mo-Fr 14:00,17:00; Sa 14:00; Su 10:00"", ""colour"": ""yellow"", ""operator"": ""Deutsche Post"", ""operator:wikidata"": ""Q157645"", ""operator:wikipedia"": ""de:Deutsche Post AG"", ""post_box:type"": ""pillar"", ""ref"": ""Malteserstraße 170-172, 12277 Berlin"", ""wheelchair"": ""yes""}",1208005636343058,images_filtered/postbox_node_7973340513_img_1208005636343058.jpg,52.416238599972,13.361365799972,0,1625993564428,22.7
node/7973340513,52.4164416,13.3615051,"{""amenity"": ""post_box"", ""brand"": ""Deutsche Post"", ""check_date"": ""2024-11-01"", ""collection_times"": ""Mo-Fr 14:00,17:00; Sa 14:00; Su 10:00"", ""colour"": ""yellow"", ""operator"": ""Deutsche Post"", ""operator:wikidata"": ""Q157645"", ""operator:wikipedia"": ""de:Deutsche Post AG"", ""post_box:type"": ""pillar"", ""ref"": ""Malteserstraße 170-172, 12277 Berlin"", ""wheelchair"": ""yes""}",1216208622229426,images_filtered/postbox_node_7973340513_img_1216208622229426.jpg,52.416187899972,13.361504099972,0,1625993561429,0.1
node/8277622777,52.4528113,13.3415332,"{""amenity"": ""post_box"", ""collection_times"": ""Mo-Fr 15:45, Sa 12:15"", ""operator"": ""Deutsche Post"", ""operator:wikidata"": ""Q157645"", ""operator:wikipedia"": ""de:Deutsche Post AG"", ""ref"": ""Walsroder Str./Wilseder Str., 12169 Berlin""}",1150753065427682,images_filtered/postbox_node_8277622777_img_1150753065427682.jpg,52.452880555556,13.341422222222,91,1607085009000,44.7
node/7976194385,52.4877008,13.343571,"{""amenity"": ""post_box"", ""check_date:collection_times"": ""2023-11-11"", ""collection_times"": ""Mo-Fr 17:15; Sa 16:30"", ""operator"": ""Deutsche Post"", ""operator:wikidata"": ""Q157645"", ""operator:wikipedia"": ""de:Deutsche Post AG"", ""ref"": ""Apostel-Paulus-Str. 22, 10825 Berlin""}",1848105035367185,images_filtered/postbox_node_7976194385_img_1848105035367185.jpg,52.487852777778,13.343866666667,258,1442066690000,28.2
node/8277691668,52.4507628,13.3398822,"{""amenity"": ""post_box"", ""collection_times"": ""Mo-Fr 08:30,15:45,17:30,21:00, Sa 12:00, Su 21:00"", ""operator"": ""Deutsche Post"", ""operator:wikidata"": ""Q157645"", ""operator:wikipedia"": ""de:Deutsche Post AG"", ""ref"": ""Steglitzer Damm 22, 12169 Berlin""}",288141796321812,images_filtered/postbox_node_8277691668_img_288141796321812.jpg,52.450861111111,13.339825,102,1454759934000,58.5
node/8277691668,52.4507628,13.3398822,"{""amenity"": ""post_box"", ""collection_times"": ""Mo-Fr 08:30,15:45,17:30,21:00, Sa 12:00, Su 21:00"", ""operator"": ""Deutsche Post"", ""operator:wikidata"": ""Q157645"", ""operator:wikipedia"": ""de:Deutsche Post AG"", ""ref"": ""Steglitzer Damm 22, 12169 Berlin""}",1216080982183384,images_filtered/postbox_node_8277691668_img_1216080982183384.jpg,52.45097951,13.33982968,229.07154846191,1402504435000,57.5
node/8464276493,52.4697732,13.4632819,"{""amenity"": ""post_box"", ""check_date"": ""2021-02-25"", ""collection_times"": ""Mo-Fr 14:30,17:45,20:45; Sa 12:00; Su 20:45"", ""colour"": ""yellow"", ""material"": ""metal"", ""note"": ""Hier stehen tatsächlich zwei identische Briefkästen nebeneinander."", ""operator"": ""Deutsche Post"", ""operator:wikidata"": ""Q157645"", ""operator:wikipedia"": ""de:Deutsche Post AG"", ""post_box:apertures"": ""1"", ""post_box:type"": ""pillar"", ""postal_code"": ""12057"", ""ref"": ""Grenzallee 4-6, 12057 Berlin"", ""support"": ""ground""}",1320535739280391,images_filtered/postbox_node_8464276493_img_1320535739280391.jpg,52.469786,13.4636,274,1762263198046,7.8
node/8464276493,52.4697732,13.4632819,"{""amenity"": ""post_box"", ""check_date"": ""2021-02-25"", ""collection_times"": ""Mo-Fr 14:30,17:45,20:45; Sa 12:00; Su 20:45"", ""colour"": ""yellow"", ""material"": ""metal"", ""note"": ""Hier stehen tatsächlich zwei identische Briefkästen nebeneinander."", ""operator"": ""Deutsche Post"", ""operator:wikidata"": ""Q157645"", ""operator:wikipedia"": ""de:Deutsche Post AG"", ""post_box:apertures"": ""1"", ""post_box:type"": ""pillar"", ""postal_code"": ""12057"", ""ref"": ""Grenzallee 4-6, 12057 Berlin"", ""support"": ""ground""}",1027717761138307,images_filtered/postbox_node_8464276493_img_1027717761138307.jpg,52.469808273066,13.463416798053,226.01107977853,1636798188195,20.9
node/8675822036,52.4304628,13.5718459,"{""amenity"": ""post_box"", ""operator"": ""PIN AG""}",130567439117677,images_filtered/postbox_node_8675822036_img_130567439117677.jpg,52.430258899972,13.571817499972,0,1551017586000,4.9
node/8756979868,52.5251101,13.5572152,"{""amenity"": ""post_box"", ""check_date:collection_times"": ""2025-03-29"", ""collection_times"": ""Mo-Fr 18:00"", ""operator"": ""PIN Mail"", ""operator:type"": ""private"", ""operator:wikidata"": ""Q1342288""}",1178344735926038,images_filtered/postbox_node_8756979868_img_1178344735926038.jpg,52.52486551651,13.556912150247,75.676727294922,1600853857878,38.7
node/8829762217,52.4537676,13.3167797,"{""amenity"": ""post_box"", ""collection_times"": ""Mo-Fr 20:00"", ""operator"": ""PIN Mail"", ""operator:type"": ""private"", ""operator:wikidata"": ""Q1342288"", ""operator:wikipedia"": ""de:PIN Mail""}",1049454612129092,images_filtered/postbox_node_8829762217_img_1049454612129092.jpg,52.453783333333,13.316613888889,59.4,1518971082000,39.5
node/9167450331,52.5464582,13.4429772,"{""amenity"": ""post_box"", ""brand"": ""pin"", ""collection_times"": ""Mo-Fr 18:00"", ""drive_through"": ""no"", ""indoor"": ""yes"", ""opening_hours"": ""24/7"", ""operator"": ""PIN Mail"", ""operator:type"": ""private"", ""operator:wikidata"": ""Q1342288"", ""operator:wikipedia"": ""de:PIN Mail""}",221277036128694,images_filtered/postbox_node_9167450331_img_221277036128694.jpg,52.546200561386,13.443393521023,300.16085380909,1591446482647,15.3
node/9246411133,52.5316812,13.3211332,"{""amenity"": ""post_box"", ""collection_times"": ""Mo-Fr 17:00"", ""operator"": ""PIN Mail"", ""operator:type"": ""private"", ""operator:wikidata"": ""Q1342288""}",1273595299765317,images_filtered/postbox_node_9246411133_img_1273595299765317.jpg,52.5314788,13.3207228,0,1565117165000,51.0
node/9246411133,52.5316812,13.3211332,"{""amenity"": ""post_box"", ""collection_times"": ""Mo-Fr 17:00"", ""operator"": ""PIN Mail"", ""operator:type"": ""private"", ""operator:wikidata"": ""Q1342288""}",1135057296982466,images_filtered/postbox_node_9246411133_img_1135057296982466.jpg,52.5315299,13.320976699972,0,1568982587000,32.2
node/9488133726,52.4562092,13.3389036,"{""amenity"": ""post_box"", ""brand"": ""pin"", ""collection_times"": ""Mo-Fr 18:00; Sa,Su,PH off"", ""colour"": ""#1f8b25"", ""operator"": ""PIN Mail"", ""operator:type"": ""private"", ""operator:wikidata"": ""Q1342288"", ""post_box:type"": ""pillar"", ""support"": ""ground""}",1355714318148405,images_filtered/postbox_node_9488133726_img_1355714318148405.jpg,52.456391666667,13.338911111111,183,1439322030000,1.6
node/9329820746,52.4966848,13.523736,"{""amenity"": ""post_box"", ""collection_times"": ""Mo-Fr 20:00"", ""collection_times:signed"": ""no"", ""operator"": ""PIN Mail"", ""operator:type"": ""private"", ""operator:wikidata"": ""Q1342288""}",1020680275697298,images_filtered/postbox_node_9329820746_img_1020680275697298.jpg,52.496712881884,13.523316,60.91997385025,1698819284260,35.3
node/10172891518,52.482777,13.6018724,"{""amenity"": ""post_box"", ""collection_times"": ""Mo-Fr 17:00"", ""operator"": ""PIN Mail"", ""operator:type"": ""private"", ""operator:wikidata"": ""Q1342288""}",1264150510654182,images_filtered/postbox_node_10172891518_img_1264150510654182.jpg,52.4827364,13.6018068,0,1562868338000,44.5
node/11364167409,52.5083548,13.4629278,"{""amenity"": ""post_box"", ""check_date:collection_times"": ""2024-11-25"", ""collection_times"": ""Mo-Fr 18:00"", ""operator"": ""PIN Mail"", ""operator:type"": ""private"", ""operator:wikidata"": ""Q1342288""}",1045189139222248,images_filtered/postbox_node_11364167409_img_1045189139222248.jpg,52.508372655,13.462580870833,112.448584,1526057183000,17.6
node/12159563621,52.4671752,13.4891133,"{""amenity"": ""post_box"", ""check_date:collection_times"": ""2024-12-06"", ""collection_times"": ""Mo-Fr 18:00"", ""colour"": ""green"", ""operator"": ""PIN Mail"", ""operator:type"": ""private"", ""operator:wikidata"": ""Q1342288"", ""operator:wikipedia"": ""de:PIN Mail""}",3884252321623778,images_filtered/postbox_node_12159563621_img_3884252321623778.jpg,52.466911099972,13.489408299972,319.28911700129,1568806650000,6.5
node/12159563621,52.4671752,13.4891133,"{""amenity"": ""post_box"", ""check_date:collection_times"": ""2024-12-06"", ""collection_times"": ""Mo-Fr 18:00"", ""colour"": ""green"", ""operator"": ""PIN Mail"", ""operator:type"": ""private"", ""operator:wikidata"": ""Q1342288"", ""operator:wikipedia"": ""de:PIN Mail""}",302878601439867,images_filtered/postbox_node_12159563621_img_302878601439867.jpg,52.46717787,13.48952214,218.5226620286,1442313411641,50.9
node/12778624759,52.5243847,13.4012836,"{""access"": ""yes"", ""addr:floor"": ""0"", ""amenity"": ""post_box"", ""collection_times"": ""Mo-Fr"", ""colour"": ""green"", ""covered"": ""yes"", ""indoor"": ""no"", ""level"": ""0"", ""material"": ""steel"", ""operator"": ""Pin AG"", ""source"": ""survey"", ""support"": ""wall""}",1201167570331083,images_filtered/postbox_node_12778624759_img_1201167570331083.jpg,52.52443076,13.40091232,160.10665464401,1438803840645,58.6
node/13004427253,52.4815737,13.4347367,"{""amenity"": ""post_box"", ""check_date"": ""2025-12-20"", ""collection_times"": ""Mo-Fr 16:30"", ""colour"": ""yellow"", ""covered"": ""no"", ""material"": ""metal"", ""note"": ""Hier stehen tatsächlich zwei identische Briefkästen nebeneinander."", ""operator"": ""Deutsche Post"", ""operator:wikidata"": ""Q157645"", ""operator:wikipedia"": ""de:Deutsche Post AG"", ""post_box:type"": ""pillar"", ""support"": ""ground""}",1094473213243735,images_filtered/postbox_node_13004427253_img_1094473213243735.jpg,52.48143879236,13.434729147715,320.82688903809,1786283409131,41.1
node/13846942409,52.466774,13.3932366,"{""amenity"": ""post_box"", ""colour"": ""green"", ""operator"": ""PIN Mail""}",1003418347063470,images_filtered/postbox_node_13846942409_img_1003418347063470.jpg,52.466595368937,13.393490599559,311.69463234243,1494304556000,7.4
node/13846942409,52.466774,13.3932366,"{""amenity"": ""post_box"", ""colour"": ""green"", ""operator"": ""PIN Mail""}",1170494953375462,images_filtered/postbox_node_13846942409_img_1170494953375462.jpg,52.466659315056,13.393275513516,305.34356689453,1581678699303,43.0
