postbox_osm_id,postbox_lat,postbox_lon,postbox_tags,mapillary_image_id,image_path,image_lat,image_lon,compass_angle,captured_at_epoch_ms,bearing_diff_deg
node/68912013,52.5233589,13.5431897,"{""amenity"": ""post_box"", ""check_date"": ""2021-01-16"", ""collection_times"": ""Mo-Fr 15:15; Sa 13:30"", ""operator"": ""Deutsche Post"", ""operator:wikidata"": ""Q157645"", ""operator:wikipedia"": ""de:Deutsche Post AG"", ""ref"": ""Märkische Allee 68, 12681 Berlin""}",1000300147442148,images_filtered/postbox_node_68912013_img_1000300147442148.jpg,52.5232023,13.5432985,0,1568810248000,22.9
node/78244270,52.5072131,13.3980712,"{""amenity"": ""post_box"", ""collection_times"": ""Mo-Fr 15:30,17:15; Sa 14:15"", ""operator"": ""Deutsche Post"", ""operator:wikidata"": ""Q157645"", ""operator:wikipedia"": ""de:Deutsche Post AG"", ""ref"": ""Rudi-Dutschke-Str. 2, 10969 Berlin""}",124533777190374,images_filtered/postbox_node_78244270_img_124533777190374.jpg,52.507245582577,13.3979405556,144.62125612818,1674722258189,32.4
node/78244270,52.5072131,13.3980712,"{""amenity"": ""post_box"", ""collection_times"": ""Mo-Fr 15:30,17:15; Sa 14:15"", ""operator"": ""Deutsche Post"", ""operator:wikidata"": ""Q157645"", ""operator:wikipedia"": ""de:Deutsche Post AG"", ""ref"": ""Rudi-Dutschke-Str. 2, 10969 Berlin""}",1066080072172627,images_filtered/postbox_node_78244270_img_1066080072172627.jpg,52.507277308081,13.398026889203,119.81245063701,1754546819168,37.4
node/130602816,52.4388721,13.2878991,"{""amenity"": ""post_box"", ""check_date:collection_times"": ""2025-11-09"", ""collection_times"": ""Mo-Fr 15:00; Sa 12:15"", ""operator"": ""Deutsche Post"", ""operator:wikidata"": ""Q157645"", ""operator:wikipedia"": ""de:Deutsche Post AG"", ""ref"": ""Troppauer Str./Jägerndorfer Zeile, 12205 Berlin""}",157902682951520,images_filtered/postbox_node_130602816_img_157902682951520.jpg,52.438968359542,13.288235189406,193.42429730028,1603627841751,51.4
node/172839051,52.5521239,13.3493199,"{""amenity"": ""post_box"", ""check_date"": ""2026-02-17"", ""collection_times"": ""Mo-Fr 14:00,16:00; Sa 12:00"", ""operator"": ""Deutsche Post"", ""operator:wikidata"": ""Q157645"", ""operator:wikipedia"": ""de:Deutsche Post AG"", ""ref"": ""Müllerstr. 48, 13349 Berlin""}",1010245760833782,images_filtered/postbox_node_172839051_img_1010245760833782.jpg,52.551881899972,13.3496617,0,1724496041000,40.7
node/247631566,52.4038062,13.5705702,"{""amenity"": ""post_box"", ""brand"": ""Deutsche Post"", ""collection_times"": ""Mo-Fr 16:15; Sa 12:30"", ""operator"": ""Deutsche Post"", ""operator:wikidata"": ""Q157645"", ""operator:wikipedia"": ""de:Deutsche Post AG"", ""postal_code"": ""12526"", ""ref"": ""Buntzelstr./Binswanger Steig, 12526 Berlin""}",1394634374301108,images_filtered/postbox_node_247631566_img_1394634374301108.jpg,52.403730099972,13.5707646,0,1644665159000,57.3
node/247631566,52.4038062,13.5705702,"{""amenity"": ""post_box"", ""brand"": ""Deutsche Post"", ""collection_times"": ""Mo-Fr 16:15; Sa 12:30"", ""operator"": ""Deutsche Post"", ""operator:wikidata"": ""Q157645"", ""operator:wikipedia"": ""de:Deutsche Post AG"", ""postal_code"": ""12526"", ""ref"": ""Buntzelstr./Binswanger Steig, 12526 Berlin""}",257307796556299,images_filtered/postbox_node_247631566_img_257307796556299.jpg,52.403661999972,13.5707953,0,1644665157000,43.6
node/254135724,52.4853641,13.3626047,"{""amenity"": ""post_box"", ""collection_times"": ""Mo-Fr 17:15; Sa 14:00"", ""operator"": ""Deutsche Post"", ""operator:wikidata"": ""Q157645"", ""operator:wikipedia"": ""de:Deutsche Post AG"", ""ref"": ""Gustav-Müller-Str. 48, 10829 Berlin""}",1134438257042765,images_filtered/postbox_node_254135724_img_1134438257042765.jpg,52.485544444444,13.362547222222,117,1551970054000,52.0
node/254307083,52.5036331,13.3274719,"{""amenity"": ""post_box"", ""collection_times"": ""Mo-Fr 17:15; Sa 16:45"", ""operator"": ""Deutsche Post"", ""operator:wikidata"": ""Q157645"", ""operator:wikipedia"": ""de:Deutsche Post AG"", ""ref"": ""Fasanenstr. 20, 10623 Berlin""}",1019185060697764,images_filtered/postbox_node_254307083_img_1019185060697764.jpg,52.5033899,13.3275371,0,1783613090500,9.3
node/254307083,52.5036331,13.3274719,"{""amenity"": ""post_box"", ""collection_times"": ""Mo-Fr 17:15; Sa 16:45"", ""operator"": ""Deutsche Post"", ""operator:wikidata"": ""Q157645"", ""operator:wikipedia"": ""de:Deutsche Post AG"", ""ref"": ""Fasanenstr. 20, 10623 Berlin""}",2900017100302541,images_filtered/postbox_node_254307083_img_2900017100302541.jpg,52.503416799972,13.3275298,0,1642251435000,9.3
node/254337022,52.503675,13.3072467,"{""amenity"": ""post_box"", ""check_date:collection_times"": ""2026-04-18"", ""collection_times"": ""Mo-Fr 15:15; Sa 15:45"", ""operator"": ""Deutsche Post"", ""operator:wikidata"": ""Q157645"", ""operator:wikipedia"": ""de:Deutsche Post AG"", ""ref"": ""Mommsenstr. 30, 10629 Berlin""}",1068919948683751,images_filtered/postbox_node_254337022_img_1068919948683751.jpg,52.5036586,13.3072394,0,1755159115500,15.2
node/254992621,52.4877399,13.2630071,"{""amenity"": ""post_box"", ""collection_times"": ""Mo-Fr 16:30,21:00; Sa 13:45"", ""operator"": ""Deutsche Post"", ""operator:wikidata"": ""Q157645"", ""operator:wikipedia"": ""de:Deutsche Post AG"", ""ref"": ""Am Bahnhof Grunewald 10, 14193 Berlin""}",1177609853095897,images_filtered/postbox_node_254992621_img_1177609853095897.jpg,52.4875296,13.263362199972,0,1467144953026,45.8
node/257908325,52.4475356,13.5667524,"{""amenity"": ""post_box"", ""brand"": ""Deutsche Post"", ""collection_times"": ""Mo-Fr 16:15, Sa 13:15"", ""operator"": ""Deutsche Post"", ""operator:wikidata"": ""Q157645"", ""operator:wikipedia"": ""de:Deutsche Post AG"", ""postal_code"": ""12555"", ""ref"": ""Färberstraße 26, 12555 Berlin""}",226596919906311,images_filtered/postbox_node_257908325_img_226596919906311.jpg,52.447421,13.566519,0,1678265121000,51.1
node/258411392,52.4790664,13.3204987,"{""amenity"": ""post_box"", ""check_date:collection_times"": ""2026-08-27"", ""collection_times"": ""Mo-Fr 17:00; Sa 16:00"", ""operator"": ""Deutsche Post"", ""operator:wikidata"": ""Q157645"", ""operator:wikipedia"": ""de:Deutsche Post AG"", ""ref"": ""Blissestr. 67, 10713 Berlin""}",1613067085569766,images_filtered/postbox_node_258411392_img_1613067085569766.jpg,52.478877777778,13.320919444444,281,1608896982000,25.4
node/258411392,52.4790664,13.3204987,"{""amenity"": ""post_box"", ""check_date:collection_times"": ""2026-08-27"", ""collection_times"": ""Mo-Fr 17:00; Sa 16:00"", ""operator"": ""Deutsche Post"", ""operator:wikidata"": ""Q157645"", ""operator:wikipedia"": ""de:Deutsche Post AG"", ""ref"": ""Blissestr. 67, 10713 Berlin""}",1103125026839492,images_filtered/postbox_node_258411392_img_1103125026839492.jpg,52.478797222222,13.320391666667,5,1474823467000,8.6
node/263704560,52.5103729,13.513159,"{""amenity"": ""post_box"", ""collection_times"": ""Mo-Fr 17:30, Sa 11:15"", ""operator"": ""Deutsche Post"", ""operator:wikidata"": ""Q157645"", ""operator:wikipedia"": ""de:Deutsche Post AG"", ""ref"": ""Alt-Friedrichsfelde 103, 10315 Berlin""}",1189903548869950,images_filtered/postbox_node_263704560_img_1189903548869950.jpg,52.5102941,13.5133697,0,1720164534500,58.4
node/261737542,52.5246906,13.3277382,"{""amenity"": ""post_box"", ""check_date:collection_times"": ""2025-10-15"", ""collection_times"": ""Mo-Fr 17:00; Sa 12:00"", ""operator"": ""Deutsche Post"", ""operator:wikidata"": ""Q157645"", ""operator:wikipedia"": ""de:Deutsche Post AG"", ""ref"": ""Beusselstr. 1, 10553 Berlin""}",1023350145392432,images_filtered/postbox_node_261737542_img_1023350145392432.jpg,52.5245606,13.3274528,23.49,1702722930000,29.7
node/266087601,52.4871334,13.357036,"{""amenity"": ""post_box"", ""collection_times"": ""Mo-Fr 18:00; Sa 14:45"", ""operator"": ""Deutsche Post"", ""operator:wikidata"": ""Q157645"", ""operator:wikipedia"": ""de:Deutsche Post AG"", ""ref"": ""Hauptstr. 17, 10827 Berlin""}",1091316434696020,images_filtered/postbox_node_266087601_img_1091316434696020.jpg,52.486966666667,13.357097222222,300,1585399979000,47.4
node/266087601,52.4871334,13.357036,"{""amenity"": ""post_box"", ""collection_times"": ""Mo-Fr 18:00; Sa 14:45"", ""operator"": ""Deutsche Post"", ""operator:wikidata"": ""Q157645"", ""operator:wikipedia"": ""de:Deutsche Post AG"", ""ref"": ""Hauptstr. 17, 10827 Berlin""}",1023364076134086,images_filtered/postbox_node_266087601_img_1023364076134086.jpg,52.4873425,13.3572591,209.569,1720970197000,3.4
node/266087601,52.4871334,13.357036,"{""amenity"": ""post_box"", ""collection_times"": ""Mo-Fr 18:00; Sa 14:45"", ""operator"": ""Deutsche Post"", ""operator:wikidata"": ""Q157645"", ""operator:wikipedia"": ""de:Deutsche Post AG"", ""ref"": ""Hauptstr. 17, 10827 Berlin""}",1043638174428807,images_filtered/postbox_node_266087601_img_1043638174428807.jpg,52.486974299972,13.3570107,0,1723211000000,5.5
node/266629544,52.5139512,13.6121488,"{""amenity"": ""post_box"", ""collection_times"": ""Mo-Fr 15:45; Sa 14:30"", ""operator"": ""Deutsche Post"", ""operator:wikidata"": ""Q157645"", ""operator:wikipedia"": ""de:Deutsche Post AG"", ""ref"": ""Hönower Str. 102. 12623 Berlin""}",1033593057215734,images_filtered/postbox_node_266629544_img_1033593057215734.jpg,52.513990667698,13.611879833055,146.25447546618,1618650848683,42.7
node/267079788,52.4588034,13.525511,"{""amenity"": ""post_box"", ""check_date"": ""2025-03-25"", ""collection_times"": ""Sa 13:15; Mo-Fr 16:30"", ""operator"": ""Deutsche Post"", ""operator:wikidata"": ""Q157645"", ""operator:wikipedia"": ""de:Deutsche Post AG"", ""postal_code"": ""12459"", ""ref"": ""Wilhelminenhofstr. 76-77, 12459 Berlin""}",157017916355177,images_filtered/postbox_node_267079788_img_157017916355177.jpg,52.459042843383,13.52532666456,122.6690294808,1441565181003,32.2
node/267840696,52.4904885,13.4486485,"{""amenity"": ""post_box"", ""check_date"": ""2024-12-13"", ""collection_times"": ""Mo-Fr 15:00,17:00; Sa 14:00"", ""operator"": ""Deutsche Post"", ""operator:wikidata"": ""Q157645"", ""operator:wikipedia"": ""de:Deutsche Post AG"", ""post_box:apertures"": ""2"", ""post_box:type"": ""lamp"", ""postal_code"": ""12435"", ""ref"": ""Bouchéstraße 20-21, 12435 Berlin"", ""support"": ""pole""}",1111515787458722,images_filtered/postbox_node_267840696_img_1111515787458722.jpg,52.490442810908,13.449002892174,278.51703603834,1748879091156,3.4
node/267840696,52.4904885,13.4486485,"{""amenity"": ""post_box"", ""check_date"": ""2024-12-13"", ""collection_times"": ""Mo-Fr 15:00,17:00; Sa 14:00"", ""operator"": ""Deutsche Post"", ""operator:wikidata"": ""Q157645"", ""operator:wikipedia"": ""de:Deutsche Post AG"", ""post_box:apertures"": ""2"", ""post_box:type"": ""lamp"", ""postal_code"": ""12435"", ""ref"": ""Bouchéstraße 20-21, 12435 Berlin"", ""support"": ""pole""}",1099019484707925,images_filtered/postbox_node_267840696_img_1099019484707925.jpg,52.490355593642,13.448768204671,271.67626577906,1711286438507,59.6
node/268788417,52.6192791,13.2392248,"{""amenity"": ""post_box"", ""collection_times"": ""Mo-Sa 17:00; Su 12:30"", ""obstacle:parking"": ""yes"", ""operator"": ""Deutsche Post"", ""operator:wikidata"": ""Q157645"", ""operator:wikipedia"": ""de:Deutsche Post AG"", ""ref"": ""Ruppiner Ch. 309, 13503 Berlin""}",1097714095713091,images_filtered/postbox_node_268788417_img_1097714095713091.jpg,52.6190796,13.2396362,306,1749631656604,2.6
node/271419835,52.5193611,13.2994344,"{""amenity"": ""post_box"", ""check_date:collection_times"": ""2026-04-09"", ""collection_times"": ""Mo-Fr 17:45; Sa 14:45"", ""operator"": ""Deutsche Post"", ""operator:wikidata"": ""Q157645"", ""operator:wikipedia"": ""de:Deutsche Post AG"", ""ref"": ""Kaiser-Friedrich-Str. 1, 10585 Berlin""}",1028727178619551,images_filtered/postbox_node_271419835_img_1028727178619551.jpg,52.519183599972,13.299763999972,0,1718534712500,48.5
node/271732920,52.4790346,13.3536297,"{""amenity"": ""post_box"", ""check_date"": ""2022-08-08"", ""collection_times"": ""Mo-Fr 16:30,17:30, Sa 16:45"", ""operator"": ""Deutsche Post"", ""operator:wikidata"": ""Q157645"", ""operator:wikipedia"": ""de:Deutsche Post AG"", ""ref"": ""Sachsendamm 1, 10829 Berlin""}",1142760794714030,images_filtered/postbox_node_271732920_img_1142760794714030.jpg,52.4792328,13.3538639,250,1763541813071,34.3
node/271729223,52.5276034,13.3274821,"{""amenity"": ""post_box"", ""collection_times"": ""Mo-Fr 17:15; Sa 12:15"", ""operator"": ""Deutsche Post"", ""operator:wikidata"": ""Q157645"", ""operator:wikipedia"": ""de:Deutsche Post AG"", ""ref"": ""Huttenstr. 4, 10553 Berlin"", ""source:collection_times"": ""survey"", ""source:ref"": ""survey""}",163940532759930,images_filtered/postbox_node_271729223_img_163940532759930.jpg,52.527427099972,13.3277684,0,1650712579000,44.7
node/271884091,52.5131413,13.3971217,"{""amenity"": ""post_box"", ""check_date:collection_times"": ""2026-09-08"", ""collection_times"": ""Mo-Fr 17:00; Sa 15:45"", ""operator"": ""Deutsche Post"", ""operator:wikidata"": ""Q157645"", ""operator:wikipedia"": ""de:Deutsche Post AG"", ""post_box:type"": ""lamp"", ""ref"": ""Hausvogteiplatz 12-13, 10117 Berlin"", ""support"": ""pole"", ""wheelchair"": ""yes""}",1041535160800786,images_filtered/postbox_node_271884091_img_1041535160800786.jpg,52.513027999972,13.396862499972,0,1727336096000,54.3
node/274069512,52.4291784,13.3415553,"{""amenity"": ""post_box"", ""collection_times"": ""Mo-Fr 13:00,16:30; Sa 12:30"", ""operator"": ""Deutsche Post"", ""operator:wikidata"": ""Q157645"", ""operator:wikipedia"": ""de:Deutsche Post AG"", ""ref"": ""Seydlitzstr./Frobenstr., 12249 Berlin""}",117516764276194,images_filtered/postbox_node_274069512_img_117516764276194.jpg,52.4291336,13.3414462,0,1662292622000,56.0
node/273439038,52.5111835,13.3982065,"{""amenity"": ""post_box"", ""check_date"": ""2025-03-09"", ""check_date:collection_times"": ""2025-03-09"", ""collection_times"": ""Mo-Fr 17:00; Sa 15:45"", ""operator"": ""Deutsche Post"", ""operator:wikidata"": ""Q157645"", ""operator:wikipedia"": ""de:Deutsche Post AG"", ""ref"": ""Leipziger Str. 55-56, 10117 Berlin""}",1011107990503446,images_filtered/postbox_node_273439038_img_1011107990503446.jpg,52.511080599972,13.397932799972,0,1725023617500,58.3
node/274864208,52.52548,13.1968424,"{""amenity"": ""post_box"", ""collection_times"": ""Mo-Fr 15:45; Sa 12:00"", ""operator"": ""Deutsche Post"", ""operator:wikidata"": ""Q157645"", ""operator:wikipedia"": ""de:Deutsche Post AG"", ""ref"": ""Pichelsdorfer Str. 125, 13595 Berlin"", ""wheelchair"": ""yes""}",178748570801676,images_filtered/postbox_node_274864208_img_178748570801676.jpg,52.525446899972,13.1968472,0,1564402720000,5.0
node/274238080,52.49094,13.3690802,"{""amenity"": ""post_box"", ""collection_times"": ""Mo-Fr 17:30; Sa 16:30"", ""drive_through"": ""no"", ""operator"": ""Deutsche Post"", ""operator:wikidata"": ""Q157645"", ""operator:wikipedia"": ""de:Deutsche Post AG"", ""ref"": ""Großgörschenstr. 26, 10829 Berlin""}",790531052104980,images_filtered/postbox_node_274238080_img_790531052104980.jpg,52.4908975,13.369028099972,0,1658059953000,36.7
node/274912115,52.5496063,13.1313669,"{""amenity"": ""post_box"", ""collection_times"": ""Sa 13:00; Mo-Fr 15:00"", ""obstacle:parking"": ""yes"", ""operator"": ""Deutsche Post"", ""operator:wikidata"": ""Q157645"", ""operator:wikipedia"": ""de:Deutsche Post AG"", ""ref"": ""Seegefelder Weg 456, 13591 Berlin""}",312734836866224,images_filtered/postbox_node_274912115_img_312734836866224.jpg,52.549589532476,13.13164925204,294.98523161852,1634728119251,19.4
node/274912115,52.5496063,13.1313669,"{""amenity"": ""post_box"", ""collection_times"": ""Sa 13:00; Mo-Fr 15:00"", ""obstacle:parking"": ""yes"", ""operator"": ""Deutsche Post"", ""operator:wikidata"": ""Q157645"", ""operator:wikipedia"": ""de:Deutsche Post AG"", ""ref"": ""Seegefelder Weg 456, 13591 Berlin""}",392320365774258,images_filtered/postbox_node_274912115_img_392320365774258.jpg,52.5496151811,13.131562331704,295.88607311335,1634728120751,30.2
node/277364442,52.4947238,13.3462774,"{""amenity"": ""post_box"", ""collection_times"": ""Mo-Fr 17:15; Sa 16:15"", ""operator"": ""Deutsche Post"", ""operator:wikidata"": ""Q157645"", ""operator:wikipedia"": ""de:Deutsche Post AG"", ""ref"": ""Martin-Luther-Str. 35, 10779 Berlin""}",1024608497946852,images_filtered/postbox_node_277364442_img_1024608497946852.jpg,52.494616399972,13.3462124,0,1559928623000,20.2
node/278131943,52.5394493,13.2052525,"{""amenity"": ""post_box"", ""check_date:collection_times"": ""2026-04-22"", ""collection_times"": ""Mo-Fr 16:00; Sa 13:00"", ""operator"": ""Deutsche Post"", ""operator:wikidata"": ""Q157645"", ""operator:wikipedia"": ""de:Deutsche Post AG"", ""ref"": ""Am Juliusturm 105a, 13597 Berlin""}",1016050013084204,images_filtered/postbox_node_278131943_img_1016050013084204.jpg,52.5394108,13.205158,90,1723112450000,33.8
node/278445956,52.56647,13.5130362,"{""amenity"": ""post_box"", ""collection_times"": ""Mo-Fr 17:00; Sa 12:00"", ""operator"": ""Deutsche Post"", ""operator:wikidata"": ""Q157645"", ""operator:wikipedia"": ""de:Deutsche Post AG"", ""ref"": ""Falkenberger Ch. 87, 13051 Berlin""}",1031497287648715,images_filtered/postbox_node_278445956_img_1031497287648715.jpg,52.566385699972,13.512992,0,1591461570500,17.7
node/278445956,52.56647,13.5130362,"{""amenity"": ""post_box"", ""collection_times"": ""Mo-Fr 17:00; Sa 12:00"", ""operator"": ""Deutsche Post"", ""operator:wikidata"": ""Q157645"", ""operator:wikipedia"": ""de:Deutsche Post AG"", ""ref"": ""Falkenberger Ch. 87, 13051 Berlin""}",1079303556956493,images_filtered/postbox_node_278445956_img_1079303556956493.jpg,52.5665108,13.5133718,239.683,1748590739000,19.0
node/280053673,52.4940939,13.2993295,"{""amenity"": ""post_box"", ""check_date:collection_times"": ""2024-09-14"", ""collection_times"": ""Mo-Fr 15:15,17:30; Sa 16:30"", ""operator"": ""Deutsche Post"", ""operator:wikidata"": ""Q157645"", ""operator:wikipedia"": ""de:Deutsche Post AG"", ""ref"": ""Paulsborner Str. 17, 10709 Berlin""}",1029423371110495,images_filtered/postbox_node_280053673_img_1029423371110495.jpg,52.494047899972,13.299355999972,0,1650913676000,19.3
node/280053673,52.4940939,13.2993295,"{""amenity"": ""post_box"", ""check_date:collection_times"": ""2024-09-14"", ""collection_times"": ""Mo-Fr 15:15,17:30; Sa 16:30"", ""operator"": ""Deutsche Post"", ""operator:wikidata"": ""Q157645"", ""operator:wikipedia"": ""de:Deutsche Post AG"", ""ref"": ""Paulsborner Str. 17, 10709 Berlin""}",1058952218058566,images_filtered/postbox_node_280053673_img_1058952218058566.jpg,52.493847799972,13.298993499972,0,1658939767000,39.7
node/280053186,52.4798433,13.305483,"{""amenity"": ""post_box"", ""collection_times"": ""Mo-Fr 16:00; Sa 12:30"", ""operator"": ""Deutsche Post"", ""operator:wikidata"": ""Q157645"", ""ref"": ""Forckenbeckstr. 9-13, 14199 Berlin""}",1414574198881201,images_filtered/postbox_node_280053186_img_1414574198881201.jpg,52.479861111111,13.305344444444,130,1440331415000,28.1
node/280842517,52.5265527,13.335573,"{""amenity"": ""post_box"", ""collection_times"": ""Mo-Fr 15:30, Sa 12:00"", ""operator"": ""Deutsche Post"", ""operator:wikidata"": ""Q157645"", ""operator:wikipedia"": ""de:Deutsche Post AG"", ""ref"": ""Ottostr. 22, 10555 Berlin""}",131860002259712,images_filtered/postbox_node_280842517_img_131860002259712.jpg,52.5265933,13.33525331,96.554354190826,1424869189000,5.2
node/280733740,52.4697685,13.4632731,"{""amenity"": ""post_box"", ""check_date"": ""2021-02-25"", ""collection_times"": ""Mo-Fr 14:30,17:45,20:45; Sa 12:00; Su 20:45"", ""colour"": ""yellow"", ""material"": ""metal"", ""note"": ""Hier stehen tatsächlich zwei identische Briefkästen nebeneinander."", ""operator"": ""Deutsche Post"", ""operator:wikidata"": ""Q157645"", ""operator:wikipedia"": ""de:Deutsche Post AG"", ""post_box:apertures"": ""1"", ""post_box:type"": ""pillar"", ""postal_code"": ""12057"", ""ref"": ""Grenzallee 4-6, 12057 Berlin"", ""support"": ""ground""}",1012108999435628,images_filtered/postbox_node_280733740_img_1012108999435628.jpg,52.469612599972,13.4636995,0,1648032512000,59.0
node/282614544,52.5340966,13.197987,"{""amenity"": ""post_box"", ""check_date"": ""2025-07-04"", ""check_date:collection_times"": ""2025-07-04"", ""collection_times"": ""Mo-Fr 17:00; Sa 14:00; Su 09:30"", ""count"": ""2"", ""operator"": ""Deutsche Post"", ""operator:wikidata"": ""Q157645"", ""operator:wikipedia"": ""de:Deutsche Post AG"", ""ref"": ""Klosterstr. 3, 13581 Berlin"", ""toilets:wheelchair"": ""no"", ""wheelchair"": ""yes""}",204214454864952,images_filtered/postbox_node_282614544_img_204214454864952.jpg,52.534,13.197861111111,82.46948348078,1562416982000,44.1
node/282614544,52.5340966,13.197987,"{""amenity"": ""post_box"", ""check_date"": ""2025-07-04"", ""check_date:collection_times"": ""2025-07-04"", ""collection_times"": ""Mo-Fr 17:00; Sa 14:00; Su 09:30"", ""count"": ""2"", ""operator"": ""Deutsche Post"", ""operator:wikidata"": ""Q157645"", ""operator:wikipedia"": ""de:Deutsche Post AG"", ""ref"": ""Klosterstr. 3, 13581 Berlin"", ""toilets:wheelchair"": ""no"", ""wheelchair"": ""yes""}",149513743856426,images_filtered/postbox_node_282614544_img_149513743856426.jpg,52.534018658787,13.197836692769,104.67669134533,1562416980000,55.1
node/283443545,52.5229069,13.3341075,"{""amenity"": ""post_box"", ""collection_times"": ""Sa 12:00; Mo-Fr 15:30"", ""operator"": ""Deutsche Post"", ""operator:wikidata"": ""Q157645"", ""operator:wikipedia"": ""de:Deutsche Post AG"", ""ref"": ""Jagowstr. 17, 10555 Berlin""}",358482959696977,images_filtered/postbox_node_283443545_img_358482959696977.jpg,52.522648599972,13.3339373,0,1657607032500,21.8
node/283223363,52.5499006,13.3577861,"{""amenity"": ""post_box"", ""check_date"": ""2026-03-24"", ""check_date:collection_times"": ""2026-03-24"", ""collection_times"": ""Mo-Fr 15:00; Sa 11:00"", ""operator"": ""Deutsche Post"", ""operator:wikidata"": ""Q157645"", ""operator:wikipedia"": ""de:Deutsche Post AG"", ""ref"": ""Utrechter Str. 22, 13347 Berlin""}",1212801670001971,images_filtered/postbox_node_283223363_img_1212801670001971.jpg,52.550006574069,13.35806725548,265.80134250991,1729589773899,27.6
node/281775177,52.5568312,13.4306546,"{""amenity"": ""post_box"", ""collection_times"": ""Mo-Fr 16:00; Sa 11:30"", ""operator"": ""Deutsche Post"", ""operator:wikidata"": ""Q157645"", ""operator:wikipedia"": ""de:Deutsche Post AG"", ""ref"": ""Am Steinberg 14, 13086 Berlin""}",1018195079094128,images_filtered/postbox_node_281775177_img_1018195079094128.jpg,52.55698182625,13.430660739554,233.43926374729,1646756403182,52.0
node/286200272,52.5022744,13.4327415,"{""amenity"": ""post_box"", ""check_date"": ""2025-08-23"", ""check_date:collection_times"": ""2025-08-23"", ""collection_times"": ""Mo-Fr 17:15; Sa 14:15"", ""colour"": ""yellow"", ""operator"": ""Deutsche Post"", ""operator:wikidata"": ""Q157645"", ""operator:wikipedia"": ""de:Deutsche Post AG"", ""post_box:apertures"": ""2"", ""post_box:type"": ""lamp"", ""ref"": ""Wrangelstr. 24, 10997 Berlin"", ""support"": ""pole""}",1001457627468574,images_filtered/postbox_node_286200272_img_1001457627468574.jpg,52.502499413725,13.432449689147,128.95479793444,1646813029211,12.8
node/289221106,52.4874921,13.476947,"{""amenity"": ""post_box"", ""check_date"": ""2026-09-02"", ""check_date:collection_times"": ""2026-09-02"", ""collection_times"": ""Mo-Fr 16:45; Sa 13:30"", ""operator"": ""Deutsche Post"", ""ref"": ""Alt Treptow, 12435 Berlin""}",1135409356935984,images_filtered/postbox_node_289221106_img_1135409356935984.jpg,52.487466599972,13.4769331,0,1560086346000,18.4
node/292092376,52.5244271,13.4653081,"{""amenity"": ""post_box"", ""check_date:collection_times"": ""2025-05-11"", ""collection_times"": ""Mo-Fr 18:00; Sa 12:15"", ""drive_through"": ""no"", ""operator"": ""Deutsche Post"", ""operator:wikidata"": ""Q157645"", ""operator:wikipedia"": ""de:Deutsche Post AG"", ""ref"": ""Storkower Str. 207, 10369 Berlin""}",1038637524617204,images_filtered/postbox_node_292092376_img_1038637524617204.jpg,52.524248,13.465683,287,1733826229113,21.1
node/294095295,52.501686,13.3133317,"{""amenity"": ""post_box"", ""check_date:collection_times"": ""2026-08-23"", ""collection_times"": ""Mo-Fr 15:00; Sa 15:45"", ""operator"": ""Deutsche Post"", ""operator:wikidata"": ""Q157645"", ""operator:wikipedia"": ""de:Deutsche Post AG"", ""ref"": ""Leibnizstr. 53, 10629 Berlin""}",265891049194937,images_filtered/postbox_node_294095295_img_265891049194937.jpg,52.5015225,13.313107799972,0,1683457879500,39.8
node/294095295,52.501686,13.3133317,"{""amenity"": ""post_box"", ""check_date:collection_times"": ""2026-08-23"", ""collection_times"": ""Mo-Fr 15:00; Sa 15:45"", ""operator"": ""Deutsche Post"", ""operator:wikidata"": ""Q157645"", ""operator:wikipedia"": ""de:Deutsche Post AG"", ""ref"": ""Leibnizstr. 53, 10629 Berlin""}",603163494811340,images_filtered/postbox_node_294095295_img_603163494811340.jpg,52.501951400002,13.3132895,190.38947105408,1659811639407,15.9
node/296294434,52.4214418,13.3223951,"{""amenity"": ""post_box"", ""collection_times"": ""Mo-Fr 13:45,17:30; Sa 13:30"", ""operator"": ""Deutsche Post"", ""operator:wikidata"": ""Q157645"", ""operator:wikipedia"": ""de:Deutsche Post AG"", ""ref"": ""Am Pfarracker/Schöffenstr., 12209 Berlin""}",147414694062000,images_filtered/postbox_node_296294434_img_147414694062000.jpg,52.421621287912,13.322620165934,259.7100536041,1502731619104,42.3
node/296294434,52.4214418,13.3223951,"{""amenity"": ""post_box"", ""collection_times"": ""Mo-Fr 13:45,17:30; Sa 13:30"", ""operator"": ""Deutsche Post"", ""operator:wikidata"": ""Q157645"", ""operator:wikipedia"": ""de:Deutsche Post AG"", ""ref"": ""Am Pfarracker/Schöffenstr., 12209 Berlin""}",772916850085624,images_filtered/postbox_node_296294434_img_772916850085624.jpg,52.421626718744,13.322748455741,266.02922820312,1502731616892,36.7
node/297219169,52.4875859,13.3306666,"{""amenity"": ""post_box"", ""collection_times"": ""Mo-Fr 18:15; Sa 16:30"", ""operator"": ""Deutsche Post"", ""operator:wikidata"": ""Q157645"", ""operator:wikipedia"": ""de:Deutsche Post AG"", ""ref"": ""Bundesallee 40, 10715 Berlin""}",1195719251100226,images_filtered/postbox_node_297219169_img_1195719251100226.jpg,52.4877995,13.3306838,177.282,1685038247000,5.5
node/298116135,52.4779662,13.1968587,"{""amenity"": ""post_box"", ""brand"": ""Deutsche Post"", ""check_date"": ""2025-01-12"", ""collection_times"": ""Mo-Sa 09:00"", ""operator"": ""Deutsche Post"", ""operator:wikidata"": ""Q157645"", ""post_box:type"": ""lamp"", ""ref"": ""Havelchaussee, 14193 Berlin""}",460130205062745,images_filtered/postbox_node_298116135_img_460130205062745.jpg,52.477788888889,13.197269444444,299,1450871829000,6.3
node/298094780,52.4843978,13.3849125,"{""amenity"": ""post_box"", ""check_date"": ""2025-10-24"", ""check_date:collection_times"": ""2025-10-24"", ""collection_times"": ""Mo-Fr 18:00; Sa 13:30"", ""operator"": ""Deutsche Post"", ""operator:wikidata"": ""Q157645"", ""operator:wikipedia"": ""de:Deutsche Post AG"", ""ref"": ""Manfred-von-Richthofen-Str. 2, 12101 Berlin""}",107285061707731,images_filtered/postbox_node_298094780_img_107285061707731.jpg,52.48424137846,13.384861100532,347.39767456055,1636545565520,23.9
node/297906252,52.5137724,13.3367121,"{""addr:floor"": ""0"", ""amenity"": ""post_box"", ""brand"": ""Deutsche Post"", ""brand:wikidata"": ""Q5266289"", ""check_date"": ""2025-12-03"", ""check_date:collection_times"": ""2024-07-18"", ""collection_times"": ""Mo-Fr 17:00, Sa 14:00"", ""colour"": ""yellow"", ""covered"": ""no"", ""drive_through"": ""no"", ""indoor"": ""no"", ""level"": ""0"", ""material"": ""steel"", ""operator"": ""Deutsche Post"", ""operator:wikidata"": ""Q157645"", ""operator:wikipedia"": ""de:Deutsche Post AG"", ""post_box:type"": ""pillar"", ""ref"": ""Str. des 17. Juni 100, 10557 Berlin"", ""source"": ""survey"", ""support"": ""ground""}",1009226140832277,images_filtered/postbox_node_297906252_img_1009226140832277.jpg,52.513519399972,13.336922299972,0,1717332156000,26.8
node/297906252,52.5137724,13.3367121,"{""addr:floor"": ""0"", ""amenity"": ""post_box"", ""brand"": ""Deutsche Post"", ""brand:wikidata"": ""Q5266289"", ""check_date"": ""2025-12-03"", ""check_date:collection_times"": ""2024-07-18"", ""collection_times"": ""Mo-Fr 17:00, Sa 14:00"", ""colour"": ""yellow"", ""covered"": ""no"", ""drive_through"": ""no"", ""indoor"": ""no"", ""level"": ""0"", ""material"": ""steel"", ""operator"": ""Deutsche Post"", ""operator:wikidata"": ""Q157645"", ""operator:wikipedia"": ""de:Deutsche Post AG"", ""post_box:type"": ""pillar"", ""ref"": ""Str. des 17. Juni 100, 10557 Berlin"", ""source"": ""survey"", ""support"": ""ground""}",1040710021908915,images_filtered/postbox_node_297906252_img_1040710021908915.jpg,52.5135142,13.3366275,0,1785527083500,11.3
node/301688655,52.5335561,13.4364894,"{""amenity"": ""post_box"", ""collection_times"": ""Mo-Fr 16:45; Sa 12:00"", ""operator"": ""Deutsche Post"", ""operator:wikidata"": ""Q157645"", ""operator:wikipedia"": ""de:Deutsche Post AG"", ""ref"": ""Bötzowstr. 49, 10407 Berlin""}",1067539344366937,images_filtered/postbox_node_301688655_img_1067539344366937.jpg,52.5333188,13.436219499972,0,1706621253000,34.7
node/301997312,52.455601,13.3702667,"{""amenity"": ""post_box"", ""check_date:collection_times"": ""2026-02-15"", ""collection_times"": ""Mo-Fr 17:15; Sa 14:30"", ""colour"": ""yellow"", ""direction"": ""5"", ""material"": ""metal"", ""operator"": ""Deutsche Post"", ""operator:wikidata"": ""Q157645"", ""operator:wikipedia"": ""de:Deutsche Post AG"", ""ref"": ""Arnulfstr. 89, 12105 Berlin"", ""support"": ""pole""}",1059604331197095,images_filtered/postbox_node_301997312_img_1059604331197095.jpg,52.455630555556,13.369905555556,92,1461410846000,5.6
node/301780848,52.4175957,13.3323019,"{""amenity"": ""post_box"", ""collection_times"": ""Mo-Fr 15:30; Sa 13:00"", ""operator"": ""Deutsche Post"", ""operator:wikidata"": ""Q157645"", ""operator:wikipedia"": ""de:Deutsche Post AG"", ""ref"": ""Scheelestr./Hildburghauser Str., 12209 Berlin""}",1664470074034593,images_filtered/postbox_node_301780848_img_1664470074034593.jpg,52.4177863,13.3318775,106.631,1687272786000,19.7
node/304001470,52.5305508,13.4558959,"{""amenity"": ""post_box"", ""check_date"": ""2021-06-21"", ""check_date:collection_times"": ""2023-11-24"", ""collection_times"": ""Mo-Fr 17:00; Sa 12:15"", ""operator"": ""Deutsche Post"", ""operator:wikidata"": ""Q157645"", ""operator:wikipedia"": ""de:Deutsche Post AG"", ""post_box:apertures"": ""2"", ""post_box:type"": ""lamp"", ""postal_code"": ""10407"", ""ref"": ""Storkower Str. 158, 10407 Berlin"", ""support"": ""pole""}",1023545952051887,images_filtered/postbox_node_304001470_img_1023545952051887.jpg,52.5303703,13.4561612,0,1704368237500,41.8
node/304001470,52.5305508,13.4558959,"{""amenity"": ""post_box"", ""check_date"": ""2021-06-21"", ""check_date:collection_times"": ""2023-11-24"", ""collection_times"": ""Mo-Fr 17:00; Sa 12:15"", ""operator"": ""Deutsche Post"", ""operator:wikidata"": ""Q157645"", ""operator:wikipedia"": ""de:Deutsche Post AG"", ""post_box:apertures"": ""2"", ""post_box:type"": ""lamp"", ""postal_code"": ""10407"", ""ref"": ""Storkower Str. 158, 10407 Berlin"", ""support"": ""pole""}",112608384231281,images_filtered/postbox_node_304001470_img_112608384231281.jpg,52.53057099418,13.456225041313,321.04272020505,1594032157251,56.8
node/304001473,52.5288078,13.4561189,"{""amenity"": ""post_box"", ""check_date"": ""2025-06-09"", ""check_date:collection_times"": ""2025-06-09"", ""collection_times"": ""Mo-Fr 17:00; Sa 12:15"", ""drive_through"": ""no"", ""operator"": ""Deutsche Post"", ""operator:wikidata"": ""Q157645"", ""operator:wikipedia"": ""de:Deutsche Post AG"", ""postal_code"": ""10407"", ""ref"": ""Landsberger Allee 117a, 10407 Berlin""}",1035978843906756,images_filtered/postbox_node_304001473_img_1035978843906756.jpg,52.528649,13.455979299972,0,1675512953000,28.1
node/306431405,52.4526332,13.2867306,"{""amenity"": ""post_box"", ""check_date:collection_times"": ""2024-01-04"", ""collection_times"": ""Mo-Fr 15:30; Sa 13:30"", ""operator"": ""Deutsche Post"", ""operator:wikidata"": ""Q157645"", ""operator:wikipedia"": ""de:Deutsche Post AG"", ""ref"": ""Thielallee/Otto-von-Simson-Str., 14195 Berlin""}",1395718188406330,images_filtered/postbox_node_306431405_img_1395718188406330.jpg,52.4527998,13.2863675,144.817,1743938968000,17.8
node/305044989,52.4742125,13.445722,"{""access"": ""yes"", ""addr:floor"": ""0"", ""amenity"": ""post_box"", ""check_date"": ""2024-12-20"", ""collection_times"": ""Mo-Fr 14:00,16:15; Sa 14:30"", ""colour"": ""yellow"", ""covered"": ""no"", ""indoor"": ""no"", ""level"": ""0"", ""material"": ""steel"", ""operator"": ""Deutsche Post"", ""operator:wikidata"": ""Q157645"", ""operator:wikipedia"": ""de:Deutsche Post AG"", ""post_box:apertures"": ""2"", ""post_box:type"": ""lamp"", ""postal_code"": ""12055"", ""ref"": ""Richardplatz, 12055 Berlin"", ""source"": ""survey"", ""support"": ""pole""}",1025354517996632,images_filtered/postbox_node_305044989_img_1025354517996632.jpg,52.474331022289,13.445797786129,254.50451405832,1605950240366,53.2
node/305044989,52.4742125,13.445722,"{""access"": ""yes"", ""addr:floor"": ""0"", ""amenity"": ""post_box"", ""check_date"": ""2024-12-20"", ""collection_times"": ""Mo-Fr 14:00,16:15; Sa 14:30"", ""colour"": ""yellow"", ""covered"": ""no"", ""indoor"": ""no"", ""level"": ""0"", ""material"": ""steel"", ""operator"": ""Deutsche Post"", ""operator:wikidata"": ""Q157645"", ""operator:wikipedia"": ""de:Deutsche Post AG"", ""post_box:apertures"": ""2"", ""post_box:type"": ""lamp"", ""postal_code"": ""12055"", ""ref"": ""Richardplatz, 12055 Berlin"", ""source"": ""survey"", ""support"": ""pole""}",1009900651103307,images_filtered/postbox_node_305044989_img_1009900651103307.jpg,52.4742047,13.445594,66.233,1743845983000,18.1
node/305044989,52.4742125,13.445722,"{""access"": ""yes"", ""addr:floor"": ""0"", ""amenity"": ""post_box"", ""check_date"": ""2024-12-20"", ""collection_times"": ""Mo-Fr 14:00,16:15; Sa 14:30"", ""colour"": ""yellow"", ""covered"": ""no"", ""indoor"": ""no"", ""level"": ""0"", ""material"": ""steel"", ""operator"": ""Deutsche Post"", ""operator:wikidata"": ""Q157645"", ""operator:wikipedia"": ""de:Deutsche Post AG"", ""post_box:apertures"": ""2"", ""post_box:type"": ""lamp"", ""postal_code"": ""12055"", ""ref"": ""Richardplatz, 12055 Berlin"", ""source"": ""survey"", ""support"": ""pole""}",1027783404797591,images_filtered/postbox_node_305044989_img_1027783404797591.jpg,52.4739962,13.445632899972,0,1652177927000,14.1
node/304417089,52.4437479,13.126466,"{""amenity"": ""post_box"", ""collection_times"": ""Mo-Sa 09:00"", ""operator"": ""Deutsche Post"", ""operator:wikidata"": ""Q157645"", ""ref"": ""Sakrower Kirchweg 101, 14089 Berlin""}",1694893084856433,images_filtered/postbox_node_304417089_img_1694893084856433.jpg,52.4438663,13.1263345,90.042,1743946661000,55.9
node/304417089,52.4437479,13.126466,"{""amenity"": ""post_box"", ""collection_times"": ""Mo-Sa 09:00"", ""operator"": ""Deutsche Post"", ""operator:wikidata"": ""Q157645"", ""ref"": ""Sakrower Kirchweg 101, 14089 Berlin""}",1698680584638315,images_filtered/postbox_node_304417089_img_1698680584638315.jpg,52.443856,13.1261354,85.143,1743946652000,33.1
node/306457405,52.4993491,13.3073891,"{""amenity"": ""post_box"", ""check_date:collection_times"": ""2026-08-26"", ""collection_times"": ""Mo-Fr 15:45; Sa 16:15"", ""operator"": ""Deutsche Post"", ""operator:wikidata"": ""Q157645"", ""operator:wikipedia"": ""de:Deutsche Post AG"", ""postal_code"": ""10707"", ""ref"": ""Brandenburgische Str. 32, 10707 Berlin""}",1075653037730070,images_filtered/postbox_node_306457405_img_1075653037730070.jpg,52.49909,13.307334,343,1726034484391,24.4
node/307830386,52.5324153,13.4238571,"{""amenity"": ""post_box"", ""check_date:collection_times"": ""2025-01-20"", ""collection_times"": ""Mo-Fr 15:15,17:15; Sa 12:30"", ""operator"": ""Deutsche Post"", ""operator:wikidata"": ""Q157645"", ""operator:wikipedia"": ""de:Deutsche Post AG"", ""ref"": ""Winsstr. 65, 10405 Berlin"", ""wheelchair"": ""limited""}",140070714720474,images_filtered/postbox_node_307830386_img_140070714720474.jpg,52.532224827495,13.423720523728,37.840827654486,1604560582749,14.3
node/309845827,52.4828228,13.2854104,"{""amenity"": ""post_box"", ""collection_times"": ""Mo-Fr 16:00; Sa 14:00"", ""direction"": ""180"", ""operator"": ""Deutsche Post"", ""operator:wikidata"": ""Q157645"", ""operator:wikipedia"": ""de:Deutsche Post AG"", ""ref"": ""Delbrückstr./Franzensbadener Str., 14193 Berlin""}",424839382943681,images_filtered/postbox_node_309845827_img_424839382943681.jpg,52.482623971446,13.285700514281,0,1658938762000,41.6
node/309846182,52.4791803,13.286035,"{""amenity"": ""post_box"", ""collection_times"": ""Mo-Fr 18:00; Sa 13:00; Su 09:45"", ""operator"": ""Deutsche Post"", ""operator:wikidata"": ""Q157645"", ""operator:wikipedia"": ""de:Deutsche Post AG"", ""ref"": ""Kissinger Str. 1-2, 14199 Berlin"", ""wheelchair"": ""yes""}",1088041065021132,images_filtered/postbox_node_309846182_img_1088041065021132.jpg,52.478960399972,13.286045899972,0,1557842938000,1.7
node/308811169,52.5497391,13.4140581,"{""access"": ""yes"", ""addr:floor"": ""0"", ""amenity"": ""post_box"", ""check_date:collection_times"": ""2026-09-09"", ""collection_times"": ""Mo-Fr 16:45; Sa 12:00; Su 09:00"", ""colour"": ""yellow"", ""covered"": ""no"", ""indoor"": ""no"", ""level"": ""0"", ""material"": ""steel"", ""operator"": ""Deutsche Post"", ""operator:wikidata"": ""Q157645"", ""operator:wikipedia"": ""de:Deutsche Post AG"", ""post_box:type"": ""pillar"", ""ref"": ""Schönhauser Allee 79, 10437 Berlin"", ""source"": ""survey"", ""support"": ""ground""}",1036857907060528,images_filtered/postbox_node_308811169_img_1036857907060528.jpg,52.549512,13.4142834,0,1631038004000,31.1
node/308593857,52.512207,13.3901322,"{""amenity"": ""post_box"", ""check_date"": ""2026-07-29"", ""check_date:collection_times"": ""2026-07-29"", ""collection_times"": ""Mo-Fr 17:15; Sa 16:00"", ""name"": ""Anton-Wilhelm-Amo-Str. 50, 10117 Berlin"", ""operator"": ""Deutsche Post"", ""operator:wikidata"": ""Q157645"", ""operator:wikipedia"": ""de:Deutsche Post AG"", ""post_box:type"": ""lamp"", ""ref"": ""Mohrenstr. 50, 10117 Berlin""}",1001275249602049,images_filtered/postbox_node_308593857_img_1001275249602049.jpg,52.512171999972,13.3901988,0,1788683353000,49.2
node/310377182,52.4833485,13.3451885,"{""amenity"": ""post_box"", ""collection_times"": ""Mo-Fr 17:30; Sa 16:45"", ""operator"": ""Deutsche Post"", ""operator:wikidata"": ""Q157645"", ""operator:wikipedia"": ""de:Deutsche Post AG"", ""ref"": ""Martin-Luther-Str. 105, 10825 Berlin""}",1119867655491403,images_filtered/postbox_node_310377182_img_1119867655491403.jpg,52.483211099972,13.3449901,0,1640533079000,41.3
node/311083553,52.496562,13.299985,"{""amenity"": ""post_box"", ""check_date:collection_times"": ""2024-09-14"", ""collection_times"": ""Mo-Fr 12:15,15:45,17:45, Sa 16:00"", ""operator"": ""Deutsche Post"", ""operator:wikidata"": ""Q157645"", ""operator:wikipedia"": ""de:Deutsche Post AG"", ""postal_code"": ""10709"", ""ref"": ""Nestorstr. 50-51, 10709 Berlin""}",118649186899557,images_filtered/postbox_node_311083553_img_118649186899557.jpg,52.49652214385,13.299943162645,361.93811035156,1397635759000,30.6
node/311552753,52.5673031,13.3631322,"{""amenity"": ""post_box"", ""collection_times"": ""Mo-Fr 16:00; Sa 12:00"", ""operator"": ""Deutsche Post"", ""operator:wikidata"": ""Q157645"", ""operator:wikipedia"": ""de:Deutsche Post AG"", ""ref"": ""Amendestr. 2, 13409 Berlin""}",102527216039660,images_filtered/postbox_node_311552753_img_102527216039660.jpg,52.5670827,13.3628169,0,1671797454000,41.0
node/311553543,52.5544817,13.3658701,"{""amenity"": ""post_box"", ""check_date"": ""2025-04-04"", ""check_date:collection_times"": ""2023-11-17"", ""collection_times"": ""Mo-Fr 15:00; Sa 12:00"", ""operator"": ""Deutsche Post"", ""operator:wikidata"": ""Q157645"", ""operator:wikipedia"": ""de:Deutsche Post AG"", ""ref"": ""Reinickendorfer Str. 61, 13347 Berlin""}",1158729587923420,images_filtered/postbox_node_311553543_img_1158729587923420.jpg,52.554325,13.36625,357,1469802217000,52.8
node/311767298,52.4046843,13.3822918,"{""amenity"": ""post_box"", ""collection_times"": ""Mo-Fr 17:15;Sa 13:45"", ""operator"": ""Deutsche Post"", ""operator:wikidata"": ""Q157645"", ""operator:wikipedia"": ""de:Deutsche Post AG"", ""ref"": ""Motzener Str./Nunsdorfer Ring, 12277 Berlin""}",1347889499939277,images_filtered/postbox_node_311767298_img_1347889499939277.jpg,52.40467,13.382128,72.919162273407,1707204946585,8.9
node/312602741,52.4984932,13.2964323,"{""amenity"": ""post_box"", ""check_date:collection_times"": ""2024-07-06"", ""collection_times"": ""Mo-Fr 12:15,15:15,16:15,17:15,21:45; Sa 16:15; Su 21:45"", ""operator"": ""Deutsche Post"", ""operator:wikidata"": ""Q157645"", ""operator:wikipedia"": ""de:Deutsche Post AG"", ""ref"": ""Joachim-Friedrich-Str. 17, 10711 Berlin""}",4058243990922877,images_filtered/postbox_node_312602741_img_4058243990922877.jpg,52.498615910348,13.296218449262,178.3884425614,1619875888986,45.1
node/312604075,52.5019941,13.3008793,"{""amenity"": ""post_box"", ""check_date:collection_times"": ""2024-07-06"", ""collection_times"": ""Mo-Fr 12:15,15:15,17:45, Sa 16:00"", ""operator"": ""Deutsche Post"", ""operator:wikidata"": ""Q157645"", ""operator:wikipedia"": ""de:Deutsche Post AG"", ""ref"": ""Sybelstr. 24, 10629 Berlin""}",1175670232882695,images_filtered/postbox_node_312604075_img_1175670232882695.jpg,52.501749275301,13.300664545981,6.39449824833,1601208051426,21.7
node/313235191,52.4288842,13.3175847,"{""amenity"": ""post_box"", ""check_date:collection_times"": ""2026-06-06"", ""collection_times"": ""Mo-Fr 16:30; Sa 12:45"", ""operator"": ""Deutsche Post"", ""operator:wikidata"": ""Q157645"", ""operator:wikipedia"": ""de:Deutsche Post AG"", ""ref"": ""Ostpreußendamm/Schillerstr., 12207 Berlin""}",1166567943804468,images_filtered/postbox_node_313235191_img_1166567943804468.jpg,52.429099003833,13.317638318998,171.70287344611,1587042205299,17.0
node/314024251,52.5018392,13.310307,"{""amenity"": ""post_box"", ""check_date:collection_times"": ""2026-04-25"", ""collection_times"": ""Mo-Fr 16:15; Sa 16:15"", ""operator"": ""Deutsche Post"", ""operator:wikidata"": ""Q157645"", ""operator:wikipedia"": ""de:Deutsche Post AG"", ""ref"": ""Giesebrechtstr. 15, 10629 Berlin""}",211771837181532,images_filtered/postbox_node_314024251_img_211771837181532.jpg,52.501715364112,13.310399147689,326.97631835938,1550750379838,8.7
node/314761437,52.4277131,13.3238839,"{""amenity"": ""post_box"", ""collection_times"": ""Mo-Fr 16:30; Sa 13:00"", ""operator"": ""Deutsche Post"", ""operator:wikidata"": ""Q157645"", ""operator:wikipedia"": ""de:Deutsche Post AG"", ""ref"": ""Morgensternstr. 2-3, 12207 Berlin""}",1204539404660191,images_filtered/postbox_node_314761437_img_1204539404660191.jpg,52.427588,13.323919,319,1768810073096,31.3
node/315809721,52.4890532,13.3460825,"{""amenity"": ""post_box"", ""check_date:collection_times"": ""2026-04-10"", ""collection_times"": ""Mo-Fr 17:00; Sa 16:15"", ""operator"": ""Deutsche Post"", ""operator:wikidata"": ""Q157645"", ""operator:wikipedia"": ""de:Deutsche Post AG"", ""ref"": ""Grunewaldstr. 67, 10823 Berlin""}",10040820992614722,images_filtered/postbox_node_315809721_img_10040820992614722.jpg,52.489246776837,13.346132885897,203.78359352151,1745741295158,14.8
node/317183780,52.454845,13.3272305,"{""amenity"": ""post_box"", ""collection_times"": ""Mo-Fr 14:00,16:15, Sa 13:00"", ""mapillary"": ""337593487706769"", ""obstacle:parking"": ""yes"", ""operator"": ""Deutsche Post"", ""operator:wikidata"": ""Q157645"", ""operator:wikipedia"": ""de:Deutsche Post AG"", ""post_box:type"": ""lamp"", ""ref"": ""Albrechtstr. 115, 12167 Berlin"", ""support"": ""pole""}",1045756483638625,images_filtered/postbox_node_317183780_img_1045756483638625.jpg,52.454652777778,13.327661111111,268,1718463173661,38.2
node/316534138,52.4980838,13.2976214,"{""access"": ""yes"", ""addr:floor"": ""0"", ""amenity"": ""post_box"", ""collection_times"": ""Mo-Fr 15:45; Sa 16:00; Su 09:00"", ""covered"": ""no"", ""indoor"": ""no"", ""level"": ""0"", ""material"": ""steel"", ""name"": ""Kurfürstendamm 142, 10709 Berlin"", ""operator"": ""Deutsche Post"", ""operator:wikidata"": ""Q157645"", ""operator:wikipedia"": ""de:Deutsche Post AG"", ""post_box:type"": ""pillar"", ""source"": ""survey"", ""support"": ""ground""}",1163426755560778,images_filtered/postbox_node_316534138_img_1163426755560778.jpg,52.498304720833,13.297721008333,255.18513495795,1745651629250,59.8
node/316534138,52.4980838,13.2976214,"{""access"": ""yes"", ""addr:floor"": ""0"", ""amenity"": ""post_box"", ""collection_times"": ""Mo-Fr 15:45; Sa 16:00; Su 09:00"", ""covered"": ""no"", ""indoor"": ""no"", ""level"": ""0"", ""material"": ""steel"", ""name"": ""Kurfürstendamm 142, 10709 Berlin"", ""operator"": ""Deutsche Post"", ""operator:wikidata"": ""Q157645"", ""operator:wikipedia"": ""de:Deutsche Post AG"", ""post_box:type"": ""pillar"", ""source"": ""survey"", ""support"": ""ground""}",1188254139794404,images_filtered/postbox_node_316534138_img_1188254139794404.jpg,52.4983007,13.2979491,257,1772012307010,34.4
node/317445803,52.516076,13.4401907,"{""amenity"": ""post_box"", ""check_date:collection_times"": ""2026-09-02"", ""collection_times"": ""Mo-Fr 17:45; Sa 14:45"", ""operator"": ""Deutsche Post"", ""operator:wikidata"": ""Q157645"", ""operator:wikipedia"": ""de:Deutsche Post AG"", ""ref"": ""Str. der Pariser Kommune 37, 10243 Berlin""}",1020653693383312,images_filtered/postbox_node_317445803_img_1020653693383312.jpg,52.5158386,13.4401989,0,1750228728500,1.2
node/319211584,52.5220469,13.4348022,"{""amenity"": ""post_box"", ""check_date"": ""2024-10-12"", ""check_date:collection_times"": ""2024-10-12"", ""collection_times"": ""Mo-Fr 15:00,17:15; Sa 14:15"", ""operator"": ""Deutsche Post"", ""operator:wikidata"": ""Q157645"", ""operator:wikipedia"": ""de:Deutsche Post AG"", ""ref"": ""Friedenstr. 36, 10249 Berlin""}",1035120805464626,images_filtered/postbox_node_319211584_img_1035120805464626.jpg,52.522222409074,13.43463091181,116.57852199388,1749020083518,32.7
node/322660639,52.51968,13.4117037,"{""amenity"": ""post_box"", ""collection_times"": ""Mo-Fr 17:15; Sa 16:15; Su 09:00"", ""operator"": ""Deutsche Post"", ""operator:wikidata"": ""Q157645"", ""operator:wikipedia"": ""de:Deutsche Post AG"", ""ref"": ""Grunerstr. 5-7, 10179 Berlin""}",1001522115495161,images_filtered/postbox_node_322660639_img_1001522115495161.jpg,52.5194586,13.4118992,0,1747236042000,28.2
node/320029871,52.5094076,13.5042338,"{""amenity"": ""post_box"", ""check_date:collection_times"": ""2026-05-04"", ""collection_times"": ""Mo-Fr 16:30; Sa 12:15"", ""operator"": ""Deutsche Post"", ""operator:wikidata"": ""Q157645"", ""operator:wikipedia"": ""de:Deutsche Post AG"", ""ref"": ""Einbecker Str. 44, 10315 Berlin""}",1073663264921553,images_filtered/postbox_node_320029871_img_1073663264921553.jpg,52.509476635654,13.504205485818,123.30303211128,1755674193556,42.7
node/324205073,52.5712783,13.4993373,"{""amenity"": ""post_box"", ""collection_times"": ""Mo-Fr 17:15; Sa 12:15"", ""operator"": ""Deutsche Post"", ""operator:wikidata"": ""Q157645"", ""operator:wikipedia"": ""de:Deutsche Post AG"", ""ref"": ""Ribnitzer Str. 12, 13051 Berlin""}",1017188595710819,images_filtered/postbox_node_324205073_img_1017188595710819.jpg,52.571263164331,13.499488402171,237.6474395405,1660575476235,41.7
node/325161336,52.5094598,13.180569,"{""amenity"": ""post_box"", ""collection_times"": ""Mo-Fr 16:00; Sa 12:00"", ""operator"": ""Deutsche Post"", ""operator:wikidata"": ""Q157645"", ""ref"": ""Gatower Str. 125, 13595 Berlin""}",1001983495873956,images_filtered/postbox_node_325161336_img_1001983495873956.jpg,52.5093821,13.180602999972,0,1782395298000,14.9
node/325161336,52.5094598,13.180569,"{""amenity"": ""post_box"", ""collection_times"": ""Mo-Fr 16:00; Sa 12:00"", ""operator"": ""Deutsche Post"", ""operator:wikidata"": ""Q157645"", ""ref"": ""Gatower Str. 125, 13595 Berlin""}",1001531792522594,images_filtered/postbox_node_325161336_img_1001531792522594.jpg,52.5092246,13.180614099972,0,1782395292000,6.7
node/325794429,52.5581935,13.440906,"{""amenity"": ""post_box"", ""collection_times"": ""Mo-Fr 15:30,21:30; Sa 12:00; Su 21:30"", ""operator"": ""Deutsche Post"", ""operator:wikidata"": ""Q157645"", ""operator:wikipedia"": ""de:Deutsche Post AG"", ""ref"": ""Wilhelm Wagenfeld Str. 1, 13086 Berlin""}",1324664141786220,images_filtered/postbox_node_325794429_img_1324664141786220.jpg,52.558106,13.4408112,0,1687166232500,33.4
node/331471850,52.4776332,13.4220224,"{""amenity"": ""post_box"", ""check_date"": ""2026-03-18"", ""check_date:collection_times"": ""2026-03-18"", ""collection_times"": ""Mo-Fr 16:45; Sa 13:15"", ""colour"": ""yellow"", ""operator"": ""Deutsche Post"", ""operator:wikidata"": ""Q157645"", ""operator:wikipedia"": ""de:Deutsche Post AG"", ""post_box:apertures"": ""1"", ""post_box:type"": ""pillar"", ""postal_code"": ""12049"", ""ref"": ""Schillerpromenade/Herrfurthplatz, 12049 Berlin"", ""support"": ""ground""}",1742683459791577,images_filtered/postbox_node_331471850_img_1742683459791577.jpg,52.4773817,13.4223692,274.988,1748670892000,45.0
node/332023370,52.4824306,13.380699,"{""amenity"": ""post_box"", ""check_date:collection_times"": ""2026-01-10"", ""collection_times"": ""Mo-Fr 16:30; Sa 13:30"", ""colour"": ""yellow"", ""material"": ""metal"", ""operator"": ""Deutsche Post"", ""operator:wikidata"": ""Q157645"", ""operator:wikipedia"": ""de:Deutsche Post AG"", ""ref"": ""Manfred-von-Richthofen-Str. 24, 12101 Berlin"", ""support"": ""pole""}",1137159263457778,images_filtered/postbox_node_332023370_img_1137159263457778.jpg,52.4821868,13.3808529,0,1570289543000,21.0
node/332023370,52.4824306,13.380699,"{""amenity"": ""post_box"", ""check_date:collection_times"": ""2026-01-10"", ""collection_times"": ""Mo-Fr 16:30; Sa 13:30"", ""colour"": ""yellow"", ""material"": ""metal"", ""operator"": ""Deutsche Post"", ""operator:wikidata"": ""Q157645"", ""operator:wikipedia"": ""de:Deutsche Post AG"", ""ref"": ""Manfred-von-Richthofen-Str. 24, 12101 Berlin"", ""support"": ""pole""}",202951478330960,images_filtered/postbox_node_332023370_img_202951478330960.jpg,52.482596584645,13.38106736542,228.0805424503,1619107367732,5.4
node/327827725,52.5219706,13.3766742,"{""amenity"": ""post_box"", ""check_date"": ""2025-09-02"", ""check_date:collection_times"": ""2025-09-02"", ""collection_times"": ""Mo-Fr 17:30; Sa 16:15"", ""operator"": ""Deutsche Post"", ""operator:wikidata"": ""Q157645"", ""operator:wikipedia"": ""de:Deutsche Post AG"", ""ref"": ""Schiffbauerdamm 40, 10117 Berlin""}",1008976460999001,images_filtered/postbox_node_327827725_img_1008976460999001.jpg,52.521799,13.376460399972,0,1731235533500,37.2
node/327827725,52.5219706,13.3766742,"{""amenity"": ""post_box"", ""check_date"": ""2025-09-02"", ""check_date:collection_times"": ""2025-09-02"", ""collection_times"": ""Mo-Fr 17:30; Sa 16:15"", ""operator"": ""Deutsche Post"", ""operator:wikidata"": ""Q157645"", ""operator:wikipedia"": ""de:Deutsche Post AG"", ""ref"": ""Schiffbauerdamm 40, 10117 Berlin""}",1051721464229567,images_filtered/postbox_node_327827725_img_1051721464229567.jpg,52.5217966,13.3763482,0,1786269739000,48.7
node/332272201,52.521911,13.3867588,"{""amenity"": ""post_box"", ""brand"": ""Deutsche Post"", ""check_date:collection_times"": ""2026-01-30"", ""collection_times"": ""Mo-Fr 17:45; Sa 16:30"", ""operator"": ""Deutsche Post"", ""operator:wikidata"": ""Q157645"", ""operator:wikipedia"": ""de:Deutsche Post AG"", ""postal_code"": ""10117"", ""ref"": ""Schiffbauerdamm 3, 10117 Berlin""}",1023049453669977,images_filtered/postbox_node_332272201_img_1023049453669977.jpg,52.5218069,13.386778299972,0,1785070364500,6.5
node/332272201,52.521911,13.3867588,"{""amenity"": ""post_box"", ""brand"": ""Deutsche Post"", ""check_date:collection_times"": ""2026-01-30"", ""collection_times"": ""Mo-Fr 17:45; Sa 16:30"", ""operator"": ""Deutsche Post"", ""operator:wikidata"": ""Q157645"", ""operator:wikipedia"": ""de:Deutsche Post AG"", ""postal_code"": ""10117"", ""ref"": ""Schiffbauerdamm 3, 10117 Berlin""}",1035716472652272,images_filtered/postbox_node_332272201_img_1035716472652272.jpg,52.5218307,13.3868158,0,1785070365500,23.4
node/340126128,52.5064546,13.3221698,"{""amenity"": ""post_box"", ""check_date:collection_times"": ""2026-08-16"", ""collection_times"": ""Mo-Fr 17:15; Sa 16:30"", ""operator"": ""Deutsche Post"", ""operator:wikidata"": ""Q157645"", ""operator:wikipedia"": ""de:Deutsche Post AG"", ""ref"": ""Savignyplatz 6, 10623 Berlin""}",188740243082179,images_filtered/postbox_node_340126128_img_188740243082179.jpg,52.50645,13.322415,242.85568237305,1403080166000,28.9
node/343564757,52.5087606,13.3242526,"{""amenity"": ""post_box"", ""check_date:collection_times"": ""2024-05-29"", ""collection_times"": ""Mo-Fr 12:15,15:30,17:00,18:15,21:45; Sa 16:45; Su 21:45"", ""operator"": ""Deutsche Post"", ""operator:wikidata"": ""Q157645"", ""operator:wikipedia"": ""de:Deutsche Post AG"", ""ref"": ""Goethestr. 3, 10623 Berlin""}",1694379850901003,images_filtered/postbox_node_343564757_img_1694379850901003.jpg,52.508748599972,13.324304299972,275.39584714264,1651341340001,15.5
node/343564757,52.5087606,13.3242526,"{""amenity"": ""post_box"", ""check_date:collection_times"": ""2024-05-29"", ""collection_times"": ""Mo-Fr 12:15,15:30,17:00,18:15,21:45; Sa 16:45; Su 21:45"", ""operator"": ""Deutsche Post"", ""operator:wikidata"": ""Q157645"", ""operator:wikipedia"": ""de:Deutsche Post AG"", ""ref"": ""Goethestr. 3, 10623 Berlin""}",1014420701157970,images_filtered/postbox_node_343564757_img_1014420701157970.jpg,52.5087656,13.3242816,285.989,1779441428000,31.8
node/350625552,52.4933265,13.1976684,"{""amenity"": ""post_box"", ""collection_times"": ""Mo-Sa 09:00"", ""operator"": ""Deutsche Post"", ""operator:wikidata"": ""Q157645"", ""ref"": ""Straße am Schildhorn, 14193 Berlin""}",785350279022733,images_filtered/postbox_node_350625552_img_785350279022733.jpg,52.4933939425,13.197858994722,253.852592,1524338350000,14.0
node/351387156,52.4401033,13.3000197,"{""amenity"": ""post_box"", ""check_date:collection_times"": ""2026-07-08"", ""collection_times"": ""Mo-Fr 16:15; Sa 13:00"", ""operator"": ""Deutsche Post"", ""operator:wikidata"": ""Q157645"", ""operator:wikipedia"": ""de:Deutsche Post AG"", ""ref"": ""Drakestr./Ringstr., 12205 Berlin""}",1074267323226624,images_filtered/postbox_node_351387156_img_1074267323226624.jpg,52.4398624,13.300027,0,1662289624000,1.1
node/349297205,52.5067034,13.3090192,"{""amenity"": ""post_box"", ""check_date:collection_times"": ""2026-03-22"", ""collection_times"": ""Mo-Fr 17:15; Sa 16:30"", ""operator"": ""Deutsche Post"", ""operator:wikidata"": ""Q157645"", ""operator:wikipedia"": ""de:Deutsche Post AG"", ""ref"": ""Kantstr. 52, 10627 Berlin""}",1016105749860453,images_filtered/postbox_node_349297205_img_1016105749860453.jpg,52.506644444444,13.309313888889,266,1718534213920,22.2
node/354513913,52.5237281,13.1461394,"{""amenity"": ""post_box"", ""collection_times"": ""Mo-Sa 11:30"", ""operator"": ""Deutsche Post"", ""operator:wikidata"": ""Q157645"", ""operator:wikipedia"": ""de:Deutsche Post AG"", ""ref"": ""Gärtnereiring 54, 13593 Berlin"", ""wheelchair"": ""no""}",1588372831688655,images_filtered/postbox_node_354513913_img_1588372831688655.jpg,52.5236031,13.1458551,112.89,1687097861000,58.7
node/355177585,52.5131989,13.4810371,"{""amenity"": ""post_box"", ""check_date:collection_times"": ""2026-05-24"", ""collection_times"": ""Mo-Fr 17:15; Sa 11:30"", ""operator"": ""Deutsche Post"", ""operator:wikidata"": ""Q157645"", ""operator:wikipedia"": ""de:Deutsche Post AG"", ""ref"": ""Frankfurter Allee 149, 10365 Berlin""}",1085959729223137,images_filtered/postbox_node_355177585_img_1085959729223137.jpg,52.5129584,13.4807068,0,1707207030500,39.9
node/354513944,52.5263231,13.1327383,"{""amenity"": ""post_box"", ""check_date:collection_times"": ""2025-04-13"", ""collection_times"": ""Mo-Fr 16:00; Sa 11:30"", ""operator"": ""Deutsche Post"", ""operator:wikidata"": ""Q157645"", ""operator:wikipedia"": ""de:Deutsche Post AG"", ""ref"": ""Heerstr. 619, 13591 Berlin""}",125309190307090,images_filtered/postbox_node_354513944_img_125309190307090.jpg,52.5264533,13.133098099972,286.47136918501,1665231090000,47.2
node/356950214,52.5299114,13.3284437,"{""amenity"": ""post_box"", ""collection_times"": ""Mo-Fr 15:15,17:30,18:00,21:15; Sa 12:30; Su 21:15"", ""operator"": ""Deutsche Post"", ""operator:wikidata"": ""Q157645"", ""operator:wikipedia"": ""de:Deutsche Post AG"", ""ref"": ""Beusselstr. 59, 10553 Berlin""}",1043163132915647,images_filtered/postbox_node_356950214_img_1043163132915647.jpg,52.529834345665,13.328608440436,0,1642853931000,52.4
node/356870500,52.4872719,13.4640461,"{""amenity"": ""post_box"", ""check_date"": ""2024-10-12"", ""check_date:collection_times"": ""2024-10-12"", ""collection_times"": ""Mo-Fr 15:15,17:15; Sa 14:15"", ""operator"": ""Deutsche Post"", ""operator:wikidata"": ""Q157645"", ""operator:wikipedia"": ""de:Deutsche Post AG"", ""post_box:apertures"": ""2"", ""post_box:type"": ""lamp"", ""postal_code"": ""12435"", ""ref"": ""Am Treptower Park 32, 12435 Berlin"", ""support"": ""pole""}",1044307111471178,images_filtered/postbox_node_356870500_img_1044307111471178.jpg,52.4874446,13.4639231,162,1782822075130,5.4
node/361001220,52.5093928,13.2683195,"{""amenity"": ""post_box"", ""check_date:collection_times"": ""2024-05-05"", ""collection_times"": ""Mo-Fr 17:00, Sa 14:15"", ""operator"": ""Deutsche Post"", ""operator:wikidata"": ""Q157645"", ""operator:wikipedia"": ""de:Deutsche Post AG"", ""ref"": ""Bayernallee 43, 14052 Berlin""}",1066984508871873,images_filtered/postbox_node_361001220_img_1066984508871873.jpg,52.509344,13.2687504,265.343,1748600742000,15.2
node/364792198,52.5108711,13.3179313,"{""amenity"": ""post_box"", ""check_date:collection_times"": ""2026-07-11"", ""collection_times"": ""Mo-Fr 17:15; Sa 16:30"", ""operator"": ""Deutsche Post"", ""operator:wikidata"": ""Q157645"", ""operator:wikipedia"": ""de:Deutsche Post AG"", ""ref"": ""Schillerstr. 110a, 10625 Berlin""}",1297713112144177,images_filtered/postbox_node_364792198_img_1297713112144177.jpg,52.5109408,13.3180254,268.228,1746801498000,48.8
node/364796260,52.5122538,13.314214,"{""amenity"": ""post_box"", ""check_date"": ""2026-03-24"", ""check_date:collection_times"": ""2026-03-24"", ""collection_times"": ""Mo-Fr 17:00; Sa 16:15"", ""operator"": ""Deutsche Post"", ""operator:wikidata"": ""Q157645"", ""operator:wikipedia"": ""de:Deutsche Post AG"", ""postal_code"": ""10625"", ""ref"": ""Bismarckstr. 17, 10625 Berlin""}",1047961836508635,images_filtered/postbox_node_364796260_img_1047961836508635.jpg,52.5120239,13.3144293,0,1705675893000,29.7
node/364796260,52.5122538,13.314214,"{""amenity"": ""post_box"", ""check_date"": ""2026-03-24"", ""check_date:collection_times"": ""2026-03-24"", ""collection_times"": ""Mo-Fr 17:00; Sa 16:15"", ""operator"": ""Deutsche Post"", ""operator:wikidata"": ""Q157645"", ""operator:wikipedia"": ""de:Deutsche Post AG"", ""postal_code"": ""10625"", ""ref"": ""Bismarckstr. 17, 10625 Berlin""}",1086919002438294,images_filtered/postbox_node_364796260_img_1086919002438294.jpg,52.5120191,13.3144722,0,1705322090000,33.8
node/364805211,52.5137313,13.3171136,"{""amenity"": ""post_box"", ""check_date:collection_times"": ""2026-03-29"", ""collection_times"": ""Mo-Fr 17:00; Sa 16:15"", ""obstacle:parking"": ""yes"", ""operator"": ""Deutsche Post"", ""operator:wikidata"": ""Q157645"", ""operator:wikipedia"": ""de:Deutsche Post AG"", ""postal_code"": ""10625"", ""ref"": ""Marie-Elisabeth-Lüders-Str. 7, 10625 Berlin""}",114557538059514,images_filtered/postbox_node_364805211_img_114557538059514.jpg,52.513595799972,13.317152099972,23.174290521457,1663323363000,33.0
node/364809012,52.5148883,13.3150944,"{""amenity"": ""post_box"", ""check_date:collection_times"": ""2026-03-24"", ""collection_times"": ""Mo-Fr 17:15; Sa 14:15"", ""operator"": ""Deutsche Post"", ""operator:wikidata"": ""Q157645"", ""operator:wikipedia"": ""de:Deutsche Post AG"", ""ref"": ""Otto-Suhr-Allee 36, 10585 Berlin""}",1010361066368617,images_filtered/postbox_node_364809012_img_1010361066368617.jpg,52.514850799972,13.315159899972,0,1420101317000,46.7
node/364809012,52.5148883,13.3150944,"{""amenity"": ""post_box"", ""check_date:collection_times"": ""2026-03-24"", ""collection_times"": ""Mo-Fr 17:15; Sa 14:15"", ""operator"": ""Deutsche Post"", ""operator:wikidata"": ""Q157645"", ""operator:wikipedia"": ""de:Deutsche Post AG"", ""ref"": ""Otto-Suhr-Allee 36, 10585 Berlin""}",1057151203006723,images_filtered/postbox_node_364809012_img_1057151203006723.jpg,52.5148257,13.315104699972,0,1745611425000,5.7
node/364823459,52.5453497,13.5600764,"{""amenity"": ""post_box"", ""check_date:collection_times"": ""2026-05-24"", ""collection_times"": ""Mo-Fr 15:00; Sa 14:30"", ""operator"": ""Deutsche Post"", ""operator:wikidata"": ""Q157645"", ""operator:wikipedia"": ""de:Deutsche Post AG"", ""ref"": ""Landsberger Allee 469, 12679 Berlin""}",1175723722871886,images_filtered/postbox_node_364823459_img_1175723722871886.jpg,52.545264099972,13.560147699972,-1,1617122841177,25.9
node/365884485,52.5237502,13.3378457,"{""amenity"": ""post_box"", ""check_date:collection_times"": ""2025-10-15"", ""collection_times"": ""Mo-Fr 17:30; Sa 12:30"", ""operator"": ""Deutsche Post"", ""operator:wikidata"": ""Q157645"", ""operator:wikipedia"": ""de:Deutsche Post AG"", ""ref"": ""Bochumer Str. 5, 10555 Berlin""}",1070951911973752,images_filtered/postbox_node_365884485_img_1070951911973752.jpg,52.5237496,13.3382749,264.585,1787124193000,5.5
node/365952374,52.51872,13.3431201,"{""amenity"": ""post_box"", ""check_date:collection_times"": ""2025-01-12"", ""collection_times"": ""Mo-Fr 15:00,17:00; Sa 12:00"", ""operator"": ""Deutsche Post"", ""operator:wikidata"": ""Q157645"", ""postal_code"": ""10557"", ""ref"": ""Bartningallee 5, 10557 Berlin""}",1096972125561389,images_filtered/postbox_node_365952374_img_1096972125561389.jpg,52.5186317,13.3429012,0,1736939256500,56.5
node/366965006,52.589837,13.2831899,"{""amenity"": ""post_box"", ""collection_times"": ""Mo-Fr 13:30,17:15,22:45; Sa 13:30; Su 22:45"", ""operator"": ""Deutsche Post"", ""operator:wikidata"": ""Q157645"", ""operator:wikipedia"": ""de:Deutsche Post AG"", ""ref"": ""Alt-Tegel 2, 13507 Berlin""}",141254101314189,images_filtered/postbox_node_366965006_img_141254101314189.jpg,52.590036897222,13.28295525691,97.122955322266,1550318437930,47.4
node/368889427,52.5613445,13.5103809,"{""amenity"": ""post_box"", ""collection_times"": ""Mo-Fr 17:00; Sa 12:00"", ""operator"": ""Deutsche Post"", ""operator:wikidata"": ""Q157645"", ""operator:wikipedia"": ""de:Deutsche Post AG"", ""ref"": ""Matenzeile 19, 13053 Berlin""}",1248833055701504,images_filtered/postbox_node_368889427_img_1248833055701504.jpg,52.561129499972,13.510537799972,0,1674899160000,23.9
node/365460398,52.5654377,13.4960678,"{""amenity"": ""post_box"", ""collection_times"": ""Mo-Fr 16:00; Sa 12:30"", ""operator"": ""Deutsche Post"", ""operator:wikidata"": ""Q157645"", ""ref"": ""Borner Str. 23, 13051 Berlin""}",1008404756599762,images_filtered/postbox_node_365460398_img_1008404756599762.jpg,52.565229299972,13.4956948,0,1598464867000,47.4
node/369087042,52.510287,13.2775978,"{""amenity"": ""post_box"", ""collection_times"": ""Mo-Fr 17:30,21:15; Sa 12:30; Su 21:15"", ""operator"": ""Deutsche Post"", ""operator:wikidata"": ""Q157645"", ""operator:wikipedia"": ""de:Deutsche Post AG"", ""ref"": ""Soorstr. 62, 14050 Berlin""}",354530421043018,images_filtered/postbox_node_369087042_img_354530421043018.jpg,52.5102384,13.2776204,337.39,1723470592960,6.8
node/384254444,52.5757007,13.3233763,"{""amenity"": ""post_box"", ""collection_times"": ""Mo-Fr 17:00; Sa 13:00"", ""operator"": ""Deutsche Post"", ""operator:wikidata"": ""Q157645"", ""operator:wikipedia"": ""de:Deutsche Post AG"", ""ref"": ""Waldstr. 78, 13403 Berlin""}",168761695162609,images_filtered/postbox_node_384254444_img_168761695162609.jpg,52.575809340973,13.323798850191,270.89181471966,1599380928856,23.8
node/384255748,52.574597,13.3320768,"{""amenity"": ""post_box"", ""collection_times"": ""Mo-Fr 16:30; Sa 13:00"", ""operator"": ""Deutsche Post"", ""operator:wikidata"": ""Q157645"", ""operator:wikipedia"": ""de:Deutsche Post AG"", ""ref"": ""Ollenhauerstr. 56, 13403 Berlin""}",1665743004678011,images_filtered/postbox_node_384255748_img_1665743004678011.jpg,52.5745462,13.331941,17.571,1780815706000,40.8
node/384254443,52.5764032,13.3151431,"{""amenity"": ""post_box"", ""collection_times"": ""Mo-Fr 17:00; Sa 13:00"", ""operator"": ""Deutsche Post"", ""operator:wikidata"": ""Q157645"", ""operator:wikipedia"": ""de:Deutsche Post AG"", ""ref"": ""Eichborndamm 92a, 13403 Berlin""}",1063023322129767,images_filtered/postbox_node_384254443_img_1063023322129767.jpg,52.5765778,13.3154956,279.45,1713347185000,48.6
node/384256247,52.5783606,13.3333517,"{""amenity"": ""post_box"", ""collection_times"": ""Mo-Fr 16:00; Sa 13:00"", ""operator"": ""Deutsche Post"", ""operator:wikidata"": ""Q157645"", ""operator:wikipedia"": ""de:Deutsche Post AG"", ""ref"": ""Blunkstr. 2, 13437 Berlin""}",1208722633141134,images_filtered/postbox_node_384256247_img_1208722633141134.jpg,52.578184395146,13.333053141845,5.8950825202523,1683460660200,39.9
node/384257155,52.5813141,13.3186801,"{""amenity"": ""post_box"", ""collection_times"": ""Mo-Fr 16:00; Sa 13:00"", ""operator"": ""Deutsche Post"", ""operator:wikidata"": ""Q157645"", ""ref"": ""Eichborndamm 136, 13403 Berlin""}",1235898961878165,images_filtered/postbox_node_384257155_img_1235898961878165.jpg,52.581156499972,13.318264299972,0,1783274930500,58.0
node/384828566,52.6089521,13.2940119,"{""amenity"": ""post_box"", ""collection_times"": ""Mo-Fr 16:00; Sa 13:00"", ""operator"": ""Deutsche Post"", ""operator:wikidata"": ""Q157645"", ""ref"": ""Hermsdorferdamm 80, 13467 Berlin""}",149763031312194,images_filtered/postbox_node_384828566_img_149763031312194.jpg,52.6087885,13.2937528,40.759,1652728476000,3.1
node/384836933,52.5998672,13.3016102,"{""amenity"": ""post_box"", ""collection_times"": ""Mo-Fr 17:00; Sa 13:00"", ""operator"": ""Deutsche Post"", ""operator:wikidata"": ""Q157645"", ""ref"": ""Waidmannsluster Damm 73-75, 13509 Berlin""}",181652157199492,images_filtered/postbox_node_384836933_img_181652157199492.jpg,52.599676977778,13.301441548333,53.593588,1524920728000,25.3
node/384846888,52.5959063,13.3370643,"{""amenity"": ""post_box"", ""collection_times"": ""Mo-Fr 17:00; Sa 12:00"", ""operator"": ""Deutsche Post"", ""operator:wikidata"": ""Q157645"", ""operator:wikipedia"": ""de:Deutsche Post AG"", ""ref"": ""Wilhelmsruher Damm 224, 13435 Berlin""}",1065427860611174,images_filtered/postbox_node_384846888_img_1065427860611174.jpg,52.595921927181,13.337439140317,257.37882996266,1618136607050,8.7
node/384845266,52.6019828,13.320479,"{""amenity"": ""post_box"", ""collection_times"": ""Mo-Fr 16:00; Sa 13:00"", ""note"": ""Straßenname falsch geschrieben auf Briefkastenschild"", ""operator"": ""Deutsche Post"", ""operator:wikidata"": ""Q157645"", ""ref"": ""Avenue Charles de Gaullee 14, 13469 Berlin""}",195462646953589,images_filtered/postbox_node_384845266_img_195462646953589.jpg,52.601825594951,13.320310637367,88.105206849886,1689330648323,55.1
node/384845266,52.6019828,13.320479,"{""amenity"": ""post_box"", ""collection_times"": ""Mo-Fr 16:00; Sa 13:00"", ""note"": ""Straßenname falsch geschrieben auf Briefkastenschild"", ""operator"": ""Deutsche Post"", ""operator:wikidata"": ""Q157645"", ""ref"": ""Avenue Charles de Gaullee 14, 13469 Berlin""}",169268651793351,images_filtered/postbox_node_384845266_img_169268651793351.jpg,52.601756602395,13.320047049943,54.358642578125,1578662182439,5.1
node/388311004,52.4913427,13.1804341,"{""amenity"": ""post_box"", ""collection_times"": ""Mo-Fr 17:00; Sa 12:00"", ""operator"": ""Deutsche Post"", ""operator:wikidata"": ""Q157645"", ""ref"": ""Gatower Str. 317, 14089 Berlin""}",1070408180034981,images_filtered/postbox_node_388311004_img_1070408180034981.jpg,52.491295910489,13.1803971436,3.8030284964769,1602503568231,21.9
node/388311004,52.4913427,13.1804341,"{""amenity"": ""post_box"", ""collection_times"": ""Mo-Fr 17:00; Sa 12:00"", ""operator"": ""Deutsche Post"", ""operator:wikidata"": ""Q157645"", ""ref"": ""Gatower Str. 317, 14089 Berlin""}",1850251521819483,images_filtered/postbox_node_388311004_img_1850251521819483.jpg,52.4911577,13.180271799972,0,1558180031000,28.1
node/389840358,52.5265214,13.3243177,"{""amenity"": ""post_box"", ""check_date:collection_times"": ""2026-05-19"", ""collection_times"": ""Mo-Fr 17:15; Sa 12:15"", ""operator"": ""Deutsche Post"", ""operator:wikidata"": ""Q157645"", ""operator:wikipedia"": ""de:Deutsche Post AG"", ""postal_code"": ""10553"", ""ref"": ""Reuchlinstr. 10-11, 10553 Berlin""}",194764179158582,images_filtered/postbox_node_389840358_img_194764179158582.jpg,52.526335,13.3243624,0,1562339206000,8.3
node/389025744,52.630924,13.2728234,"{""amenity"": ""post_box"", ""collection_times"": ""Mo-Fr 16:00; Sa 13:00"", ""operator"": ""Deutsche Post"", ""operator:wikidata"": ""Q157645"", ""ref"": ""Sigismundkorso 37, 13465 Berlin""}",1104242866734741,images_filtered/postbox_node_389025744_img_1104242866734741.jpg,52.630941666667,13.272494444444,110,1613892498000,14.9
node/389025744,52.630924,13.2728234,"{""amenity"": ""post_box"", ""collection_times"": ""Mo-Fr 16:00; Sa 13:00"", ""operator"": ""Deutsche Post"", ""operator:wikidata"": ""Q157645"", ""ref"": ""Sigismundkorso 37, 13465 Berlin""}",131236065688585,images_filtered/postbox_node_389025744_img_131236065688585.jpg,52.630938888889,13.272902777778,293,1613892329000,40.2
node/389025744,52.630924,13.2728234,"{""amenity"": ""post_box"", ""collection_times"": ""Mo-Fr 16:00; Sa 13:00"", ""operator"": ""Deutsche Post"", ""operator:wikidata"": ""Q157645"", ""ref"": ""Sigismundkorso 37, 13465 Berlin""}",1936846609984418,images_filtered/postbox_node_389025744_img_1936846609984418.jpg,52.6308764,13.272548,111.513,1652952041000,37.4
node/388291458,52.5973703,13.3757876,"{""amenity"": ""post_box"", ""collection_times"": ""Mo-Fr 14:00; Sa 12:00"", ""operator"": ""Deutsche Post"", ""operator:wikidata"": ""Q157645"", ""operator:wikipedia"": ""de:Deutsche Post AG"", ""ref"": ""Hauptstr. 117, 13158 Berlin""}",1066639142308665,images_filtered/postbox_node_388291458_img_1066639142308665.jpg,52.597568803516,13.375758687047,204.85932895932,1755531708594,29.9
node/392389103,52.5134116,13.4315076,"{""amenity"": ""post_box"", ""check_date:collection_times"": ""2024-02-25"", ""collection_times"": ""Mo-Fr 17:30; Sa 14:30"", ""operator"": ""Deutsche Post"", ""operator:wikidata"": ""Q157645"", ""operator:wikipedia"": ""de:Deutsche Post AG"", ""ref"": ""Andreasstr. 21, 10243 Berlin""}",1034339811722441,images_filtered/postbox_node_392389103_img_1034339811722441.jpg,52.513331850108,13.431376302627,29.595550537109,1715783792909,15.5
node/393858257,52.5081189,13.5090439,"{""amenity"": ""post_box"", ""brand"": ""Deutsche Post"", ""check_date:collection_times"": ""2025-01-26"", ""collection_times"": ""Mo-Fr 16:30, Sa 12:00"", ""operator"": ""Deutsche Post"", ""operator:wikidata"": ""Q157645"", ""operator:wikipedia"": ""de:Deutsche Post AG"", ""ref"": ""Einbecker Straße 85, 10315 Berlin""}",588970545408755,images_filtered/postbox_node_393858257_img_588970545408755.jpg,52.507970198106,13.508625598637,113.15916422186,1587469311150,53.4
node/393858257,52.5081189,13.5090439,"{""amenity"": ""post_box"", ""brand"": ""Deutsche Post"", ""check_date:collection_times"": ""2025-01-26"", ""collection_times"": ""Mo-Fr 16:30, Sa 12:00"", ""operator"": ""Deutsche Post"", ""operator:wikidata"": ""Q157645"", ""operator:wikipedia"": ""de:Deutsche Post AG"", ""ref"": ""Einbecker Straße 85, 10315 Berlin""}",1171531764812199,images_filtered/postbox_node_393858257_img_1171531764812199.jpg,52.50796906655,13.508758200345,77.247164344479,1755674431103,28.0
node/393846023,52.4990404,13.3522844,"{""access"": ""yes"", ""amenity"": ""post_box"", ""collection_times"": ""Mo-Fr 17:15"", ""colour"": ""yellow"", ""covered"": ""no"", ""indoor"": ""no"", ""material"": ""steel"", ""operator"": ""Deutsche Post"", ""operator:wikidata"": ""Q157645"", ""operator:wikipedia"": ""de:Deutsche Post AG"", ""post_box:type"": ""pillar"", ""ref"": ""Motzstr. 1, 10777 Berlin"", ""support"": ""ground""}",1216555750221750,images_filtered/postbox_node_393846023_img_1216555750221750.jpg,52.499148580295,13.352227164445,121.71901073259,1752259878118,40.4
node/393846023,52.4990404,13.3522844,"{""access"": ""yes"", ""amenity"": ""post_box"", ""collection_times"": ""Mo-Fr 17:15"", ""colour"": ""yellow"", ""covered"": ""no"", ""indoor"": ""no"", ""material"": ""steel"", ""operator"": ""Deutsche Post"", ""operator:wikidata"": ""Q157645"", ""operator:wikipedia"": ""de:Deutsche Post AG"", ""post_box:type"": ""pillar"", ""ref"": ""Motzstr. 1, 10777 Berlin"", ""support"": ""ground""}",1418443252843085,images_filtered/postbox_node_393846023_img_1418443252843085.jpg,52.499052097758,13.352211834471,64.942299859771,1745741822163,39.9
node/401548573,52.5032459,13.4845446,"{""access"": ""yes"", ""addr:floor"": ""0"", ""amenity"": ""post_box"", ""check_date"": ""2024-11-28"", ""check_date:collection_times"": ""2024-11-28"", ""collection_times"": ""Mo-Fr 17:00, Sa 12:15"", ""colour"": ""yellow"", ""covered"": ""no"", ""drive_through"": ""no"", ""indoor"": ""no"", ""level"": ""0"", ""material"": ""steel"", ""operator"": ""Deutsche Post"", ""operator:wikidata"": ""Q157645"", ""operator:wikipedia"": ""de:Deutsche Post AG"", ""post_box:type"": ""pillar"", ""ref"": ""Archibaldweg 18, 10317 Berlin"", ""source"": ""survey"", ""support"": ""ground""}",114603394696975,images_filtered/postbox_node_401548573_img_114603394696975.jpg,52.5031804,13.4843726,0,1661428518000,58.0
node/409722793,52.4988716,13.4999948,"{""amenity"": ""post_box"", ""check_date:collection_times"": ""2026-03-01"", ""collection_times"": ""Mo-Fr 16:30; Sa 11:00"", ""operator"": ""Deutsche Post"", ""operator:wikidata"": ""Q157645"", ""operator:wikipedia"": ""de:Deutsche Post AG"", ""ref"": ""Sewanstr. 2, 10319 Berlin""}",1788742474853794,images_filtered/postbox_node_409722793_img_1788742474853794.jpg,52.498689499972,13.5001391,0,1683443312000,25.8
node/409760013,52.4983369,13.2905289,"{""amenity"": ""post_box"", ""check_date:collection_times"": ""2026-04-19"", ""collection_times"": ""Mo-Fr 15:15; Sa 16:30"", ""operator"": ""Deutsche Post"", ""operator:wikidata"": ""Q157645"", ""operator:wikipedia"": ""de:Deutsche Post AG"", ""ref"": ""Georg-Wilhelm-Str. 4, 10711 Berlin""}",509035030461704,images_filtered/postbox_node_409760013_img_509035030461704.jpg,52.498422204566,13.290350278852,185.77768463878,1616251046795,57.7
node/409747715,52.4913227,13.427929,"{""amenity"": ""post_box"", ""check_date"": ""2024-09-23"", ""collection_times"": ""Mo-Fr 13:45,16:45; Sa 13:45"", ""operator"": ""Deutsche Post"", ""operator:wikidata"": ""Q157645"", ""operator:wikipedia"": ""de:Deutsche Post AG"", ""post_box:type"": ""lamp"", ""ref"": ""Friedelstr./Pflügerstr., 12047 Berlin""}",1184376876527449,images_filtered/postbox_node_409747715_img_1184376876527449.jpg,52.4915223,13.4279041,184.895,1728223992000,9.2
node/410229309,52.4978923,13.349656,"{""amenity"": ""post_box"", ""check_date:collection_times"": ""2024-05-25"", ""collection_times"": ""Mo-Fr 15:00,17:15; Sa 16:15"", ""operator"": ""Deutsche Post"", ""operator:wikidata"": ""Q157645"", ""operator:wikipedia"": ""de:Deutsche Post AG"", ""ref"": ""Eisenacher Str. 112, 10777 Berlin""}",185568846749305,images_filtered/postbox_node_410229309_img_185568846749305.jpg,52.498066015278,13.349460130556,177.574816,1495884400000,32.0
node/410221447,52.622247,13.3131691,"{""access"": ""yes"", ""amenity"": ""post_box"", ""collection_times"": ""Mo-Fr 16:00; Sa 13:00"", ""drive_through"": ""no"", ""indoor"": ""no"", ""operator"": ""Deutsche Post"", ""operator:wikidata"": ""Q157645"", ""ref"": ""Berliner Str. 47, 13467 Berlin"", ""wheelchair"": ""yes""}",1055629748981725,images_filtered/postbox_node_410221447_img_1055629748981725.jpg,52.6222776,13.312780528053,56.889568805695,1701854731799,40.5
node/410221447,52.622247,13.3131691,"{""access"": ""yes"", ""amenity"": ""post_box"", ""collection_times"": ""Mo-Fr 16:00; Sa 13:00"", ""drive_through"": ""no"", ""indoor"": ""no"", ""operator"": ""Deutsche Post"", ""operator:wikidata"": ""Q157645"", ""ref"": ""Berliner Str. 47, 13467 Berlin"", ""wheelchair"": ""yes""}",1052812362626394,images_filtered/postbox_node_410221447_img_1052812362626394.jpg,52.622467456434,13.31291955897,91.384615104807,1689331199319,54.1
node/415997982,52.3915545,13.5618651,"{""amenity"": ""post_box"", ""collection_times"": ""Mo-Fr 16:45; Sa 12:30"", ""operator"": ""Deutsche Post"", ""ref"": ""Straße 957/Kleine Spechtstr., 12526 Berlin""}",563851029142324,images_filtered/postbox_node_415997982_img_563851029142324.jpg,52.3914357,13.5622744,295.154,1679052400000,0.3
node/411661076,52.5088398,13.582491,"{""amenity"": ""post_box"", ""collection_times"": ""Mo-Fr 15:45; Sa 13:15"", ""operator"": ""Deutsche Post"", ""operator:wikidata"": ""Q157645"", ""operator:wikipedia"": ""de:Deutsche Post AG"", ""ref"": ""Brodauer Str./Waplitzer Str., 12621 Berlin""}",1781253458734829,images_filtered/postbox_node_411661076_img_1781253458734829.jpg,52.5087169,13.5822836,0,1650014515000,45.8
node/418083563,52.5251606,13.3595074,"{""amenity"": ""post_box"", ""check_date:collection_times"": ""2026-06-17"", ""collection_times"": ""Mo-Fr 17:00; Sa 12:00"", ""operator"": ""Deutsche Post"", ""operator:wikidata"": ""Q157645"", ""operator:wikipedia"": ""de:Deutsche Post AG"", ""ref"": ""Otto-Dix-Str. 18, 10557 Berlin""}",1012407800218715,images_filtered/postbox_node_418083563_img_1012407800218715.jpg,52.524934199972,13.3594074,0,1717162659500,15.0
node/419008666,52.5520947,13.4595131,"{""access"": ""yes"", ""addr:floor"": ""0"", ""amenity"": ""post_box"", ""collection_times"": ""Mo-Fr 16:45; Sa 10:30"", ""colour"": ""yellow"", ""covered"": ""no"", ""indoor"": ""no"", ""level"": ""0"", ""material"": ""metal"", ""operator"": ""Deutsche Post"", ""operator:wikidata"": ""Q157645"", ""operator:wikipedia"": ""de:Deutsche Post AG"", ""post_box:type"": ""pillar"", ""ref"": ""Albertinenstr. 20/23, 13086 Berlin"", ""source"": ""survey"", ""support"": ""ground""}",1338677936856237,images_filtered/postbox_node_419008666_img_1338677936856237.jpg,52.551872899972,13.459505,0,1722765938000,1.3
node/420512792,52.456265,13.3771496,"{""amenity"": ""post_box"", ""check_date"": ""2026-09-01"", ""check_date:collection_times"": ""2026-09-01"", ""collection_times"": ""Mo-Fr 17:15; Sa 13:15"", ""operator"": ""Deutsche Post"", ""operator:wikidata"": ""Q157645"", ""operator:wikipedia"": ""de:Deutsche Post AG"", ""post_box:type"": ""lamp"", ""postal_code"": ""12105"", ""ref"": ""Friedrich-Karl-Str. 34, 12105 Berlin""}",1089361806355857,images_filtered/postbox_node_420512792_img_1089361806355857.jpg,52.4563216,13.3768706,105.518,1744965043000,2.9
node/420512792,52.456265,13.3771496,"{""amenity"": ""post_box"", ""check_date"": ""2026-09-01"", ""check_date:collection_times"": ""2026-09-01"", ""collection_times"": ""Mo-Fr 17:15; Sa 13:15"", ""operator"": ""Deutsche Post"", ""operator:wikidata"": ""Q157645"", ""operator:wikipedia"": ""de:Deutsche Post AG"", ""post_box:type"": ""lamp"", ""postal_code"": ""12105"", ""ref"": ""Friedrich-Karl-Str. 34, 12105 Berlin""}",1169558093474523,images_filtered/postbox_node_420512792_img_1169558093474523.jpg,52.4560364,13.3770606,0,1555140493000,13.3
node/430468773,52.4175915,13.440161,"{""amenity"": ""post_box"", ""collection_times"": ""Mo-Fr 16:45; Sa 13:00"", ""operator"": ""Deutsche Post"", ""operator:wikidata"": ""Q157645"", ""operator:wikipedia"": ""de:Deutsche Post AG"", ""ref"": ""Ringslebenstr./Heideläuferweg, 12353 Berlin""}",451211225947520,images_filtered/postbox_node_430468773_img_451211225947520.jpg,52.417550029788,13.440551360858,271.51705544207,1449314821705,8.4
node/430468773,52.4175915,13.440161,"{""amenity"": ""post_box"", ""collection_times"": ""Mo-Fr 16:45; Sa 13:00"", ""operator"": ""Deutsche Post"", ""operator:wikidata"": ""Q157645"", ""operator:wikipedia"": ""de:Deutsche Post AG"", ""ref"": ""Ringslebenstr./Heideläuferweg, 12353 Berlin""}",288007396271502,images_filtered/postbox_node_430468773_img_288007396271502.jpg,52.417552402887,13.440404433751,271.51705544207,1449314823570,13.2
node/420519428,52.5617868,13.3816197,"{""amenity"": ""post_box"", ""check_date"": ""2026-04-23"", ""check_date:collection_times"": ""2026-04-23"", ""collection_times"": ""Mo-Fr 16:00; Sa 12:00"", ""operator"": ""Deutsche Post"", ""operator:wikidata"": ""Q157645"", ""operator:wikipedia"": ""de:Deutsche Post AG"", ""ref"": ""Koloniestraße 42, 13357 Berlin""}",102694185666049,images_filtered/postbox_node_420519428_img_102694185666049.jpg,52.561682355639,13.381628282381,0,1645446513692,2.9
node/420519428,52.5617868,13.3816197,"{""amenity"": ""post_box"", ""check_date"": ""2026-04-23"", ""check_date:collection_times"": ""2026-04-23"", ""collection_times"": ""Mo-Fr 16:00; Sa 12:00"", ""operator"": ""Deutsche Post"", ""operator:wikidata"": ""Q157645"", ""operator:wikipedia"": ""de:Deutsche Post AG"", ""ref"": ""Koloniestraße 42, 13357 Berlin""}",1003594613915341,images_filtered/postbox_node_420519428_img_1003594613915341.jpg,52.561650588226,13.381780497742,296.92505956759,1645446508234,27.4
node/420519428,52.5617868,13.3816197,"{""amenity"": ""post_box"", ""check_date"": ""2026-04-23"", ""check_date:collection_times"": ""2026-04-23"", ""collection_times"": ""Mo-Fr 16:00; Sa 12:00"", ""operator"": ""Deutsche Post"", ""operator:wikidata"": ""Q157645"", ""operator:wikipedia"": ""de:Deutsche Post AG"", ""ref"": ""Koloniestraße 42, 13357 Berlin""}",1034981543768528,images_filtered/postbox_node_420519428_img_1034981543768528.jpg,52.561682355639,13.381628282381,0,1645446513692,2.9
node/428789455,52.5196168,13.4519463,"{""amenity"": ""post_box"", ""check_date"": ""2025-01-07"", ""check_date:collection_times"": ""2025-01-07"", ""collection_times"": ""Mo-Fr 15:30,17:45; Sa 14:45"", ""note"": ""zwei baugleiche Briefkästen nebeneinander"", ""operator"": ""Deutsche Post"", ""operator:wikidata"": ""Q157645"", ""operator:wikipedia"": ""de:Deutsche Post AG"", ""post_box:apertures"": ""2"", ""post_box:type"": ""lamp"", ""postal_code"": ""10249"", ""ref"": ""Petersburger Str. 72, 10249 Berlin"", ""support"": ""pole""}",1008649833264977,images_filtered/postbox_node_428789455_img_1008649833264977.jpg,52.519499799286,13.452031156061,0,1631861579109,23.8
node/439451483,52.4699774,13.3202793,"{""amenity"": ""post_box"", ""check_date:collection_times"": ""2023-12-25"", ""collection_times"": ""Mo-Fr 16:00; Sa 13:15"", ""operator"": ""Deutsche Post"", ""operator:wikidata"": ""Q157645"", ""operator:wikipedia"": ""de:Deutsche Post AG"", ""ref"": ""Schwalbacher Str. 7, 14197 Berlin""}",1502411910566705,images_filtered/postbox_node_439451483_img_1502411910566705.jpg,52.4699637,13.3199404,107.626,1685366894000,21.4
node/439451483,52.4699774,13.3202793,"{""amenity"": ""post_box"", ""check_date:collection_times"": ""2023-12-25"", ""collection_times"": ""Mo-Fr 16:00; Sa 13:15"", ""operator"": ""Deutsche Post"", ""operator:wikidata"": ""Q157645"", ""operator:wikipedia"": ""de:Deutsche Post AG"", ""ref"": ""Schwalbacher Str. 7, 14197 Berlin""}",182364060402286,images_filtered/postbox_node_439451483_img_182364060402286.jpg,52.469805555556,13.319961111111,7,1437827191000,41.4
node/440861506,52.545168,13.3019886,"{""amenity"": ""post_box"", ""collection_times"": ""Mo-Sa 09:00"", ""operator"": ""Deutsche Post"", ""operator:wikidata"": ""Q157645"", ""operator:wikipedia"": ""de:Deutsche Post AG"", ""ref"": ""Straße 70 28, 13629 Berlin""}",1212571959180388,images_filtered/postbox_node_440861506_img_1212571959180388.jpg,52.545076299972,13.301919699972,0,1570406404000,24.6
node/441072213,52.4596098,13.4283901,"{""amenity"": ""post_box"", ""check_date"": ""2025-10-13"", ""check_date:collection_times"": ""2025-10-13"", ""collection_times"": ""Mo-Fr 17:00; Sa 14:45"", ""operator"": ""Deutsche Post"", ""operator:wikidata"": ""Q157645"", ""operator:wikipedia"": ""de:Deutsche Post AG"", ""post_box:apertures"": ""2"", ""post_box:type"": ""lamp"", ""postal_code"": ""12347"", ""ref"": ""Karl-Elsasser-Str./Lauterberger Str., 12347 Berlin"", ""support"": ""pole""}",1429157642419865,images_filtered/postbox_node_441072213_img_1429157642419865.jpg,52.4595929,13.4286805,257.492,1788505324000,18.0
node/442134153,52.430586,13.2323916,"{""amenity"": ""post_box"", ""collection_times"": ""Mo-Fr 16:00; Sa 14:00"", ""last_checked"": ""2020-09-06"", ""operator"": ""Deutsche Post"", ""operator:wikidata"": ""Q157645"", ""operator:wikipedia"": ""de:Deutsche Post AG"", ""ref"": ""Oertzenweg 41, 14163 Berlin""}",981645875909472,images_filtered/postbox_node_442134153_img_981645875909472.jpg,52.430693637249,13.232693127952,198.99922180176,1500902820043,40.7
node/442397975,52.4660167,13.4365021,"{""amenity"": ""post_box"", ""check_date"": ""2026-03-05"", ""check_date:collection_times"": ""2026-03-05"", ""collection_times"": ""Mo-Fr 16:45; Sa 15:00"", ""operator"": ""Deutsche Post"", ""operator:wikidata"": ""Q157645"", ""operator:wikipedia"": ""de:Deutsche Post AG"", ""post_box:type"": ""lamp"", ""postal_code"": ""12051"", ""ref"": ""Kranoldstr./Kranoldplatz, 12051 Berlin""}",1144440876024452,images_filtered/postbox_node_442397975_img_1144440876024452.jpg,52.46611,13.436781255234,265.35992431641,1558778040548,24.1
node/442141818,52.4262811,13.2095726,"{""amenity"": ""post_box"", ""check_date"": ""2025-11-10"", ""check_date:collection_times"": ""2025-11-10"", ""collection_times"": ""Mo-Fr 16:00; Sa 14:15"", ""operator"": ""Deutsche Post"", ""operator:wikidata"": ""Q157645"", ""ref"": ""Potsdamer Chaussee 35D, 14129 Berlin""}",941061780049630,images_filtered/postbox_node_442141818_img_941061780049630.jpg,52.426358897785,13.20985664889,236.91016816879,1564755584484,8.9
node/445075290,52.5288531,13.3060296,"{""amenity"": ""post_box"", ""check_date:collection_times"": ""2026-05-09"", ""collection_times"": ""Mo-Fr 17:30; Sa 14:00"", ""operator"": ""Deutsche Post"", ""operator:wikidata"": ""Q157645"", ""operator:wikipedia"": ""de:Deutsche Post AG"", ""ref"": ""Olbersstr. 55, 10589 Berlin""}",1011287884779796,images_filtered/postbox_node_445075290_img_1011287884779796.jpg,52.5287559,13.3056348,47,1780994571009,21.0
node/445481749,52.5349829,13.2826282,"{""amenity"": ""post_box"", ""check_date:collection_times"": ""2025-12-09"", ""collection_times"": ""Mo-Fr 16:00; Sa 11:30"", ""operator"": ""Deutsche Post"", ""operator:wikidata"": ""Q157645"", ""operator:wikipedia"": ""de:Deutsche Post AG"", ""ref"": ""Letterhausweg 1, 13627 Berlin""}",1412964575769406,images_filtered/postbox_node_445481749_img_1412964575769406.jpg,52.535139600007,13.282378299912,94.611647911406,1566054231500,41.3
node/446905584,52.4641359,13.4337604,"{""amenity"": ""post_box"", ""check_date"": ""2020-11-18"", ""collection_times"": ""Mo-Fr 15:15,16:45,21:00; Sa 15:00; Su 21:00"", ""operator"": ""Deutsche Post"", ""operator:wikidata"": ""Q157645"", ""operator:wikipedia"": ""de:Deutsche Post AG"", ""post_box:apertures"": ""2"", ""post_box:type"": ""lamp"", ""postal_code"": ""12051"", ""ref"": ""Glasower Str./Hermannstr., 12051 Berlin"", ""support"": ""pole""}",1117911805352190,images_filtered/postbox_node_446905584_img_1117911805352190.jpg,52.4639807,13.4336418,0,1561658493000,25.0
node/448915581,52.5323191,13.4122277,"{""access"": ""yes"", ""addr:floor"": ""0"", ""amenity"": ""post_box"", ""check_date:collection_times"": ""2026-04-12"", ""collection_times"": ""Mo-Fr 17:30; Sa 14:30"", ""colour"": ""yellow"", ""covered"": ""no"", ""indoor"": ""no"", ""level"": ""0"", ""material"": ""steel"", ""operator"": ""Deutsche Post"", ""operator:wikidata"": ""Q157645"", ""operator:wikipedia"": ""de:Deutsche Post AG"", ""post_box:type"": ""pillar"", ""ref"": ""Schönhauser Allee 174, 10119 Berlin"", ""source"": ""survey"", ""support"": ""ground""}",1021345828396916,images_filtered/postbox_node_448915581_img_1021345828396916.jpg,52.532230099972,13.412300399972,0,1608469372000,26.4
node/449235035,52.4556815,13.5538259,"{""amenity"": ""post_box"", ""collection_times"": ""Mo-Fr 17:00; Sa 13:30"", ""operator"": ""Deutsche Post"", ""operator:wikidata"": ""Q157645"", ""ref"": ""An der Wuhlheide 232-234, 12459 Berlin""}",112229470943689,images_filtered/postbox_node_449235035_img_112229470943689.jpg,52.4558083,13.5535461,101.40193820994,1568807429000,25.2
node/449235035,52.4556815,13.5538259,"{""amenity"": ""post_box"", ""collection_times"": ""Mo-Fr 17:00; Sa 13:30"", ""operator"": ""Deutsche Post"", ""operator:wikidata"": ""Q157645"", ""ref"": ""An der Wuhlheide 232-234, 12459 Berlin""}",348188923718662,images_filtered/postbox_node_449235035_img_348188923718662.jpg,52.455818750944,13.553660726187,118.71194204669,1631893832135,25.0
node/452634944,52.4421705,13.4570928,"{""amenity"": ""post_box"", ""check_date"": ""2024-07-23"", ""check_date:collection_times"": ""2024-07-23"", ""collection_times"": ""Mo-Fr 14:30,17:00; Sa 12:00"", ""colour"": ""yellow"", ""drive_through"": ""no"", ""material"": ""metal"", ""operator"": ""Deutsche Post"", ""operator:wikidata"": ""Q157645"", ""operator:wikipedia"": ""de:Deutsche Post AG"", ""post_box:apertures"": ""2"", ""ref"": ""Rudower Str. 9, 12351 Berlin"", ""support"": ""pole""}",1611398166988654,images_filtered/postbox_node_452634944_img_1611398166988654.jpg,52.442122699972,13.457028499972,0,1786282744000,39.4
node/454628179,52.4636785,13.4445429,"{""amenity"": ""post_box"", ""check_date"": ""2025-02-20"", ""check_date:collection_times"": ""2025-02-20"", ""collection_times"": ""Mo-Fr 17:15; Sa 14:30"", ""colour"": ""yellow"", ""drive_through"": ""no"", ""indoor"": ""no"", ""material"": ""metal"", ""operator"": ""Deutsche Post"", ""operator:wikidata"": ""Q157645"", ""operator:wikipedia"": ""de:Deutsche Post AG"", ""post_box:apertures"": ""2"", ""postal_code"": ""12057"", ""ref"": ""Grenzallee/Buschkrugallee, 12057 Berlin"", ""support"": ""wall_mounted""}",1162928625186006,images_filtered/postbox_node_454628179_img_1162928625186006.jpg,52.463553,13.4444223,332.782,1739886713000,57.6
node/456388417,52.4539382,13.5057354,"{""amenity"": ""post_box"", ""check_date:collection_times"": ""2025-02-01"", ""collection_times"": ""Mo-Fr 17:15; Sa 14:00"", ""operator"": ""Deutsche Post"", ""operator:wikidata"": ""Q157645"", ""operator:wikipedia"": ""de:Deutsche Post AG"", ""ref"": ""Südostallee 212, 12487 Berlin""}",1164783894767382,images_filtered/postbox_node_456388417_img_1164783894767382.jpg,52.453788799972,13.5061134,0,1720708135000,57.0
node/454636273,52.4590418,13.4990691,"{""amenity"": ""post_box"", ""collection_times"": ""Mo-Fr 17:15; Sa 14:00"", ""operator"": ""Deutsche Post"", ""operator:wikidata"": ""Q157645"", ""operator:wikipedia"": ""de:Deutsche Post AG"", ""ref"": ""Rixdorfer Str. 9, 12487 Berlin"", ""wheelchair"": ""yes""}",1204861349953235,images_filtered/postbox_node_454636273_img_1204861349953235.jpg,52.45901166932,13.498965455232,34.829156886903,1627050179429,29.7
node/454636273,52.4590418,13.4990691,"{""amenity"": ""post_box"", ""collection_times"": ""Mo-Fr 17:15; Sa 14:00"", ""operator"": ""Deutsche Post"", ""operator:wikidata"": ""Q157645"", ""operator:wikipedia"": ""de:Deutsche Post AG"", ""ref"": ""Rixdorfer Str. 9, 12487 Berlin"", ""wheelchair"": ""yes""}",1514011723064950,images_filtered/postbox_node_454636273_img_1514011723064950.jpg,52.459176926667,13.49903892,219.41739177392,1759495547933,47.2
node/462732155,52.4573603,13.3906353,"{""amenity"": ""post_box"", ""collection_times"": ""Mo-Fr 15:00,17:00, Sa 14:15"", ""colour"": ""yellow"", ""material"": ""metal"", ""operator"": ""Deutsche Post"", ""operator:wikidata"": ""Q157645"", ""operator:wikipedia"": ""de:Deutsche Post AG"", ""ref"": ""Ordensmeisterstr./Friedrich-W.-Str., 12099 Berlin"", ""support"": ""pole""}",134211672032667,images_filtered/postbox_node_462732155_img_134211672032667.jpg,52.457220163245,13.390518967075,85.793235189428,1613831368775,59.0
node/470319914,52.5602321,13.2427519,"{""amenity"": ""post_box"", ""check_date:collection_times"": ""2024-08-03"", ""collection_times"": ""Mo-Sa 09:00"", ""operator"": ""Deutsche Post"", ""operator:wikidata"": ""Q157645"", ""operator:wikipedia"": ""de:Deutsche Post AG"", ""ref"": ""Im Saatwinkel 39, 13599 Berlin""}",147658070605290,images_filtered/postbox_node_470319914_img_147658070605290.jpg,52.560434960809,13.243156224502,240.58937139093,1619446321945,10.1
node/470319914,52.5602321,13.2427519,"{""amenity"": ""post_box"", ""check_date:collection_times"": ""2024-08-03"", ""collection_times"": ""Mo-Sa 09:00"", ""operator"": ""Deutsche Post"", ""operator:wikidata"": ""Q157645"", ""operator:wikipedia"": ""de:Deutsche Post AG"", ""ref"": ""Im Saatwinkel 39, 13599 Berlin""}",156548279781464,images_filtered/postbox_node_470319914_img_156548279781464.jpg,52.560403361034,13.243085062144,233.85417457589,1619446322947,4.1
node/472464385,52.4155602,13.420145,"{""amenity"": ""post_box"", ""check_date"": ""2021-05-26"", ""collection_times"": ""Mo-Fr 16:30; Sa 13:30"", ""operator"": ""Deutsche Post"", ""operator:wikidata"": ""Q157645"", ""operator:wikipedia"": ""de:Deutsche Post AG"", ""post_box:apertures"": ""2"", ""post_box:type"": ""lamp"", ""postal_code"": ""12349"", ""ref"": ""Drusenheimer Weg/Am Rötepfuhl, 12349 Berlin"", ""support"": ""pole""}",308428864134756,images_filtered/postbox_node_472464385_img_308428864134756.jpg,52.415356493107,13.420506033866,328.06747436523,1504176096638,15.3
node/472514895,52.4742327,13.4547774,"{""amenity"": ""post_box"", ""check_date"": ""2026-05-02"", ""check_date:collection_times"": ""2026-05-02"", ""collection_times"": ""Mo-Fr 17:15; Sa 13:30"", ""colour"": ""yellow"", ""operator"": ""Deutsche Post"", ""operator:wikidata"": ""Q157645"", ""operator:wikipedia"": ""de:Deutsche Post AG"", ""post_box:apertures"": ""1"", ""post_box:type"": ""lamp"", ""postal_code"": ""12059"", ""ref"": ""Sonnenallee/Braunschweiger Str., 12059 Berlin"", ""support"": ""wall_mounted""}",1319471866302411,images_filtered/postbox_node_472514895_img_1319471866302411.jpg,52.4742211,13.4544331,40,1780913340532,46.8
node/473426503,52.3933979,13.5726952,"{""amenity"": ""post_box"", ""brand"": ""Deutsche Post"", ""collection_times"": ""Mo-Fr 17:00; Sa 12:45"", ""operator"": ""Deutsche Post"", ""operator:wikidata"": ""Q157645"", ""operator:wikipedia"": ""de:Deutsche Post AG"", ""postal_code"": ""12526"", ""ref"": ""Waltersdorfer Str. 47, 12526 Berlin""}",1173420456471133,images_filtered/postbox_node_473426503_img_1173420456471133.jpg,52.393323383317,13.572339153603,98.567962646484,1621070720434,27.5
node/474941816,52.4362062,13.2914279,"{""amenity"": ""post_box"", ""check_date:collection_times"": ""2025-11-08"", ""collection_times"": ""Mo-Fr 15:00; Sa 12:15"", ""operator"": ""Deutsche Post"", ""operator:wikidata"": ""Q157645"", ""operator:wikipedia"": ""de:Deutsche Post AG"", ""ref"": ""Ringstr. 38-39, 12205 Berlin""}",477548627116196,images_filtered/postbox_node_474941816_img_477548627116196.jpg,52.435996299972,13.291040399972,0,1644059239000,48.4
node/474423867,52.4296642,13.392893,"{""amenity"": ""post_box"", ""collection_times"": ""Mo-Fr 14:30,17:30; Sa 14:00"", ""operator"": ""Deutsche Post"", ""operator:wikidata"": ""Q157645"", ""operator:wikipedia"": ""de:Deutsche Post AG"", ""ref"": ""Mariendorfer Damm 243, 12107 Berlin""}",1041788493020334,images_filtered/postbox_node_474423867_img_1041788493020334.jpg,52.429789714444,13.392464574167,160.125088,1564831776000,44.5
node/476654011,52.4476533,13.5540652,"{""amenity"": ""post_box"", ""check_date"": ""2023-07-02"", ""collection_times"": ""Mo-Fr 16:00, Sa 13:15"", ""operator"": ""Deutsche Post"", ""operator:wikidata"": ""Q157645"", ""operator:wikipedia"": ""de:Deutsche Post AG"", ""ref"": ""Oberspreestr. 64, 12489 Berlin""}",221669979721073,images_filtered/postbox_node_476654011_img_221669979721073.jpg,52.4477063,13.5544539,290.55052916109,1576413438000,33.2
node/473495489,52.5152323,13.6104342,"{""amenity"": ""post_box"", ""collection_times"": ""Mo-Fr 16:45; Sa 13:45"", ""operator"": ""Deutsche Post"", ""operator:wikidata"": ""Q157645"", ""operator:wikipedia"": ""de:Deutsche Post AG"", ""ref"": ""Ridbacher Str./Siegfriedstr., 12623 Berlin""}",126583909579283,images_filtered/postbox_node_473495489_img_126583909579283.jpg,52.515322133016,13.610151484621,145.93478039899,1622885735974,28.4
node/487397447,52.6426464,13.3021858,"{""access"": ""yes"", ""amenity"": ""post_box"", ""collection_times"": ""Mo-Fr 17:00; Sa 13:00"", ""colour"": ""#bc8911"", ""drive_through"": ""no"", ""operator"": ""Deutsche Post"", ""operator:wikidata"": ""Q157645"", ""ref"": ""Oranienburger Ch. 45, 13465 Berlin"", ""wheelchair"": ""limited""}",1218698425250368,images_filtered/postbox_node_487397447_img_1218698425250368.jpg,52.642643284102,13.302186196682,336.0615432607,1599828963604,19.5
node/489299776,52.6391254,13.2981936,"{""amenity"": ""post_box"", ""check_date:collection_times"": ""2024-08-10"", ""collection_times"": ""Mo-Fr 17:00; Sa 13:00"", ""drive_through"": ""no"", ""operator"": ""Deutsche Post"", ""operator:wikidata"": ""Q157645"", ""ref"": ""Zeltinger Str. 53, 13465 Berlin""}",1147412909096520,images_filtered/postbox_node_489299776_img_1147412909096520.jpg,52.63891332368,13.298047765618,46.178867877774,1611818614441,23.5
node/489299776,52.6391254,13.2981936,"{""amenity"": ""post_box"", ""check_date:collection_times"": ""2024-08-10"", ""collection_times"": ""Mo-Fr 17:00; Sa 13:00"", ""drive_through"": ""no"", ""operator"": ""Deutsche Post"", ""operator:wikidata"": ""Q157645"", ""ref"": ""Zeltinger Str. 53, 13465 Berlin""}",1426024408291457,images_filtered/postbox_node_489299776_img_1426024408291457.jpg,52.638906,13.298084,73.909934997559,1705995285593,57.0
node/490626932,52.459301,13.3161571,"{""amenity"": ""post_box"", ""collection_times"": ""Mo-Fr 15:45; Sa 13:30"", ""operator"": ""Deutsche Post"", ""operator:wikidata"": ""Q157645"", ""operator:wikipedia"": ""de:Deutsche Post AG"", ""ref"": ""Lepsiusstr. 77, 12163 Berlin""}",1081633482445190,images_filtered/postbox_node_490626932_img_1081633482445190.jpg,52.459088899972,13.3158329,0,1657450734000,43.0
node/496042341,52.530761,13.5438922,"{""amenity"": ""post_box"", ""collection_times"": ""Mo-Fr 14:30; Sa 13:45"", ""operator"": ""Deutsche Post"", ""operator:wikidata"": ""Q157645"", ""operator:wikipedia"": ""de:Deutsche Post AG"", ""ref"": ""Murtzaner Ring 28, 12681 Berlin""}",1084490345691453,images_filtered/postbox_node_496042341_img_1084490345691453.jpg,52.530523217332,13.543676454586,5.1736493460643,1632575528667,23.7
node/496042341,52.530761,13.5438922,"{""amenity"": ""post_box"", ""collection_times"": ""Mo-Fr 14:30; Sa 13:45"", ""operator"": ""Deutsche Post"", ""operator:wikidata"": ""Q157645"", ""operator:wikipedia"": ""de:Deutsche Post AG"", ""ref"": ""Murtzaner Ring 28, 12681 Berlin""}",1237088644355938,images_filtered/postbox_node_496042341_img_1237088644355938.jpg,52.5307472,13.5441905,230.88321018219,1690566705019,43.5
node/496042341,52.530761,13.5438922,"{""amenity"": ""post_box"", ""collection_times"": ""Mo-Fr 14:30; Sa 13:45"", ""operator"": ""Deutsche Post"", ""operator:wikidata"": ""Q157645"", ""operator:wikipedia"": ""de:Deutsche Post AG"", ""ref"": ""Murtzaner Ring 28, 12681 Berlin""}",1095773567577380,images_filtered/postbox_node_496042341_img_1095773567577380.jpg,52.530628399972,13.543668699972,-1,1619541843047,46.7
node/506357647,52.5272579,13.4081231,"{""access"": ""yes"", ""addr:floor"": ""0"", ""amenity"": ""post_box"", ""collection_times"": ""Mo-Fr 15:15,17:00; Sa 14:00"", ""colour"": ""yellow"", ""covered"": ""no"", ""indoor"": ""no"", ""level"": ""0"", ""material"": ""steel"", ""operator"": ""Deutsche Post"", ""operator:wikidata"": ""Q157645"", ""operator:wikipedia"": ""de:Deutsche Post AG"", ""post_box:type"": ""pillar"", ""ref"": ""Alte Schönhauser Str. 9-10, 10119 Berlin"", ""source"": ""survey"", ""support"": ""ground"", ""wheelchair"": ""yes""}",1005790467034191,images_filtered/postbox_node_506357647_img_1005790467034191.jpg,52.527064699972,13.408088799972,0,1647761652000,6.2
node/507671332,52.489023,13.4329346,"{""amenity"": ""post_box"", ""check_date"": ""2019-09-10"", ""collection_times"": ""Mo-Fr 13:30,17:00; Sa 13:45"", ""operator"": ""Deutsche Post"", ""operator:wikidata"": ""Q157645"", ""operator:wikipedia"": ""de:Deutsche Post AG"", ""postal_code"": ""12047"", ""ref"": ""Pannierstraße 46/47, 12047 Berlin""}",1088265668250827,images_filtered/postbox_node_507671332_img_1088265668250827.jpg,52.489047222222,13.433055555556,196,1462454090000,55.8
node/510610964,52.4554683,13.4097846,"{""amenity"": ""post_box"", ""check_date"": ""2022-08-23"", ""collection_times"": ""Mo-Fr 14:30,16:30; Sa 13:45"", ""colour"": ""yellow"", ""drive_through"": ""no"", ""operator"": ""Deutsche Post"", ""operator:wikidata"": ""Q157645"", ""post_box:apertures"": ""2"", ""post_box:type"": ""lamp"", ""ref"": ""Gottlieb-Dunkel-Str./Industriestr., 12099 Berlin"", ""support"": ""pole""}",1195110484657984,images_filtered/postbox_node_510610964_img_1195110484657984.jpg,52.455689124812,13.410085681838,201.98925717374,1608376024854,17.7
node/508436479,52.4481077,13.2907844,"{""amenity"": ""post_box"", ""collection_times"": ""Mo-Sa 15:30"", ""operator"": ""Deutsche Post"", ""operator:wikidata"": ""Q157645"", ""operator:wikipedia"": ""de:Deutsche Post AG"", ""ref"": ""Habelschwerdter Allee 20, 14195 Berlin""}",291022829168851,images_filtered/postbox_node_508436479_img_291022829168851.jpg,52.4480626,13.290796099972,0,1499189430000,9.0
node/513416688,52.4530465,13.6023253,"{""amenity"": ""post_box"", ""check_date"": ""2023-12-26"", ""collection_times"": ""Mo-Fr 16:00, Sa 12:30"", ""operator"": ""Deutsche Post"", ""operator:wikidata"": ""Q157645"", ""operator:wikipedia"": ""de:Deutsche Post AG"", ""ref"": ""Stillerzeile (Kaufhalle), 12587 Berlin""}",2168636796607308,images_filtered/postbox_node_513416688_img_2168636796607308.jpg,52.45312698656,13.602051045758,85.458709481574,1589027053176,30.3
node/513416688,52.4530465,13.6023253,"{""amenity"": ""post_box"", ""check_date"": ""2023-12-26"", ""collection_times"": ""Mo-Fr 16:00, Sa 12:30"", ""operator"": ""Deutsche Post"", ""operator:wikidata"": ""Q157645"", ""operator:wikipedia"": ""de:Deutsche Post AG"", ""ref"": ""Stillerzeile (Kaufhalle), 12587 Berlin""}",3804896606285896,images_filtered/postbox_node_513416688_img_3804896606285896.jpg,52.453122921337,13.601967059088,91.405483451494,1589027051690,17.9
node/514064242,52.4772332,13.3712362,"{""amenity"": ""post_box"", ""check_date"": ""2025-08-22"", ""check_date:collection_times"": ""2025-08-22"", ""collection_times"": ""Mo-Fr 16:30, Sa 13:45"", ""operator"": ""Deutsche Post"", ""operator:wikidata"": ""Q157645"", ""operator:wikipedia"": ""de:Deutsche Post AG"", ""post_box:apertures"": ""2"", ""post_box:type"": ""lamp"", ""postal_code"": ""12101"", ""ref"": ""Gontermannstr. 50, 12101 Berlin""}",1172670746506773,images_filtered/postbox_node_514064242_img_1172670746506773.jpg,52.477293055556,13.371594722222,294.14114028605,1424191256000,39.5
node/514064242,52.4772332,13.3712362,"{""amenity"": ""post_box"", ""check_date"": ""2025-08-22"", ""check_date:collection_times"": ""2025-08-22"", ""collection_times"": ""Mo-Fr 16:30, Sa 13:45"", ""operator"": ""Deutsche Post"", ""operator:wikidata"": ""Q157645"", ""operator:wikipedia"": ""de:Deutsche Post AG"", ""post_box:apertures"": ""2"", ""post_box:type"": ""lamp"", ""postal_code"": ""12101"", ""ref"": ""Gontermannstr. 50, 12101 Berlin""}",2965924550355208,images_filtered/postbox_node_514064242_img_2965924550355208.jpg,52.477267770933,13.371520399306,220.52508544922,1505478426653,38.2
node/515215516,52.4520311,13.3207719,"{""amenity"": ""post_box"", ""collection_times"": ""Mo-Fr 15:30; Sa 13:45"", ""operator"": ""Deutsche Post"", ""operator:wikidata"": ""Q157645"", ""operator:wikipedia"": ""de:Deutsche Post AG"", ""ref"": ""Birkbuschstr./Schützenstr., 12165 Berlin""}",1201005320339935,images_filtered/postbox_node_515215516_img_1201005320339935.jpg,52.451947099972,13.3208113,0,1588131704000,16.0
node/521053625,52.4458452,13.574589,"{""amenity"": ""post_box"", ""collection_times"": ""off"", ""operator"": ""Deutsche Post"", ""operator:wikidata"": ""Q157645"", ""operator:wikipedia"": ""de:Deutsche Post AG"", ""ref"": ""Alt-Köpenick 22, 12555 Berlin""}",222918396540608,images_filtered/postbox_node_521053625_img_222918396540608.jpg,52.446062341111,13.5747610775,207.80328,1632072272000,2.0
node/523969803,52.454369,13.2996114,"{""amenity"": ""post_box"", ""collection_times"": ""Mo-Fr 14:00; Sa 13:15"", ""operator"": ""Deutsche Post"", ""operator:wikidata"": ""Q157645"", ""operator:wikipedia"": ""de:Deutsche Post AG"", ""ref"": ""Willdenowstr./Altensteinstr., 12203 Berlin""}",1006934594047696,images_filtered/postbox_node_523969803_img_1006934594047696.jpg,52.4542852,13.2998821,321.768,1681134798000,24.8
node/523583826,52.4390548,13.5513978,"{""amenity"": ""post_box"", ""check_date:collection_times"": ""2025-07-05"", ""collection_times"": ""Mo-Fr 16:30; Sa 14:00"", ""indoor"": ""no"", ""operator"": ""Deutsche Post"", ""operator:wikidata"": ""Q157645"", ""operator:wikipedia"": ""de:Deutsche Post AG"", ""ref"": ""Dörpfeldstr. 59, 12489 Berlin""}",1095121008950605,images_filtered/postbox_node_523583826_img_1095121008950605.jpg,52.4392198,13.551462,239.329,1730893722000,46.0
node/523969807,52.4513385,13.3018385,"{""amenity"": ""post_box"", ""collection_times"": ""Mo-Fr 14:00; Sa 13:15"", ""operator"": ""Deutsche Post"", ""operator:wikidata"": ""Q157645"", ""operator:wikipedia"": ""de:Deutsche Post AG"", ""ref"": ""Limonenstr./Malvenstr., 12203 Berlin""}",1386458355051121,images_filtered/postbox_node_523969807_img_1386458355051121.jpg,52.451191899972,13.3019061,0,1499273263000,15.7
node/527958570,52.5551122,13.1983316,"{""amenity"": ""post_box"", ""check_date:collection_times"": ""2026-05-01"", ""collection_times"": ""Mo-Fr 16:00; Sa 13:00"", ""operator"": ""Deutsche Post"", ""operator:wikidata"": ""Q157645"", ""operator:wikipedia"": ""de:Deutsche Post AG"", ""ref"": ""Klinkeplatz, 13589 Berlin""}",1067446327413928,images_filtered/postbox_node_527958570_img_1067446327413928.jpg,52.555246405498,13.19796793106,85.734680175781,1515248116143,35.5
node/526143119,52.5728007,13.408172,"{""amenity"": ""post_box"", ""collection_times"": ""Mo-Fr 16:00; Sa 12:00"", ""operator"": ""Deutsche Post"", ""operator:wikidata"": ""Q157645"", ""operator:wikipedia"": ""de:Deutsche Post AG"", ""ref"": ""Ossietzkystr. 19, 13187 Berlin"", ""wheelchair"": ""yes""}",1050118548727288,images_filtered/postbox_node_526143119_img_1050118548727288.jpg,52.572995577988,13.407887946827,160.65799025292,1589105424182,22.2
node/529672837,52.5065188,13.3117924,"{""amenity"": ""post_box"", ""check_date:collection_times"": ""2026-03-22"", ""collection_times"": ""Mo-Fr 17:15; Sa 16:30"", ""operator"": ""Deutsche Post"", ""operator:wikidata"": ""Q157645"", ""operator:wikipedia"": ""de:Deutsche Post AG"", ""ref"": ""Kantstr. 46, 10625 Berlin""}",1018689819623893,images_filtered/postbox_node_529672837_img_1018689819623893.jpg,52.506391666667,13.312180555556,257,1718534165479,41.3
node/537588093,52.5374873,13.2866642,"{""amenity"": ""post_box"", ""collection_times"": ""Sa 11:30; Mo-Fr 15:00"", ""operator"": ""Deutsche Post"", ""operator:wikidata"": ""Q157645"", ""operator:wikipedia"": ""de:Deutsche Post AG"", ""ref"": ""Halemweg 21-23, 13627 Berlin""}",1185292911956799,images_filtered/postbox_node_537588093_img_1185292911956799.jpg,52.537631300711,13.286704899992,177.08321191457,1563026329000,12.7
node/537588093,52.5374873,13.2866642,"{""amenity"": ""post_box"", ""collection_times"": ""Sa 11:30; Mo-Fr 15:00"", ""operator"": ""Deutsche Post"", ""operator:wikidata"": ""Q157645"", ""operator:wikipedia"": ""de:Deutsche Post AG"", ""ref"": ""Halemweg 21-23, 13627 Berlin""}",1265731922008149,images_filtered/postbox_node_537588093_img_1265731922008149.jpg,52.5376403,13.2867298,177.678,1754740170000,16.9
node/546677905,52.5485947,13.5036914,"{""amenity"": ""post_box"", ""collection_times"": ""Mo-Fr 14:00,16:15,20:30; Sa 12:30; Su 20:30"", ""operator"": ""Deutsche Post"", ""operator:wikidata"": ""Q157645"", ""operator:wikipedia"": ""de:Deutsche Post AG"", ""postal_code"": ""13055"", ""ref"": ""Hauptstraße 9-10, 13055 Berlin""}",1018550568957579,images_filtered/postbox_node_546677905_img_1018550568957579.jpg,52.548786043238,13.50334751421,84.131656112664,1598338796799,48.3
node/559630096,52.5487407,13.5045323,"{""amenity"": ""post_box"", ""collection_times"": ""Mo-Fr 16:15, 20:15; Sa 12:30; Su 20:15"", ""operator"": ""Deutsche Post"", ""operator:wikidata"": ""Q157645"", ""operator:wikipedia"": ""de:Deutsche Post AG"", ""ref"": ""Hauptstr. 12, 13055 Berlin""}",1081878249819836,images_filtered/postbox_node_559630096_img_1081878249819836.jpg,52.54899714147,13.504782496033,265.2439547604,1703587634679,54.6
node/559645660,52.5502069,13.4968878,"{""amenity"": ""post_box"", ""collection_times"": ""Mo-Fr 15:30; Sa 11:15"", ""operator"": ""Deutsche Post"", ""operator:wikidata"": ""Q157645"", ""operator:wikipedia"": ""de:Deutsche Post AG"", ""ref"": ""Suermondtstr. 57, 13053 Berlin""}",1390071691448843,images_filtered/postbox_node_559645660_img_1390071691448843.jpg,52.5500887,13.4966141,0,1643971207000,54.6
node/560527318,52.5756755,13.2712093,"{""amenity"": ""post_box"", ""collection_times"": ""Mo-Fr 17:00; Sa 13:30"", ""operator"": ""Deutsche Post"", ""operator:wikidata"": ""Q157645"", ""ref"": ""Semmelweg 2, 13507 Berlin""}",1049988865557465,images_filtered/postbox_node_560527318_img_1049988865557465.jpg,52.57543458599,13.271345570717,0,1644666969000,19.0
node/560527318,52.5756755,13.2712093,"{""amenity"": ""post_box"", ""collection_times"": ""Mo-Fr 17:00; Sa 13:30"", ""operator"": ""Deutsche Post"", ""operator:wikidata"": ""Q157645"", ""ref"": ""Semmelweg 2, 13507 Berlin""}",1195980880854389,images_filtered/postbox_node_560527318_img_1195980880854389.jpg,52.575931716759,13.271494433296,264.54626904932,1604746804638,50.5
node/572213117,52.4340136,13.3588134,"{""amenity"": ""post_box"", ""brand"": ""Deutsche Post"", ""check_date"": ""2024-12-15"", ""check_date:collection_times"": ""2024-12-15"", ""collection_times"": ""Mo-Fr 16:00; Sa 13:00"", ""colour"": ""yellow"", ""operator"": ""Deutsche Post"", ""operator:wikidata"": ""Q157645"", ""operator:wikipedia"": ""de:Deutsche Post AG"", ""post_box:apertures"": ""2"", ""post_box:type"": ""lamp"", ""postal_code"": ""12249"", ""ref"": ""Kamenzer Damm 40, 12249 Berlin""}",119488533517444,images_filtered/postbox_node_572213117_img_119488533517444.jpg,52.434064988096,13.358606379492,77.333639201503,1603632383346,34.8
node/572213117,52.4340136,13.3588134,"{""amenity"": ""post_box"", ""brand"": ""Deutsche Post"", ""check_date"": ""2024-12-15"", ""check_date:collection_times"": ""2024-12-15"", ""collection_times"": ""Mo-Fr 16:00; Sa 13:00"", ""colour"": ""yellow"", ""operator"": ""Deutsche Post"", ""operator:wikidata"": ""Q157645"", ""operator:wikipedia"": ""de:Deutsche Post AG"", ""post_box:apertures"": ""2"", ""post_box:type"": ""lamp"", ""postal_code"": ""12249"", ""ref"": ""Kamenzer Damm 40, 12249 Berlin""}",1025894312269308,images_filtered/postbox_node_572213117_img_1025894312269308.jpg,52.434169444444,13.358886111111,243,1718462314596,47.1
node/574852409,52.4802277,13.3368103,"{""amenity"": ""post_box"", ""check_date:collection_times"": ""2024-08-07"", ""collection_times"": ""Mo-Fr 17:00; Sa 16:00"", ""operator"": ""Deutsche Post"", ""operator:wikidata"": ""Q157645"", ""operator:wikipedia"": ""de:Deutsche Post AG"", ""ref"": ""Durlacher Str. 2, 10715 Berlin""}",1067930398241809,images_filtered/postbox_node_574852409_img_1067930398241809.jpg,52.480141231839,13.33672215232,64.345499584471,1724494022446,32.5
node/593781500,52.4350421,13.3264253,"{""amenity"": ""post_box"", ""check_date:collection_times"": ""2026-08-30"", ""collection_times"": ""Mo-Fr 16:30; Sa 12:30"", ""operator"": ""Deutsche Post"", ""operator:wikidata"": ""Q157645"", ""operator:wikipedia"": ""de:Deutsche Post AG"", ""ref"": ""Marienstr./Bassermannweg, 12207 Berlin""}",134432792034824,images_filtered/postbox_node_593781500_img_134432792034824.jpg,52.435162,13.3266232,200.7207639262,1501776082136,24.5
node/593781500,52.4350421,13.3264253,"{""amenity"": ""post_box"", ""check_date:collection_times"": ""2026-08-30"", ""collection_times"": ""Mo-Fr 16:30; Sa 12:30"", ""operator"": ""Deutsche Post"", ""operator:wikidata"": ""Q157645"", ""operator:wikipedia"": ""de:Deutsche Post AG"", ""ref"": ""Marienstr./Bassermannweg, 12207 Berlin""}",1584979228808217,images_filtered/postbox_node_593781500_img_1584979228808217.jpg,52.4348152,13.3263372,31.98,1729347881000,18.7
node/588133304,52.5525699,13.4075384,"{""amenity"": ""post_box"", ""check_date:collection_times"": ""2024-08-18"", ""collection_times"": ""Mo-Fr 12:15,17:15; Sa 12:30"", ""operator"": ""Deutsche Post"", ""operator:wikidata"": ""Q157645"", ""operator:wikipedia"": ""de:Deutsche Post AG"", ""ref"": ""Paul-Robeson-Str. 37, 10439 Berlin""}",1246125070647278,images_filtered/postbox_node_588133304_img_1246125070647278.jpg,52.552751312081,13.407154697937,96.502691862305,1756028012118,31.4
node/588133304,52.5525699,13.4075384,"{""amenity"": ""post_box"", ""check_date:collection_times"": ""2024-08-18"", ""collection_times"": ""Mo-Fr 12:15,17:15; Sa 12:30"", ""operator"": ""Deutsche Post"", ""operator:wikidata"": ""Q157645"", ""operator:wikipedia"": ""de:Deutsche Post AG"", ""ref"": ""Paul-Robeson-Str. 37, 10439 Berlin""}",117765830475424,images_filtered/postbox_node_588133304_img_117765830475424.jpg,52.55271250387,13.407270368201,92.429135205286,1626799107217,38.8
node/587793838,52.5381338,13.2788209,"{""amenity"": ""post_box"", ""check_date:collection_times"": ""2026-07-20"", ""collection_times"": ""Mo-Fr 16:00; Sa 12:30"", ""operator"": ""Deutsche Post"", ""operator:wikidata"": ""Q157645"", ""operator:wikipedia"": ""de:Deutsche Post AG"", ""ref"": ""Goebelstr. 2-10, 13627 Berlin""}",1266012980512521,images_filtered/postbox_node_587793838_img_1266012980512521.jpg,52.5380915,13.278716899972,85.194252350471,1627131593065,29.0
node/587793838,52.5381338,13.2788209,"{""amenity"": ""post_box"", ""check_date:collection_times"": ""2026-07-20"", ""collection_times"": ""Mo-Fr 16:00; Sa 12:30"", ""operator"": ""Deutsche Post"", ""operator:wikidata"": ""Q157645"", ""operator:wikipedia"": ""de:Deutsche Post AG"", ""ref"": ""Goebelstr. 2-10, 13627 Berlin""}",1081511302374934,images_filtered/postbox_node_587793838_img_1081511302374934.jpg,52.5380674,13.2787077,84.251986493746,1625581390077,38.2
node/598056638,52.4390806,13.5873141,"{""amenity"": ""post_box"", ""collection_times"": ""Mo-Fr 14:00; Sa 12:30"", ""operator"": ""Deutsche Post"", ""operator:wikidata"": ""Q157645"", ""operator:wikipedia"": ""de:Deutsche Post AG"", ""ref"": ""Grüne Trift/Charlottenstr., 12557 Berlin""}",1182506108959411,images_filtered/postbox_node_598056638_img_1182506108959411.jpg,52.438836899972,13.587684799972,0,1656853335000,42.8
node/603122095,52.4851278,13.5651852,"{""amenity"": ""post_box"", ""collection_times"": ""Mo-Fr 16:15; Sa 13:30"", ""operator"": ""Deutsche Post"", ""operator:wikidata"": ""Q157645"", ""operator:wikipedia"": ""de:Deutsche Post AG"", ""ref"": ""Lindenstr./An der Wuhle, 12621 Berlin""}",289944489517781,images_filtered/postbox_node_603122095_img_289944489517781.jpg,52.48528654692,13.565419614328,186.6448726009,1586595990250,35.3
node/603591037,52.4947003,13.5361321,"{""amenity"": ""post_box"", ""check_date:collection_times"": ""2024-04-30"", ""collection_times"": ""Mo-Fr 17:15; Sa 11:45"", ""operator"": ""Deutsche Post"", ""operator:wikidata"": ""Q157645"", ""operator:wikipedia"": ""de:Deutsche Post AG"", ""ref"": ""Brehmstr. 26, 10318 Berlin""}",175476941155057,images_filtered/postbox_node_603591037_img_175476941155057.jpg,52.494799587924,13.536520572392,264.63174438477,1605441873714,17.4
node/610199206,52.3867947,13.406346,"{""amenity"": ""post_box"", ""collection_times"": ""Mo-Fr 18:00,21:00; Sa 13:15; Su 09:45"", ""operator"": ""Deutsche Post"", ""operator:wikidata"": ""Q157645"", ""operator:wikipedia"": ""de:Deutsche Post AG"", ""ref"": ""Bahnhofstr. 5-6, 12305 Berlin""}",1856464191873694,images_filtered/postbox_node_610199206_img_1856464191873694.jpg,52.3866862,13.4061947,86.037,1747046241500,45.6
node/611587323,52.4154399,13.5597831,"{""amenity"": ""post_box"", ""collection_times"": ""Mo-Fr 17:30; Sa 13:00"", ""operator"": ""Deutsche Post"", ""operator:wikidata"": ""Q157645"", ""operator:wikipedia"": ""de:Deutsche Post AG"", ""ref"": ""Am Falkenberg 37, 12524 Berlin""}",1221033341646418,images_filtered/postbox_node_611587323_img_1221033341646418.jpg,52.4153632,13.559750099999,-1,1531337152000,15.7
node/607259166,52.4764008,13.3854867,"{""amenity"": ""post_box"", ""check_date:collection_times"": ""2024-05-15"", ""collection_times"": ""Mo-Fr 14:00,16:15; Sa 13:30"", ""operator"": ""Deutsche Post"", ""operator:wikidata"": ""Q157645"", ""operator:wikipedia"": ""de:Deutsche Post AG"", ""ref"": ""Tempelhofer Damm/Peter-Strasser-Weg, 12101 Berlin""}",1033878398170285,images_filtered/postbox_node_607259166_img_1033878398170285.jpg,52.476498916667,13.385680258333,183.00569761576,1745430152708,47.2
node/618751844,52.529137,13.3437179,"{""amenity"": ""post_box"", ""check_date"": ""2025-04-02"", ""collection_times"": ""Mo-Fr 17:15; Sa 12:15"", ""operator"": ""Deutsche Post"", ""operator:wikidata"": ""Q157645"", ""operator:wikipedia"": ""de:Deutsche Post AG"", ""ref"": ""Perleberger Str. 41, 10559 Berlin"", ""wheelchair"": ""yes""}",1037000623502961,images_filtered/postbox_node_618751844_img_1037000623502961.jpg,52.529220418122,13.343963362289,228.05632317115,1627364427218,12.8
node/620359825,52.5394851,13.6193119,"{""amenity"": ""post_box"", ""collection_times"": ""Mo-Fr 15:45; Sa 13:15"", ""operator"": ""Deutsche Post"", ""operator:wikidata"": ""Q157645"", ""operator:wikipedia"": ""de:Deutsche Post AG"", ""ref"": ""Louis-Lewin-Str./Weißenfelser Str., 12627 Berlin""}",134067712734764,images_filtered/postbox_node_620359825_img_134067712734764.jpg,52.539442499972,13.619268899972,0,1666512062000,31.5
node/619418429,52.4513874,13.3478299,"{""amenity"": ""post_box"", ""collection_times"": ""Mo-Fr 15:45; Sa 12:15"", ""operator"": ""Deutsche Post"", ""operator:wikidata"": ""Q157645"", ""operator:wikipedia"": ""de:Deutsche Post AG"", ""ref"": ""Munsterdamm/Immenweg, 12169 Berlin""}",29470904815856545,images_filtered/postbox_node_619418429_img_29470904815856545.jpg,52.451425,13.347987,228,1745306739230,20.6
node/621239486,52.4231819,13.2346424,"{""amenity"": ""post_box"", ""check_date"": ""2025-05-19"", ""check_date:collection_times"": ""2025-05-19"", ""collection_times"": ""Mo-Fr 16:00; Sa 14:00"", ""operator"": ""Deutsche Post"", ""operator:wikidata"": ""Q157645"", ""ref"": ""Fercher Str./Berlepschstr., 14165 Berlin""}",502895427732857,images_filtered/postbox_node_621239486_img_502895427732857.jpg,52.423388790533,13.235036364447,259.59249953434,1500901611900,30.3
node/621152152,52.3841239,13.3965411,"{""amenity"": ""post_box"", ""collection_times"": ""Mo-Fr 17:15; Sa 13:45"", ""operator"": ""Deutsche Post"", ""operator:wikidata"": ""Q157645"", ""operator:wikipedia"": ""de:Deutsche Post AG"", ""ref"": ""Hilbertstr./Hohenzollernstr., 12307 Berlin""}",191407906031904,images_filtered/postbox_node_621152152_img_191407906031904.jpg,52.384105555556,13.396652777778,344,1440848115000,58.9
node/621152152,52.3841239,13.3965411,"{""amenity"": ""post_box"", ""collection_times"": ""Mo-Fr 17:15; Sa 13:45"", ""operator"": ""Deutsche Post"", ""operator:wikidata"": ""Q157645"", ""operator:wikipedia"": ""de:Deutsche Post AG"", ""ref"": ""Hilbertstr./Hohenzollernstr., 12307 Berlin""}",191307119488437,images_filtered/postbox_node_621152152_img_191307119488437.jpg,52.384062063046,13.39672203842,341.33712614246,1454757753505,42.1
node/628068901,52.5088208,13.3081732,"{""amenity"": ""post_box"", ""check_date:collection_times"": ""2024-05-24"", ""collection_times"": ""Mo-Fr 14:45,17:15; Sa 16:30"", ""operator"": ""Deutsche Post"", ""operator:wikidata"": ""Q157645"", ""operator:wikipedia"": ""de:Deutsche Post AG"", ""ref"": ""Goethestr. 47, 10625 Berlin""}",483586612710250,images_filtered/postbox_node_628068901_img_483586612710250.jpg,52.508852896329,13.308059144778,155.46428995817,1625916626690,40.7
node/628068901,52.5088208,13.3081732,"{""amenity"": ""post_box"", ""check_date:collection_times"": ""2024-05-24"", ""collection_times"": ""Mo-Fr 14:45,17:15; Sa 16:30"", ""operator"": ""Deutsche Post"", ""operator:wikidata"": ""Q157645"", ""operator:wikipedia"": ""de:Deutsche Post AG"", ""ref"": ""Goethestr. 47, 10625 Berlin""}",802586256901803,images_filtered/postbox_node_628068901_img_802586256901803.jpg,52.508978960153,13.308013379586,168.05335745128,1625916622183,19.6
node/635243414,52.4706883,13.2899766,"{""amenity"": ""post_box"", ""collection_times"": ""Mo-Fr 16:00; Sa 12:30"", ""operator"": ""Deutsche Post"", ""operator:wikidata"": ""Q157645"", ""operator:wikipedia"": ""de:Deutsche Post AG"", ""ref"": ""Heiligendammer Str. 20-22, 14195 Berlin""}",1155082588342006,images_filtered/postbox_node_635243414_img_1155082588342006.jpg,52.470571999972,13.290029999972,0,1562511593000,15.6
node/635243414,52.4706883,13.2899766,"{""amenity"": ""post_box"", ""collection_times"": ""Mo-Fr 16:00; Sa 12:30"", ""operator"": ""Deutsche Post"", ""operator:wikidata"": ""Q157645"", ""operator:wikipedia"": ""de:Deutsche Post AG"", ""ref"": ""Heiligendammer Str. 20-22, 14195 Berlin""}",1108882606282392,images_filtered/postbox_node_635243414_img_1108882606282392.jpg,52.470551260284,13.290032731814,330.23815917969,1504340812753,15.8
node/648259076,52.5117874,13.2099631,"{""amenity"": ""post_box"", ""check_date:collection_times"": ""2024-08-26"", ""collection_times"": ""Mo-Fr 16:00; Sa 12:00"", ""operator"": ""Deutsche Post"", ""operator:wikidata"": ""Q157645"", ""operator:wikipedia"": ""de:Deutsche Post AG"", ""ref"": ""Brandensteinweg 6, 13595 Berlin""}",296309225438053,images_filtered/postbox_node_648259076_img_296309225438053.jpg,52.511701,13.209715,32.18909,1494264413819,28.0
node/646860030,52.4388503,13.2403829,"{""amenity"": ""post_box"", ""check_date"": ""2022-04-30"", ""collection_times"": ""Mo-Fr 16:00; Sa 13:30"", ""operator"": ""Deutsche Post"", ""operator:wikidata"": ""Q157645"", ""operator:wikipedia"": ""de:Deutsche Post AG"", ""post_box:apertures"": ""2"", ""post_box:type"": ""lamp"", ""postal_code"": ""14163"", ""ref"": ""Sven-Hedin-Str. 23, 14163 Berlin""}",1192687064514690,images_filtered/postbox_node_646860030_img_1192687064514690.jpg,52.43893431,13.24079832,240.28099362112,1404823301000,11.4
node/638322751,52.431956,13.5378041,"{""amenity"": ""post_box"", ""check_date:collection_times"": ""2026-02-25"", ""collection_times"": ""Mo-Fr 18:00"", ""colour"": ""green"", ""operator"": ""PIN Mail"", ""operator:type"": ""private"", ""operator:wikidata"": ""Q1342288"", ""operator:wikipedia"": ""de:PIN Mail"", ""post_box:apertures"": ""1"", ""post_box:type"": ""pillar""}",1280627380407376,images_filtered/postbox_node_638322751_img_1280627380407376.jpg,52.431823,13.5378419,341,1754202422230,9.2
node/659034121,52.4230026,13.3744544,"{""amenity"": ""post_box"", ""brand"": ""Deutsche Post"", ""collection_times"": ""Mo-Fr 13:45,16:00; Sa 14:00"", ""colour"": ""yellow"", ""operator"": ""Deutsche Post"", ""operator:wikidata"": ""Q157645"", ""operator:wikipedia"": ""de:Deutsche Post AG"", ""post_box:apertures"": ""2"", ""post_box:type"": ""lamp"", ""ref"": ""Kiepertplatz/Bahnstr., 12277 Berlin"", ""wheelchair"": ""yes""}",1374513574330246,images_filtered/postbox_node_659034121_img_1374513574330246.jpg,52.423269,13.374794,239,1761809711084,21.1
node/659935893,52.4878286,13.333012,"{""amenity"": ""post_box"", ""check_date:collection_times"": ""2026-07-05"", ""collection_times"": ""Mo-Fr 17:15; Sa 16:15"", ""operator"": ""Deutsche Post"", ""operator:wikidata"": ""Q157645"", ""operator:wikipedia"": ""de:Deutsche Post AG"", ""ref"": ""Prinzregentenstr. 19, 10715 Berlin""}",1118807577375955,images_filtered/postbox_node_659935893_img_1118807577375955.jpg,52.487677699972,13.3330718,0,1788599552500,13.6
node/659935893,52.4878286,13.333012,"{""amenity"": ""post_box"", ""check_date:collection_times"": ""2026-07-05"", ""collection_times"": ""Mo-Fr 17:15; Sa 16:15"", ""operator"": ""Deutsche Post"", ""operator:wikidata"": ""Q157645"", ""operator:wikipedia"": ""de:Deutsche Post AG"", ""ref"": ""Prinzregentenstr. 19, 10715 Berlin""}",1077873401637851,images_filtered/postbox_node_659935893_img_1077873401637851.jpg,52.487715799972,13.333285599972,0,1788599550500,55.9
node/659935893,52.4878286,13.333012,"{""amenity"": ""post_box"", ""check_date:collection_times"": ""2026-07-05"", ""collection_times"": ""Mo-Fr 17:15; Sa 16:15"", ""operator"": ""Deutsche Post"", ""operator:wikidata"": ""Q157645"", ""operator:wikipedia"": ""de:Deutsche Post AG"", ""ref"": ""Prinzregentenstr. 19, 10715 Berlin""}",1033598376172030,images_filtered/postbox_node_659935893_img_1033598376172030.jpg,52.4875923,13.3325835,0,1788599557500,47.8
node/664166063,52.4467731,13.5069704,"{""amenity"": ""post_box"", ""check_date:collection_times"": ""2024-10-06"", ""collection_times"": ""Mo-Fr 17:00,20:30; Sa 13:45; Su 10:45,20:30"", ""operator"": ""Deutsche Post"", ""operator:wikidata"": ""Q157645"", ""operator:wikipedia"": ""de:Deutsche Post AG"", ""ref"": ""Sterndamm 67, 12487 Berlin""}",1231892314848290,images_filtered/postbox_node_664166063_img_1231892314848290.jpg,52.446689,13.5067902,14.139,1723887128000,38.4
node/667211349,52.5111625,13.26887,"{""amenity"": ""post_box"", ""check_date:collection_times"": ""2024-05-05"", ""collection_times"": ""Mo-Fr 13:00,16:00; Sa 14:00"", ""operator"": ""Deutsche Post"", ""operator:wikidata"": ""Q157645"", ""operator:wikipedia"": ""de:Deutsche Post AG"", ""ref"": ""Reichsstr. 103, 14052 Berlin""}",1167327337116824,images_filtered/postbox_node_667211349_img_1167327337116824.jpg,52.511381599972,13.268778899972,170,1557318352000,4.2
node/667292902,52.5091301,13.4973234,"{""amenity"": ""post_box"", ""check_date:collection_times"": ""2026-05-23"", ""collection_times"": ""Mo-Fr 16:45; Sa 12:15; Su 09:00"", ""operator"": ""Deutsche Post"", ""operator:wikidata"": ""Q157645"", ""operator:wikipedia"": ""de:Deutsche Post AG"", ""ref"": ""Weitlingstr. 12-22, 10317 Berlin""}",1107080768236724,images_filtered/postbox_node_667292902_img_1107080768236724.jpg,52.5089234,13.4976725,0,1758039468000,45.8
node/667990669,52.4383301,13.7201017,"{""amenity"": ""post_box"", ""collection_times"": ""Mo-Fr 15:00; Sa 12:00"", ""operator"": ""Deutsche Post"", ""operator:wikidata"": ""Q157645"", ""ref"": ""Schönblicker Str. 2-4, 12589 Berlin""}",1033203858778112,images_filtered/postbox_node_667990669_img_1033203858778112.jpg,52.438296,13.720114,16,1747727402335,28.4
node/668246083,52.4494986,13.251755,"{""amenity"": ""post_box"", ""check_date:collection_times"": ""2024-06-15"", ""collection_times"": ""Mo-Fr 13:00,17:30; Sa 14:15"", ""operator"": ""Deutsche Post"", ""operator:wikidata"": ""Q157645"", ""operator:wikipedia"": ""de:Deutsche Post AG"", ""ref"": ""Onkel-Tom-Str. 99, 14169 Berlin""}",4122446958026245,images_filtered/postbox_node_668246083_img_4122446958026245.jpg,52.4492634,13.2516733,344.225,1750857542000,27.7
node/668142728,52.440006,13.3991761,"{""amenity"": ""post_box"", ""check_date"": ""2025-09-13"", ""check_date:collection_times"": ""2025-09-13"", ""collection_times"": ""Mo-Fr 16:45; Sa 14:30"", ""colour"": ""yellow"", ""operator"": ""Deutsche Post"", ""operator:wikidata"": ""Q157645"", ""operator:wikipedia"": ""de:Deutsche Post AG"", ""post_box:apertures"": ""2"", ""post_box:type"": ""lamp"", ""ref"": ""Britzer Str./Brussaer Weg, 12109 Berlin"", ""support"": ""pole""}",2977268742510603,images_filtered/postbox_node_668142728_img_2977268742510603.jpg,52.439855799972,13.398801199972,0,1562343197000,56.7
node/668142728,52.440006,13.3991761,"{""amenity"": ""post_box"", ""check_date"": ""2025-09-13"", ""check_date:collection_times"": ""2025-09-13"", ""collection_times"": ""Mo-Fr 16:45; Sa 14:30"", ""colour"": ""yellow"", ""operator"": ""Deutsche Post"", ""operator:wikidata"": ""Q157645"", ""operator:wikipedia"": ""de:Deutsche Post AG"", ""post_box:apertures"": ""2"", ""post_box:type"": ""lamp"", ""ref"": ""Britzer Str./Brussaer Weg, 12109 Berlin"", ""support"": ""pole""}",341972357541322,images_filtered/postbox_node_668142728_img_341972357541322.jpg,52.4398294,13.399233399972,0,1562343201000,11.2
node/672774009,52.5544291,13.3922937,"{""amenity"": ""post_box"", ""check_date"": ""2024-11-20"", ""check_date:collection_times"": ""2024-03-10"", ""collection_times"": ""Mo-Fr 16:00; Sa 12:00"", ""operator"": ""Deutsche Post"", ""operator:wikidata"": ""Q157645"", ""operator:wikipedia"": ""de:Deutsche Post AG"", ""ref"": ""Jülicher Str. 29, 13357 Berlin""}",1007492420219083,images_filtered/postbox_node_672774009_img_1007492420219083.jpg,52.5543228,13.392139399972,0,1717261832000,41.4
node/672774009,52.5544291,13.3922937,"{""amenity"": ""post_box"", ""check_date"": ""2024-11-20"", ""check_date:collection_times"": ""2024-03-10"", ""collection_times"": ""Mo-Fr 16:00; Sa 12:00"", ""operator"": ""Deutsche Post"", ""operator:wikidata"": ""Q157645"", ""operator:wikipedia"": ""de:Deutsche Post AG"", ""ref"": ""Jülicher Str. 29, 13357 Berlin""}",1044841571557223,images_filtered/postbox_node_672774009_img_1044841571557223.jpg,52.554402924192,13.392159724621,52.465484619141,1783007145116,19.7
node/678434987,52.403064,13.5063818,"{""amenity"": ""post_box"", ""brand"": ""Deutsche Post"", ""collection_times"": ""Mo-Fr 15:45; Sa 13:15"", ""operator"": ""Deutsche Post"", ""operator:wikidata"": ""Q157645"", ""operator:wikipedia"": ""de:Deutsche Post AG"", ""postal_code"": ""12355"", ""ref"": ""Liselotte-Berger-Str./Elly-Heuss-Knapp-Str., 12355 Berlin""}",1446699910659066,images_filtered/postbox_node_678434987_img_1446699910659066.jpg,52.40317791,13.50678974,237.27196954612,1789130892700,8.1
node/679108237,52.6064634,13.2301793,"{""amenity"": ""post_box"", ""collection_times"": ""Mo-Fr 17:00; Sa 14:00"", ""operator"": ""Deutsche Post"", ""operator:wikidata"": ""Q157645"", ""ref"": ""Heiligenseestr. 112, 13503 Berlin""}",823287475328398,images_filtered/postbox_node_679108237_img_823287475328398.jpg,52.6063009,13.2305813,0,1655020033000,56.4
node/689205777,52.6025961,13.2389193,"{""amenity"": ""post_box"", ""collection_times"": ""Mo-Fr 17:00; Sa 14:00"", ""operator"": ""Deutsche Post"", ""operator:wikidata"": ""Q157645"", ""ref"": ""Reiherallee 30-36, 13503 Berlin""}",497881458053320,images_filtered/postbox_node_689205777_img_497881458053320.jpg,52.602686111111,13.238572222222,126,1464538311000,12.9
node/689563397,52.484102,13.3528347,"{""amenity"": ""post_box"", ""check_date:collection_times"": ""2026-07-02"", ""collection_times"": ""Mo-Fr 17:00; Sa 16:15"", ""operator"": ""Deutsche Post"", ""operator:wikidata"": ""Q157645"", ""operator:wikipedia"": ""de:Deutsche Post AG"", ""ref"": ""Hauptstr. 129, 10827 Berlin""}",1060089855181784,images_filtered/postbox_node_689563397_img_1060089855181784.jpg,52.4841355,13.352569799998,68.8713722229,1698759504197,32.9
node/691484604,52.4578039,13.3267784,"{""amenity"": ""post_box"", ""check_date"": ""2021-06-13"", ""check_date:collection_times"": ""2024-01-13"", ""collection_times"": ""Mo-Fr 12:45,16:45,18:00,21:00, Sa 12:45, Su 10:30,21:00"", ""operator"": ""Deutsche Post"", ""operator:wikidata"": ""Q157645"", ""operator:wikipedia"": ""de:Deutsche Post AG"", ""ref"": ""Bergstr. 1, 12169 Berlin""}",1014603070774435,images_filtered/postbox_node_691484604_img_1014603070774435.jpg,52.4579644,13.3265206,81.309,1745400639000,54.3
node/693892038,52.4914572,13.3167984,"{""amenity"": ""post_box"", ""check_date"": ""2024-08-09"", ""check_date:collection_times"": ""2024-08-09"", ""collection_times"": ""Mo-Fr 12:00,15:15,17:45; Sa 16:45"", ""operator"": ""Deutsche Post"", ""operator:wikidata"": ""Q157645"", ""operator:wikipedia"": ""de:Deutsche Post AG"", ""post_box:apertures"": ""2"", ""post_box:type"": ""lamp"", ""ref"": ""Sächsische Str. 30, 10707 Berlin"", ""support"": ""pole""}",1205703816533209,images_filtered/postbox_node_693892038_img_1205703816533209.jpg,52.491217399972,13.3170465,0,1498669152000,32.2
node/699538698,52.411677,13.4983877,"{""amenity"": ""post_box"", ""check_date"": ""2020-09-12"", ""collection_times"": ""Mo-Fr 16:00,18:00; Sa 14:30"", ""operator"": ""Deutsche Post"", ""operator:wikidata"": ""Q157645"", ""operator:wikipedia"": ""de:Deutsche Post AG"", ""post_box:apertures"": ""2"", ""post_box:type"": ""lamp"", ""postal_code"": ""12355"", ""ref"": ""Schönefelder Str. 35, 12355 Berlin"", ""support"": ""pole""}",37352333124414297,images_filtered/postbox_node_699538698_img_37352333124414297.jpg,52.411456999972,13.498352499972,0,1786280887000,5.6
node/697155988,52.488381,13.4139464,"{""amenity"": ""post_box"", ""check_date"": ""2026-09-01"", ""check_date:collection_times"": ""2026-09-01"", ""collection_times"": ""Mo-Fr 17:30; Sa 14:30"", ""operator"": ""Deutsche Post"", ""operator:wikidata"": ""Q157645"", ""operator:wikipedia"": ""de:Deutsche Post AG"", ""post_box:type"": ""lamp"", ""postal_code"": ""10967"", ""ref"": ""Hasenheide 39, 10967 Berlin""}",1050082042190611,images_filtered/postbox_node_697155988_img_1050082042190611.jpg,52.488224199972,13.4137511,0,1584226013000,37.2
node/703605519,52.4800601,13.428276,"{""amenity"": ""post_box"", ""check_date"": ""2025-03-30"", ""collection_times"": ""Mo-Fr 16:45; Sa 13:45"", ""colour"": ""yellow"", ""operator"": ""Deutsche Post"", ""operator:wikidata"": ""Q157645"", ""operator:wikipedia"": ""de:Deutsche Post AG"", ""post_box:apertures"": ""1"", ""post_box:type"": ""pillar"", ""postal_code"": ""12053"", ""ref"": ""Boddinstr./Boddinplatz, 12053 Berlin""}",1205085293295530,images_filtered/postbox_node_703605519_img_1205085293295530.jpg,52.480294033934,13.427911894408,188.51849365234,1505811272389,52.0
node/702390176,52.440696,13.5936423,"{""amenity"": ""post_box"", ""collection_times"": ""Mo-Fr 14:15,15:15; Sa 12:45"", ""operator"": ""Deutsche Post"", ""operator:wikidata"": ""Q157645"", ""operator:wikipedia"": ""de:Deutsche Post AG"", ""ref"": ""Salvador-Allende-Str. 2-8, 12559 Berlin""}",1560375841035952,images_filtered/postbox_node_702390176_img_1560375841035952.jpg,52.440545399972,13.593275399972,0,1691928024000,56.0
node/704913848,52.4897825,13.3408541,"{""amenity"": ""post_box"", ""collection_times"": ""Mo-Fr 18:45; Sa 16:30"", ""operator"": ""Deutsche Post"", ""operator:wikidata"": ""Q157645"", ""operator:wikipedia"": ""de:Deutsche Post AG"", ""ref"": ""Westarpstr. 6, 10779 Berlin""}",136306751875248,images_filtered/postbox_node_704913848_img_136306751875248.jpg,52.490030555556,13.3408,195,1605441484000,22.6
node/704913839,52.5005827,13.3287854,"{""amenity"": ""post_box"", ""check_date:collection_times"": ""2026-08-23"", ""collection_times"": ""Mo-Fr 17:00; Sa 16:00"", ""operator"": ""Deutsche Post"", ""operator:wikidata"": ""Q157645"", ""operator:wikipedia"": ""de:Deutsche Post AG"", ""ref"": ""Meinekestr. 11, 10719 Berlin""}",284523806687247,images_filtered/postbox_node_704913839_img_284523806687247.jpg,52.500368189116,13.329202746985,275.32314664874,1619873813772,34.9
node/704913839,52.5005827,13.3287854,"{""amenity"": ""post_box"", ""check_date:collection_times"": ""2026-08-23"", ""collection_times"": ""Mo-Fr 17:00; Sa 16:00"", ""operator"": ""Deutsche Post"", ""operator:wikidata"": ""Q157645"", ""operator:wikipedia"": ""de:Deutsche Post AG"", ""ref"": ""Meinekestr. 11, 10719 Berlin""}",1051282882069165,images_filtered/postbox_node_704913839_img_1051282882069165.jpg,52.500397,13.329081,303.8371,1493310296857,12.1
node/705685427,52.4857718,13.344015,"{""amenity"": ""post_box"", ""collection_times"": ""Mo-Fr 17:15; Sa 16:30"", ""operator"": ""Deutsche Post"", ""operator:wikidata"": ""Q157645"", ""operator:wikipedia"": ""de:Deutsche Post AG"", ""ref"": ""Salzburger Str. 1, 10825 Berlin""}",400222748609901,images_filtered/postbox_node_705685427_img_400222748609901.jpg,52.485547199972,13.344219799972,0,1497372929000,29.0
node/712845873,52.4766858,13.5376988,"{""amenity"": ""post_box"", ""collection_times"": ""Mo-Fr 17:00; Sa 11:45"", ""operator"": ""Deutsche Post"", ""operator:wikidata"": ""Q157645"", ""ref"": ""Verlängerte Waldowallee 42, 10318 Berlin""}",1547867743809244,images_filtered/postbox_node_712845873_img_1547867743809244.jpg,52.4767883,13.5377039,167,1788854826049,14.7
node/712851024,52.4927036,13.5610086,"{""amenity"": ""post_box"", ""collection_times"": ""Mo-Fr 16:00; Sa 13:15"", ""operator"": ""Deutsche Post"", ""operator:wikidata"": ""Q157645"", ""operator:wikipedia"": ""de:Deutsche Post AG"", ""ref"": ""Köpenicker Str. 140, 12683 Berlin""}",324828706592849,images_filtered/postbox_node_712851024_img_324828706592849.jpg,52.492868300002,13.561247800003,211.88461256027,1690577205143,9.6
node/712856688,52.495716,13.6028298,"{""amenity"": ""post_box"", ""collection_times"": ""Mo-Fr 14:45; Sa 13:15"", ""operator"": ""Deutsche Post"", ""operator:wikidata"": ""Q157645"", ""operator:wikipedia"": ""de:Deutsche Post AG"", ""ref"": ""Goldregenstr./Georginenweg, 12623 Berlin""}",775924530716510,images_filtered/postbox_node_712856688_img_775924530716510.jpg,52.495527,13.6026673,0,1680942145000,27.6
node/715203870,52.4641804,13.2973328,"{""amenity"": ""post_box"", ""collection_times"": ""Mo-Fr 14:00,16:00; Sa 12:30"", ""operator"": ""Deutsche Post"", ""operator:wikidata"": ""Q157645"", ""ref"": ""Podbielskiallee 50, 14195 Berlin""}",1279081892488360,images_filtered/postbox_node_715203870_img_1279081892488360.jpg,52.4640932,13.297299799972,0,1498317967000,13.0
node/715203781,52.4944554,13.3236188,"{""amenity"": ""post_box"", ""check_date:collection_times"": ""2024-03-09"", ""collection_times"": ""Mo-Fr 17:00; Sa 16:15"", ""operator"": ""Deutsche Post"", ""operator:wikidata"": ""Q157645"", ""operator:wikipedia"": ""de:Deutsche Post AG"", ""ref"": ""Uhlandstr. 61, 10719 Berlin""}",1025302852924848,images_filtered/postbox_node_715203781_img_1025302852924848.jpg,52.494568932446,13.323715460739,176.60794034695,1750860322217,30.8
node/718143825,52.5055593,13.2370046,"{""amenity"": ""post_box"", ""collection_times"": ""Mo-Fr 17:15; Sa 14:30"", ""operator"": ""Deutsche Post"", ""operator:wikidata"": ""Q157645"", ""ref"": ""Kranzallee 19, 14055 Berlin""}",1686095005226795,images_filtered/postbox_node_718143825_img_1686095005226795.jpg,52.5056432,13.236752,84.785,1692533845000,33.8
node/718143825,52.5055593,13.2370046,"{""amenity"": ""post_box"", ""collection_times"": ""Mo-Fr 17:15; Sa 14:30"", ""operator"": ""Deutsche Post"", ""operator:wikidata"": ""Q157645"", ""ref"": ""Kranzallee 19, 14055 Berlin""}",473204927437481,images_filtered/postbox_node_718143825_img_473204927437481.jpg,52.505618,13.236585,105.7996,1494315141691,2.9
node/718143738,52.5070649,13.2279634,"{""amenity"": ""post_box"", ""check_date:collection_times"": ""2026-08-04"", ""collection_times"": ""Mo-Fr 17:00; Sa 14:15"", ""operator"": ""Deutsche Post"", ""operator:wikidata"": ""Q157645"", ""operator:wikipedia"": ""de:Deutsche Post AG"", ""ref"": ""Heerstr. 136, 14055 Berlin""}",1292907065709329,images_filtered/postbox_node_718143738_img_1292907065709329.jpg,52.5072453,13.2283071,184.502,1751700148000,44.7
node/718143738,52.5070649,13.2279634,"{""amenity"": ""post_box"", ""check_date:collection_times"": ""2026-08-04"", ""collection_times"": ""Mo-Fr 17:00; Sa 14:15"", ""operator"": ""Deutsche Post"", ""operator:wikidata"": ""Q157645"", ""operator:wikipedia"": ""de:Deutsche Post AG"", ""ref"": ""Heerstr. 136, 14055 Berlin""}",1301723515289520,images_filtered/postbox_node_718143738_img_1301723515289520.jpg,52.5070801,13.2282452,249.994,1751700152000,14.9
node/718143829,52.5071368,13.2681502,"{""access"": ""yes"", ""addr:floor"": ""0"", ""amenity"": ""post_box"", ""collection_times"": ""Mo-Fr 17:15; Sa 14:30"", ""colour"": ""yellow"", ""covered"": ""no"", ""drive_through"": ""no"", ""indoor"": ""no"", ""level"": ""0"", ""material"": ""steel"", ""operator"": ""Deutsche Post"", ""operator:wikidata"": ""Q157645"", ""operator:wikipedia"": ""de:Deutsche Post AG"", ""post_box:type"": ""pillar"", ""ref"": ""Frankenallee 5, 14052 Berlin"", ""source"": ""survey"", ""support"": ""ground""}",298949675004165,images_filtered/postbox_node_718143829_img_298949675004165.jpg,52.506885,13.267831,57.43329,1495645677284,19.8
node/722560324,52.4339308,13.7062733,"{""amenity"": ""post_box"", ""collection_times"": ""Mo-Fr 16:45; Sa 12:30"", ""operator"": ""Deutsche Post"", ""operator:wikidata"": ""Q157645"", ""ref"": ""Fürstenwalder Allee/Rialtoring, 12589 Berlin""}",147761464042391,images_filtered/postbox_node_722560324_img_147761464042391.jpg,52.434003,13.706419,290.6981391217,1473850947337,59.8
node/722561565,52.4462356,13.6194849,"{""amenity"": ""post_box"", ""collection_times"": ""Mo-Fr 17:00, Sa 13:00"", ""operator"": ""Deutsche Post"", ""operator:wikidata"": ""Q157645"", ""operator:wikipedia"": ""de:Deutsche Post AG"", ""ref"": ""Müggelseedamm 129-131, 12587 Berlin""}",1347382488969405,images_filtered/postbox_node_722561565_img_1347382488969405.jpg,52.446179771845,13.619300415752,118.61827126158,1589027770684,55.0
node/726630249,52.6192484,13.3939717,"{""amenity"": ""post_box"", ""collection_times"": ""Mo-Fr 13:15; Sa 12:00"", ""operator"": ""Deutsche Post"", ""operator:wikidata"": ""Q157645"", ""operator:wikipedia"": ""de:Deutsche Post AG"", ""ref"": ""Hauptstr. 37, 13159 Berlin""}",1059692506597509,images_filtered/postbox_node_726630249_img_1059692506597509.jpg,52.619151399972,13.394045099972,0,1786358213500,24.7
node/730172923,52.4929175,13.3670766,"{""amenity"": ""post_box"", ""check_date"": ""2024-11-22"", ""collection_times"": ""Mo-Fr 17:30; Sa 16:30"", ""colour"": ""yellow"", ""operator"": ""Deutsche Post"", ""operator:wikidata"": ""Q157645"", ""operator:wikipedia"": ""de:Deutsche Post AG"", ""post_box:apertures"": ""2"", ""post_box:type"": ""lamp"", ""ref"": ""Mansteinstr. 17, 10783 Berlin"", ""support"": ""pole""}",3309806092648351,images_filtered/postbox_node_730172923_img_3309806092648351.jpg,52.4928795,13.367105,0,1721311554000,24.5
node/727852096,52.4902032,13.3492194,"{""amenity"": ""post_box"", ""check_date:collection_times"": ""2025-11-19"", ""collection_times"": ""Mo-Fr 17:00; Sa 16:15"", ""operator"": ""Deutsche Post"", ""operator:wikidata"": ""Q157645"", ""operator:wikipedia"": ""de:Deutsche Post AG"", ""ref"": ""Eisenacher Str. 86, 10781 Berlin""}",1033084474122309,images_filtered/postbox_node_727852096_img_1033084474122309.jpg,52.490384127062,13.349033575517,101.30736248132,1634735680381,46.7
node/727852096,52.4902032,13.3492194,"{""amenity"": ""post_box"", ""check_date:collection_times"": ""2025-11-19"", ""collection_times"": ""Mo-Fr 17:00; Sa 16:15"", ""operator"": ""Deutsche Post"", ""operator:wikidata"": ""Q157645"", ""operator:wikipedia"": ""de:Deutsche Post AG"", ""ref"": ""Eisenacher Str. 86, 10781 Berlin""}",1225823236053031,images_filtered/postbox_node_727852096_img_1225823236053031.jpg,52.4904067,13.3490889,186.183,1763549269000,27.5
node/730887426,52.4832013,13.3745515,"{""amenity"": ""post_box"", ""check_date"": ""2025-03-19"", ""collection_times"": ""Mo-Fr 14:00,16:30, Sa 13:30"", ""operator"": ""Deutsche Post"", ""operator:wikidata"": ""Q157645"", ""operator:wikipedia"": ""de:Deutsche Post AG"", ""post_box:apertures"": ""2"", ""post_box:type"": ""lamp"", ""postal_code"": ""12101"", ""ref"": ""Bayernring 25, 12101 Berlin"", ""support"": ""pole""}",138325445373037,images_filtered/postbox_node_730887426_img_138325445373037.jpg,52.4830582,13.374693,0,1640440334000,31.1
node/731948146,52.4989942,13.3685388,"{""amenity"": ""post_box"", ""check_date:collection_times"": ""2025-03-18"", ""collection_times"": ""Mo-Fr 17:30, Sa 14:15"", ""operator"": ""Deutsche Post"", ""operator:wikidata"": ""Q157645"", ""operator:wikipedia"": ""de:Deutsche Post AG"", ""ref"": ""Kurfürstenstr. 3a, 10785 Berlin""}",1203951393391842,images_filtered/postbox_node_731948146_img_1203951393391842.jpg,52.498976038818,13.368316898135,97.441322082101,1600067725473,15.1
node/731948146,52.4989942,13.3685388,"{""amenity"": ""post_box"", ""check_date:collection_times"": ""2025-03-18"", ""collection_times"": ""Mo-Fr 17:30, Sa 14:15"", ""operator"": ""Deutsche Post"", ""operator:wikidata"": ""Q157645"", ""operator:wikipedia"": ""de:Deutsche Post AG"", ""ref"": ""Kurfürstenstr. 3a, 10785 Berlin""}",1464421777233978,images_filtered/postbox_node_731948146_img_1464421777233978.jpg,52.498890208056,13.368329806111,100.093448,1497098163000,49.4
node/765566779,52.4318549,13.2591464,"{""amenity"": ""post_box"", ""check_date"": ""2025-02-12"", ""check_date:collection_times"": ""2025-02-12"", ""collection_times"": ""Mo-Fr 17:45; Sa 14:00"", ""operator"": ""Deutsche Post"", ""operator:wikidata"": ""Q157645"", ""operator:wikipedia"": ""de:Deutsche Post AG"", ""ref"": ""Teltower Damm 33, 14169 Berlin""}",1193404208556880,images_filtered/postbox_node_765566779_img_1193404208556880.jpg,52.432105,13.258901,101,1722403252044,48.1
node/761739875,52.4738363,13.4406363,"{""amenity"": ""post_box"", ""check_date"": ""2026-07-20"", ""check_date:collection_times"": ""2026-07-20"", ""collection_times"": ""Mo-Fr 14:30,17:00; Sa 14:30"", ""colour"": ""yellow"", ""drive_through"": ""no"", ""material"": ""metal"", ""operator"": ""Deutsche Post"", ""operator:wikidata"": ""Q157645"", ""operator:wikipedia"": ""de:Deutsche Post AG"", ""post_box:apertures"": ""1"", ""post_box:type"": ""pillar"", ""postal_code"": ""12043"", ""ref"": ""Karl-Marx-Str./Karl-Marx-Platz, 12043 Berlin"", ""support"": ""ground""}",1046113580366269,images_filtered/postbox_node_761739875_img_1046113580366269.jpg,52.47387,13.4404746,105.063,1725008732000,3.8
node/753305554,52.5683092,13.4117746,"{""access"": ""yes"", ""addr:floor"": ""0"", ""amenity"": ""post_box"", ""check_date"": ""2024-10-13"", ""collection_times"": ""Mo-Fr 16:00; Sa 12:00; Su 21:00"", ""colour"": ""yellow"", ""covered"": ""no"", ""indoor"": ""no"", ""level"": ""0"", ""material"": ""metal"", ""operator"": ""Deutsche Post"", ""operator:wikidata"": ""Q157645"", ""operator:wikipedia"": ""de:Deutsche Post AG"", ""post_box:type"": ""pillar"", ""ref"": ""Berliner Str. 12, 13187 Berlin"", ""support"": ""ground"", ""wheelchair"": ""yes""}",1005388774760651,images_filtered/postbox_node_753305554_img_1005388774760651.jpg,52.568118,13.411928,10,1736849744745,36.0
node/767893740,52.6174031,13.2208832,"{""amenity"": ""post_box"", ""collection_times"": ""Mo-Fr 16:30; Sa 12:30"", ""operator"": ""Deutsche Post"", ""operator:wikidata"": ""Q157645"", ""ref"": ""Hennigsdorfer Str. 62, 13503 Berlin""}",530787714993811,images_filtered/postbox_node_767893740_img_530787714993811.jpg,52.617662530441,13.220993634326,169.20342901824,1592040158331,25.3
node/766728422,52.4917424,13.4128346,"{""amenity"": ""post_box"", ""check_date"": ""2026-07-09"", ""check_date:collection_times"": ""2026-07-09"", ""collection_times"": ""Mo-Fr 17:00; Sa 14:00"", ""operator"": ""Deutsche Post"", ""operator:wikidata"": ""Q157645"", ""operator:wikipedia"": ""de:Deutsche Post AG"", ""post_box:type"": ""lamp"", ""postal_code"": ""10967"", ""ref"": ""Urbanstr. 30, 10967 Berlin""}",1030341677526716,images_filtered/postbox_node_766728422_img_1030341677526716.jpg,52.4916064,13.413121699972,0,1637417395000,52.1
node/766728422,52.4917424,13.4128346,"{""amenity"": ""post_box"", ""check_date"": ""2026-07-09"", ""check_date:collection_times"": ""2026-07-09"", ""collection_times"": ""Mo-Fr 17:00; Sa 14:00"", ""operator"": ""Deutsche Post"", ""operator:wikidata"": ""Q157645"", ""operator:wikipedia"": ""de:Deutsche Post AG"", ""post_box:type"": ""lamp"", ""postal_code"": ""10967"", ""ref"": ""Urbanstr. 30, 10967 Berlin""}",1042352834043375,images_filtered/postbox_node_766728422_img_1042352834043375.jpg,52.491790191319,13.412790857268,102.18257828273,1728720347866,48.7
node/766875173,52.4358691,13.5409631,"{""amenity"": ""post_box"", ""check_date:collection_times"": ""2026-02-19"", ""collection_times"": ""Mo-Fr 15:15; Sa 12:30"", ""operator"": ""Deutsche Post"", ""operator:wikidata"": ""Q157645"", ""operator:wikipedia"": ""de:Deutsche Post AG"", ""ref"": ""Adlergestell 255, 12489 Berlin""}",1089875429150664,images_filtered/postbox_node_766875173_img_1089875429150664.jpg,52.435745,13.540981,337,1728380219730,18.0
node/775342936,52.4601554,13.3203764,"{""amenity"": ""post_box"", ""check_date"": ""2026-08-20"", ""check_date:collection_times"": ""2026-08-20"", ""collection_times"": ""Mo-Fr 15:45; Sa 13:30"", ""operator"": ""Deutsche Post"", ""operator:wikidata"": ""Q157645"", ""operator:wikipedia"": ""de:Deutsche Post AG"", ""ref"": ""Rothenburgstr./Zimmermannstr., 12163 Berlin""}",262408795565714,images_filtered/postbox_node_775342936_img_262408795565714.jpg,52.460051318611,13.320305440556,35.036872,1522429702000,12.5
node/794041225,52.5533794,13.5447005,"{""amenity"": ""post_box"", ""collection_times"": ""Mo-Fr 17:15; Sa 15:00"", ""operator"": ""Deutsche Post"", ""operator:wikidata"": ""Q157645"", ""operator:wikipedia"": ""de:Deutsche Post AG"", ""ref"": ""Bitterfelder Str./Wolfener Str., 12681 Berlin""}",1051019552684132,images_filtered/postbox_node_794041225_img_1051019552684132.jpg,52.553542,13.544424,131.9419836998,1700821603702,2.1
node/794041225,52.5533794,13.5447005,"{""amenity"": ""post_box"", ""collection_times"": ""Mo-Fr 17:15; Sa 15:00"", ""operator"": ""Deutsche Post"", ""operator:wikidata"": ""Q157645"", ""operator:wikipedia"": ""de:Deutsche Post AG"", ""ref"": ""Bitterfelder Str./Wolfener Str., 12681 Berlin""}",1014415119577073,images_filtered/postbox_node_794041225_img_1014415119577073.jpg,52.553537099999,13.544390900001,120.85758543015,1685554826295,9.1
node/805317218,52.4529525,13.5239151,"{""amenity"": ""post_box"", ""check_date:collection_times"": ""2025-07-06"", ""collection_times"": ""Mo-Fr 16:00; Sa 13:00"", ""operator"": ""Deutsche Post"", ""operator:wikidata"": ""Q157645"", ""operator:wikipedia"": ""de:Deutsche Post AG"", ""ref"": ""Rudower Str. 13, 12439 Berlin""}",1026845867008645,images_filtered/postbox_node_805317218_img_1026845867008645.jpg,52.453088167153,13.524328116465,291.23818108666,1788698969181,49.6
node/812276330,52.4358402,13.2984031,"{""amenity"": ""post_box"", ""check_date:collection_times"": ""2026-06-07"", ""collection_times"": ""Mo-Fr 15:00; Sa 12:00"", ""operator"": ""Deutsche Post"", ""operator:wikidata"": ""Q157645"", ""operator:wikipedia"": ""de:Deutsche Post AG"", ""post_box:type"": ""lamp"", ""ref"": ""Kadettenweg 54, 12205 Berlin"", ""support"": ""pole""}",227138015842960,images_filtered/postbox_node_812276330_img_227138015842960.jpg,52.435944582646,13.298391107602,216.70565795898,1500985406076,40.7
node/809651528,52.515545,13.3045016,"{""amenity"": ""post_box"", ""check_date:collection_times"": ""2026-05-15"", ""collection_times"": ""Mo-Fr 17:45; Sa 14:45"", ""operator"": ""Deutsche Post"", ""operator:wikidata"": ""Q157645"", ""operator:wikipedia"": ""de:Deutsche Post AG"", ""ref"": ""Haubachstr. 13, 10585 Berlin""}",1202246084525862,images_filtered/postbox_node_809651528_img_1202246084525862.jpg,52.5156294,13.3049226,273.097,1685363525000,21.3
node/809651528,52.515545,13.3045016,"{""amenity"": ""post_box"", ""check_date:collection_times"": ""2026-05-15"", ""collection_times"": ""Mo-Fr 17:45; Sa 14:45"", ""operator"": ""Deutsche Post"", ""operator:wikidata"": ""Q157645"", ""operator:wikipedia"": ""de:Deutsche Post AG"", ""ref"": ""Haubachstr. 13, 10585 Berlin""}",527313719919005,images_filtered/postbox_node_809651528_img_527313719919005.jpg,52.515464,13.3047612,351.657,1727521832000,54.5
node/846142253,52.4984213,13.5232651,"{""amenity"": ""post_box"", ""check_date:collection_times"": ""2024-08-15"", ""collection_times"": ""Mo-Fr 17:15; Sa 12:00"", ""operator"": ""Deutsche Post"", ""operator:wikidata"": ""Q157645"", ""operator:wikipedia"": ""de:Deutsche Post AG"", ""ref"": ""Am Tierpark 75-93, 10315 Berlin""}",892908368070636,images_filtered/postbox_node_846142253_img_892908368070636.jpg,52.4981729,13.5233433,0,1642767334000,10.8
node/846601796,52.4847258,13.333303,"{""amenity"": ""post_box"", ""check_date:collection_times"": ""2024-08-09"", ""collection_times"": ""Mo-Fr 17:15, Sa 16:15"", ""operator"": ""Deutsche Post"", ""operator:wikidata"": ""Q157645"", ""operator:wikipedia"": ""de:Deutsche Post AG"", ""ref"": ""Prinzregentenstr. 69a, 10715 Berlin""}",1129992890810821,images_filtered/postbox_node_846601796_img_1129992890810821.jpg,52.484807311606,13.333020452422,167.07139591381,1592737537058,51.7
node/850619777,52.4209182,13.3608118,"{""amenity"": ""post_box"", ""brand"": ""Deutsche Post"", ""check_date"": ""2024-12-15"", ""check_date:collection_times"": ""2024-12-15"", ""collection_times"": ""Mo-Fr 16:30; Sa 12:30"", ""colour"": ""yellow"", ""operator"": ""Deutsche Post"", ""operator:wikidata"": ""Q157645"", ""operator:wikipedia"": ""de:Deutsche Post AG"", ""post_box:apertures"": ""2"", ""post_box:type"": ""lamp"", ""ref"": ""Friedrichrodaer Str./Hanielweg, 12249 Berlin""}",1447336857059875,images_filtered/postbox_node_850619777_img_1447336857059875.jpg,52.420719,13.3607469,336.371,1781342942000,34.9
node/849518738,52.444534,13.599361,"{""amenity"": ""post_box"", ""collection_times"": ""Mo-Fr 14:00,16:15; Sa 13:00"", ""operator"": ""Deutsche Post"", ""operator:wikidata"": ""Q157645"", ""operator:wikipedia"": ""de:Deutsche Post AG"", ""ref"": ""Erlenstr./Anemonenstr., 12559 Berlin""}",213828397720741,images_filtered/postbox_node_849518738_img_213828397720741.jpg,52.4444157,13.5990327,0,1672565147000,59.4
node/849518738,52.444534,13.599361,"{""amenity"": ""post_box"", ""collection_times"": ""Mo-Fr 14:00,16:15; Sa 13:00"", ""operator"": ""Deutsche Post"", ""operator:wikidata"": ""Q157645"", ""operator:wikipedia"": ""de:Deutsche Post AG"", ""ref"": ""Erlenstr./Anemonenstr., 12559 Berlin""}",3651726054932453,images_filtered/postbox_node_849518738_img_3651726054932453.jpg,52.444759177866,13.599541758225,229.49270629883,1621849165517,23.4
node/851275955,52.4630242,13.394392,"{""amenity"": ""post_box"", ""collection_times"": ""Mo-Fr 17:15; Sa 14:30"", ""operator"": ""Deutsche Post"", ""operator:wikidata"": ""Q157645"", ""operator:wikipedia"": ""de:Deutsche Post AG"", ""ref"": ""Felixstr. 18, 12099 Berlin""}",4190525230999927,images_filtered/postbox_node_851275955_img_4190525230999927.jpg,52.46280006992,13.394456120978,6.1926927366852,1494304421000,16.1
node/851572805,52.4052728,13.5308127,"{""amenity"": ""post_box"", ""collection_times"": ""Mo-Fr 17:15; Sa 12:45"", ""operator"": ""Deutsche Post"", ""operator:wikidata"": ""Q157645"", ""ref"": ""Venusstr. 79, 12524 Berlin""}",115903277709320,images_filtered/postbox_node_851572805_img_115903277709320.jpg,52.40509413452,13.530902063523,26.921478271484,1647774509742,43.9
node/851572805,52.4052728,13.5308127,"{""amenity"": ""post_box"", ""collection_times"": ""Mo-Fr 17:15; Sa 12:45"", ""operator"": ""Deutsche Post"", ""operator:wikidata"": ""Q157645"", ""ref"": ""Venusstr. 79, 12524 Berlin""}",1113184210129936,images_filtered/postbox_node_851572805_img_1113184210129936.jpg,52.405267,13.530659,43,1736252163692,43.5
node/859557064,52.4411692,13.5432844,"{""amenity"": ""post_box"", ""brand"": ""Deutsche Post"", ""collection_times"": ""Mo-Fr 15:15; Sa 12:30"", ""operator"": ""Deutsche Post"", ""operator:wikidata"": ""Q157645"", ""operator:wikipedia"": ""de:Deutsche Post AG"", ""postal_code"": ""12489"", ""ref"": ""Genossenschaftsstraße 24, 12489 Berlin""}",455153912625194,images_filtered/postbox_node_859557064_img_455153912625194.jpg,52.4410546,13.543519999972,0,1639740649000,51.4
node/861837728,52.4574649,13.383895,"{""amenity"": ""post_box"", ""check_date:collection_times"": ""2021-07-21"", ""collection_times"": ""Mo-Fr 14:00,16:30, Sa 13:45"", ""colour"": ""yellow"", ""material"": ""metal"", ""operator"": ""Deutsche Post"", ""operator:wikidata"": ""Q157645"", ""operator:wikipedia"": ""de:Deutsche Post AG"", ""ref"": ""Tempelhofer Damm 210, 12099 Berlin"", ""support"": ""pole""}",1657759498073374,images_filtered/postbox_node_861837728_img_1657759498073374.jpg,52.4577174,13.3840766,188.501,1688903364000,15.2
node/866869414,52.4921745,13.3925474,"{""amenity"": ""post_box"", ""collection_times"": ""Mo-Fr 16:15; Sa 14:45"", ""operator"": ""Deutsche Post"", ""operator:wikidata"": ""Q157645"", ""operator:wikipedia"": ""de:Deutsche Post AG"", ""ref"": ""Gneisenaustr. 97, 10961 Berlin""}",1088506858960471,images_filtered/postbox_node_866869414_img_1088506858960471.jpg,52.492063812434,13.392913460917,296.29580573326,1707490815006,0.1
node/866869414,52.4921745,13.3925474,"{""amenity"": ""post_box"", ""collection_times"": ""Mo-Fr 16:15; Sa 14:45"", ""operator"": ""Deutsche Post"", ""operator:wikidata"": ""Q157645"", ""operator:wikipedia"": ""de:Deutsche Post AG"", ""ref"": ""Gneisenaustr. 97, 10961 Berlin""}",1095140777677839,images_filtered/postbox_node_866869414_img_1095140777677839.jpg,52.492169807714,13.392715696258,286.3290873055,1621322512210,13.7
node/866869418,52.4957701,13.423413,"{""amenity"": ""post_box"", ""check_date"": ""2025-05-20"", ""collection_times"": ""Mo-Fr 15:00,17:00; Sa 14:00"", ""operator"": ""Deutsche Post"", ""operator:wikidata"": ""Q157645"", ""operator:wikipedia"": ""de:Deutsche Post AG"", ""post_box:apertures"": ""2"", ""post_box:type"": ""lamp"", ""postal_code"": ""10999"", ""ref"": ""Manteuffelstr. 66, 10999 Berlin"", ""support"": ""pole""}",1129832147502228,images_filtered/postbox_node_866869418_img_1129832147502228.jpg,52.495720088531,13.423156924558,111.78315789816,1600069488798,39.6
node/866869416,52.4907338,13.400867,"{""amenity"": ""post_box"", ""check_date"": ""2024-11-19"", ""collection_times"": ""Mo-Fr 17:45; Sa 14:30"", ""operator"": ""Deutsche Post"", ""operator:wikidata"": ""Q157645"", ""operator:wikipedia"": ""de:Deutsche Post AG"", ""post_box:apertures"": ""2"", ""post_box:type"": ""lamp"", ""postal_code"": ""10961"", ""ref"": ""Baerwaldstr. 45, 10961 Berlin""}",1355730648135334,images_filtered/postbox_node_866869416_img_1355730648135334.jpg,52.4905192,13.4009365,0,1497380710000,11.2
node/884859226,52.4577158,13.5382139,"{""amenity"": ""post_box"", ""collection_times"": ""Mo-Fr 17:00; Sa 13:30"", ""operator"": ""Deutsche Post"", ""operator:wikidata"": ""Q157645"", ""ref"": ""Scharnweberstr. 2, 12459 Berlin""}",1160736727806650,images_filtered/postbox_node_884859226_img_1160736727806650.jpg,52.457599899972,13.538427799972,0,1661336557000,48.4
node/884859226,52.4577158,13.5382139,"{""amenity"": ""post_box"", ""collection_times"": ""Mo-Fr 17:00; Sa 13:30"", ""operator"": ""Deutsche Post"", ""operator:wikidata"": ""Q157645"", ""ref"": ""Scharnweberstr. 2, 12459 Berlin""}",1260494022747084,images_filtered/postbox_node_884859226_img_1260494022747084.jpg,52.457531,13.537994,52,1747724859294,16.1
node/890894503,52.5232256,13.2996589,"{""amenity"": ""post_box"", ""check_date:collection_times"": ""2026-05-09"", ""collection_times"": ""Mo-Fr 11:30, Mo-Fr 18:00, Sa 12:45"", ""operator"": ""Deutsche Post"", ""operator:wikidata"": ""Q157645"", ""operator:wikipedia"": ""de:Deutsche Post AG"", ""ref"": ""Tegeler Weg 3, 10589 Berlin""}",1017370549995919,images_filtered/postbox_node_890894503_img_1017370549995919.jpg,52.5233223,13.2992293,142.74,1722954380720,32.4
node/905936060,52.4306313,13.2065087,"{""amenity"": ""post_box"", ""check_date"": ""2021-05-09"", ""collection_times"": ""Mo-Fr 16:45, Sa 11:30"", ""operator"": ""Deutsche Post"", ""operator:wikidata"": ""Q157645"", ""ref"": ""Von-Luck-Str. 29, 14129 Berlin""}",1646507852925577,images_filtered/postbox_node_905936060_img_1646507852925577.jpg,52.4305462,13.2065049,345,1738749505662,16.6
node/902517064,52.5032154,13.3908358,"{""amenity"": ""post_box"", ""check_date"": ""2025-03-18"", ""check_date:collection_times"": ""2025-03-18"", ""collection_times"": ""Mo-Fr 17:00; Sa 14:00"", ""operator"": ""Deutsche Post"", ""operator:wikidata"": ""Q157645"", ""operator:wikipedia"": ""de:Deutsche Post AG"", ""post_box:type"": ""lamp"", ""ref"": ""Hedemannstr. 14, 10969 Berlin"", ""support"": ""pole""}",1088910571769982,images_filtered/postbox_node_902517064_img_1088910571769982.jpg,52.503006499972,13.391156099972,0,1661963529000,43.0
node/902517064,52.5032154,13.3908358,"{""amenity"": ""post_box"", ""check_date"": ""2025-03-18"", ""check_date:collection_times"": ""2025-03-18"", ""collection_times"": ""Mo-Fr 17:00; Sa 14:00"", ""operator"": ""Deutsche Post"", ""operator:wikidata"": ""Q157645"", ""operator:wikipedia"": ""de:Deutsche Post AG"", ""post_box:type"": ""lamp"", ""ref"": ""Hedemannstr. 14, 10969 Berlin"", ""support"": ""pole""}",1002316045203281,images_filtered/postbox_node_902517064_img_1002316045203281.jpg,52.5029737,13.3911049,352.025,1743757702000,26.2
node/913464624,52.5547994,13.5122211,"{""amenity"": ""post_box"", ""brand"": ""Deutsche Post"", ""collection_times"": ""Mo-Fr 17:00; Sa 12:00"", ""operator"": ""Deutsche Post"", ""operator:wikidata"": ""Q157645"", ""operator:wikipedia"": ""de:Deutsche Post AG"", ""ref"": ""Wartenberger Str. 44, 13053 Berlin""}",1235592950703169,images_filtered/postbox_node_913464624_img_1235592950703169.jpg,52.554547399972,13.512093399972,0,1673691279000,17.1
node/916562962,52.4940887,13.4356797,"{""access"": ""yes"", ""addr:floor"": ""0"", ""amenity"": ""post_box"", ""check_date"": ""2022-10-06"", ""collection_times"": ""Mo-Fr 14:45,17:15,21:30, Sa 14:15, Su 21:30"", ""colour"": ""yellow"", ""covered"": ""no"", ""indoor"": ""no"", ""material"": ""steel"", ""operator"": ""Deutsche Post"", ""operator:wikidata"": ""Q157645"", ""operator:wikipedia"": ""de:Deutsche Post AG"", ""post_box:apertures"": ""2"", ""post_box:type"": ""lamp"", ""postal_code"": ""10999"", ""ref"": ""Reichenberger Str. 109, 10999 Berlin"", ""source"": ""survey"", ""support"": ""pole""}",293620459090140,images_filtered/postbox_node_916562962_img_293620459090140.jpg,52.493996475872,13.436058852834,309.2831067238,1617111460633,17.5
node/913582616,52.5719605,13.4133188,"{""amenity"": ""post_box"", ""collection_times"": ""Mo-Fr 16:00; Sa 12:00"", ""drive_through"": ""no"", ""operator"": ""Deutsche Post"", ""operator:wikidata"": ""Q157645"", ""operator:wikipedia"": ""de:Deutsche Post AG"", ""ref"": ""Breite Str. 3, 13187 Berlin""}",109189764578146,images_filtered/postbox_node_913582616_img_109189764578146.jpg,52.572011163097,13.413456212089,233.00939941406,1555235244993,5.7
node/913582636,52.5785873,13.4260125,"{""amenity"": ""post_box"", ""collection_times"": ""Mo-Fr 15:30; Sa 12:00"", ""operator"": ""Deutsche Post"", ""operator:wikidata"": ""Q157645"", ""operator:wikipedia"": ""de:Deutsche Post AG"", ""ref"": ""Achtermannstr. 35, 13187 Berlin""}",1073533183180750,images_filtered/postbox_node_913582636_img_1073533183180750.jpg,52.578459399972,13.4257728,0,1603962023500,48.7
node/917143341,52.4186971,13.2586188,"{""amenity"": ""post_box"", ""check_date"": ""2022-05-15"", ""check_date:collection_times"": ""2024-05-16"", ""collection_times"": ""Mo-Fr 16:00; Sa 12:15"", ""operator"": ""Deutsche Post"", ""operator:wikidata"": ""Q157645"", ""operator:wikipedia"": ""de:Deutsche Post AG"", ""ref"": ""Adolfstr. 13, 14165 Berlin""}",2023976734432037,images_filtered/postbox_node_917143341_img_2023976734432037.jpg,52.4187825155,13.258459903312,73.477230398613,1632657759624,57.9
node/918357969,52.519106,13.2930263,"{""amenity"": ""post_box"", ""collection_times"": ""Mo-Fr 15:30; Sa 12:45"", ""operator"": ""Deutsche Post"", ""operator:wikidata"": ""Q157645"", ""operator:wikipedia"": ""de:Deutsche Post AG"", ""ref"": ""Spandauer Damm 27, 14059 Berlin""}",1038228752464310,images_filtered/postbox_node_918357969_img_1038228752464310.jpg,52.5192797,13.2929964,231,1784618388040,57.0
node/919876219,52.4898308,13.299979,"{""amenity"": ""post_box"", ""collection_times"": ""Mo-Fr 17:30; Sa 16:30"", ""operator"": ""Deutsche Post"", ""operator:wikidata"": ""Q157645"", ""operator:wikipedia"": ""de:Deutsche Post AG"", ""ref"": ""Seesener Str. 67, 10709 Berlin""}",2078538102740101,images_filtered/postbox_node_919876219_img_2078538102740101.jpg,52.4900134,13.299996,227,1784615084051,43.8
node/922407526,52.4191463,13.1571633,"{""amenity"": ""post_box"", ""check_date"": ""2022-09-09"", ""collection_times"": ""Mo-Fr 13:00,18:00,21:00; Sa 13:00; Su 09:15,21:00"", ""operator"": ""Deutsche Post"", ""operator:wikidata"": ""Q157645"", ""operator:wikipedia"": ""de:Deutsche Post AG"", ""ref"": ""Königstraße 56-57, 14109 Berlin""}",992345647966885,images_filtered/postbox_node_922407526_img_992345647966885.jpg,52.4193433,13.1574356,257.80785447567,1471771886953,37.7
node/937965488,52.4276841,13.4904299,"{""amenity"": ""post_box"", ""check_date"": ""2021-06-15"", ""collection_times"": ""Mo-Fr 15:00,16:15; Sa 13:30"", ""operator"": ""Deutsche Post"", ""operator:wikidata"": ""Q157645"", ""post_box:apertures"": ""2"", ""post_box:type"": ""lamp"", ""postal_code"": ""12357"", ""ref"": ""Ehrenpreisweg/Stubenrauchstr., 12357 Berlin"", ""support"": ""pole""}",826966358178626,images_filtered/postbox_node_937965488_img_826966358178626.jpg,52.427638416382,13.490168068737,38.354547650922,1449316339292,35.7
node/937965203,52.4097784,13.4775414,"{""amenity"": ""post_box"", ""brand"": ""Deutsche Post"", ""collection_times"": ""Mo-Fr 15:45; Sa 13:00"", ""operator"": ""Deutsche Post"", ""operator:wikidata"": ""Q157645"", ""operator:wikipedia"": ""de:Deutsche Post AG"", ""postal_code"": ""12355"", ""ref"": ""Groß-Ziethener Chaussee 135, 12355 Berlin""}",216760546500824,images_filtered/postbox_node_937965203_img_216760546500824.jpg,52.409744027109,13.477481738684,63.124118639128,1454759314419,16.5
node/937153132,52.4317547,13.4949119,"{""amenity"": ""post_box"", ""check_date"": ""2018-04-09"", ""collection_times"": ""Mo-Fr 17:45, Sa 14:00"", ""operator"": ""Deutsche Post"", ""operator:wikidata"": ""Q157645"", ""operator:wikipedia"": ""de:Deutsche Post AG"", ""ref"": ""Seidelbastweg/Stubenrauchstr., 12357 Berlin""}",1022058044993507,images_filtered/postbox_node_937153132_img_1022058044993507.jpg,52.43197,13.495171666667,216.1102227191,1434818362234,0.2
node/937153132,52.4317547,13.4949119,"{""amenity"": ""post_box"", ""check_date"": ""2018-04-09"", ""collection_times"": ""Mo-Fr 17:45, Sa 14:00"", ""operator"": ""Deutsche Post"", ""operator:wikidata"": ""Q157645"", ""operator:wikipedia"": ""de:Deutsche Post AG"", ""ref"": ""Seidelbastweg/Stubenrauchstr., 12357 Berlin""}",1123405403244936,images_filtered/postbox_node_937153132_img_1123405403244936.jpg,52.431968,13.4945924,142.688,1744557324000,5.1
node/948654987,52.4266374,13.5060443,"{""amenity"": ""post_box"", ""brand"": ""Deutsche Post"", ""collection_times"": ""Mo-Fr 15:30,17:45; Sa 14:00"", ""operator"": ""Deutsche Post"", ""operator:wikidata"": ""Q157645"", ""operator:wikipedia"": ""de:Deutsche Post AG"", ""postal_code"": ""12357"", ""ref"": ""Kanalstr./Mimosenweg, 12357 Berlin""}",660382363225160,images_filtered/postbox_node_948654987_img_660382363225160.jpg,52.4267632,13.5059572,126.527,1739884511000,30.6
node/948655621,52.4070116,13.4848701,"{""amenity"": ""post_box"", ""collection_times"": ""Mo-Fr 18:00; Sa 14:15"", ""operator"": ""Deutsche Post"", ""operator:wikidata"": ""Q157645"", ""operator:wikipedia"": ""de:Deutsche Post AG"", ""ref"": ""Geflügelsteig/Rhodeländer Weg , 12355 Berlin""}",492762415372683,images_filtered/postbox_node_948655621_img_492762415372683.jpg,52.407125383664,13.484690822673,120.02287757991,1602932151546,16.1
node/948655954,52.4229411,13.5089246,"{""amenity"": ""post_box"", ""check_date"": ""2021-08-11"", ""collection_times"": ""Mo-Fr 17:00; Sa 14:00"", ""operator"": ""Deutsche Post"", ""operator:wikidata"": ""Q157645"", ""operator:wikipedia"": ""de:Deutsche Post AG"", ""post_box:apertures"": ""1"", ""post_box:type"": ""pillar"", ""postal_code"": ""12355"", ""ref"": ""Köpenicker Str./Mimosenweg, 12355 Berlin"", ""support"": ""ground""}",1261766792413728,images_filtered/postbox_node_948655954_img_1261766792413728.jpg,52.4227399,13.5086217,67.122,1757496663000,24.6
node/956276773,52.403437,13.4988795,"{""amenity"": ""post_box"", ""check_date"": ""2020-09-12"", ""collection_times"": ""Mo-Fr 16:00; Sa 13:15"", ""operator"": ""Deutsche Post"", ""operator:wikidata"": ""Q157645"", ""operator:wikipedia"": ""de:Deutsche Post AG"", ""post_box:apertures"": ""2"", ""post_box:type"": ""lamp"", ""postal_code"": ""12355"", ""ref"": ""Straße 182/Straße 183, 12355 Berlin"", ""support"": ""pole""}",268582395016938,images_filtered/postbox_node_956276773_img_268582395016938.jpg,52.403496522505,13.498493721721,89.187604108512,1602932349533,15.0
node/962080051,52.4850236,13.6160359,"{""amenity"": ""post_box"", ""check_date:collection_times"": ""2023-11-22"", ""collection_times"": ""Mo-Fr 16:15; Sa 14:15"", ""operator"": ""Deutsche Post"", ""operator:wikidata"": ""Q157645"", ""ref"": ""Paul-Wegener-Str. / Lehnitzstr., 12623 Berlin""}",1370930293290718,images_filtered/postbox_node_962080051_img_1370930293290718.jpg,52.484943,13.616019899972,0,1560080993000,6.9
node/962080051,52.4850236,13.6160359,"{""amenity"": ""post_box"", ""check_date:collection_times"": ""2023-11-22"", ""collection_times"": ""Mo-Fr 16:15; Sa 14:15"", ""operator"": ""Deutsche Post"", ""operator:wikidata"": ""Q157645"", ""ref"": ""Paul-Wegener-Str. / Lehnitzstr., 12623 Berlin""}",118996826899753,images_filtered/postbox_node_962080051_img_118996826899753.jpg,52.4847918,13.615837499972,0,1560080997000,27.5
node/1005923708,52.5704683,13.5609233,"{""amenity"": ""post_box"", ""check_date:collection_times"": ""2025-09-27"", ""collection_times"": ""Mo-Fr 15:30; Sa 13:30"", ""drive_through"": ""no"", ""operator"": ""Deutsche Post"", ""operator:wikidata"": ""Q157645"", ""operator:wikipedia"": ""de:Deutsche Post AG"", ""ref"": ""Spinatweg/Schwarzwurzelstr., 12689 Berlin""}",112121098101034,images_filtered/postbox_node_1005923708_img_112121098101034.jpg,52.5703788,13.560793,0,1647774112000,41.5
node/1005923708,52.5704683,13.5609233,"{""amenity"": ""post_box"", ""check_date:collection_times"": ""2025-09-27"", ""collection_times"": ""Mo-Fr 15:30; Sa 13:30"", ""drive_through"": ""no"", ""operator"": ""Deutsche Post"", ""operator:wikidata"": ""Q157645"", ""operator:wikipedia"": ""de:Deutsche Post AG"", ""ref"": ""Spinatweg/Schwarzwurzelstr., 12689 Berlin""}",1071638919994651,images_filtered/postbox_node_1005923708_img_1071638919994651.jpg,52.570256299972,13.5607789,0,1569674927000,22.5
node/1005979664,52.5695359,13.5782933,"{""amenity"": ""post_box"", ""check_date:collection_times"": ""2023-11-21"", ""collection_times"": ""Mo-Fr 15:30, Sa 13:30"", ""operator"": ""Deutsche Post"", ""operator:wikidata"": ""Q157645"", ""operator:wikipedia"": ""de:Deutsche Post AG"", ""ref"": ""Golliner Str./Hohenwalder Str., 12689 Berlin""}",636695954439751,images_filtered/postbox_node_1005979664_img_636695954439751.jpg,52.5694644,13.578305699972,0,1640167933000,6.0
node/1024127216,52.4268234,13.3014251,"{""amenity"": ""post_box"", ""check_date:collection_times"": ""2026-07-21"", ""collection_times"": ""Mo-Fr 15:30; Sa 12:45"", ""operator"": ""Deutsche Post"", ""operator:wikidata"": ""Q157645"", ""operator:wikipedia"": ""de:Deutsche Post AG"", ""ref"": ""Lausanner Str./Anna-Mackenroth-Weg, 12207 Berlin""}",211332740465618,images_filtered/postbox_node_1024127216_img_211332740465618.jpg,52.426798049126,13.301061658536,91.935241565484,1498746051484,8.5
node/1026138841,52.6138012,13.3443004,"{""amenity"": ""post_box"", ""collection_times"": ""Mo-Fr 17:00; Sa 13:30"", ""note"": ""Tippfehler Straßenname auf Briefkastenschild"", ""operator"": ""Deutsche Post"", ""operator:wikidata"": ""Q157645"", ""ref"": ""Zabel-Krüger-Damm 129, 13469 Berlin""}",1473394003052917,images_filtered/postbox_node_1026138841_img_1473394003052917.jpg,52.6136756,13.344358099972,0,1593164221000,15.6
node/1008936729,52.4554721,13.6188552,"{""amenity"": ""post_box"", ""collection_times"": ""Mo-Fr 16:15; Sa 13:00"", ""operator"": ""Deutsche Post"", ""operator:wikidata"": ""Q157645"", ""operator:wikipedia"": ""de:Deutsche Post AG"", ""ref"": ""Fürstenwalder Damm 430, 12587 Berlin""}",1080177425805171,images_filtered/postbox_node_1008936729_img_1080177425805171.jpg,52.455511370303,13.618541817677,67.202453613281,1620466775162,34.4
node/1030843740,52.4407078,13.4193959,"{""amenity"": ""post_box"", ""check_date"": ""2026-02-28"", ""check_date:collection_times"": ""2026-02-28"", ""collection_times"": ""Mo-Fr 17:00; Sa 14:30"", ""colour"": ""yellow"", ""operator"": ""Deutsche Post"", ""operator:wikidata"": ""Q157645"", ""operator:wikipedia"": ""de:Deutsche Post AG"", ""post_box:apertures"": ""2"", ""post_box:type"": ""lamp"", ""ref"": ""Mohriner Allee/Haselsteig, 12347 Berlin"", ""support"": ""pole""}",137472615235656,images_filtered/postbox_node_1030843740_img_137472615235656.jpg,52.440581199972,13.4194799,0,1633528167000,22.0
node/1051173646,52.4094452,13.251851,"{""amenity"": ""post_box"", ""collection_times"": ""Mo-Fr 16:00; Sa 12:30"", ""last_checked"": ""2016-06-26"", ""operator"": ""Deutsche Post"", ""operator:wikidata"": ""Q157645"", ""operator:wikipedia"": ""de:Deutsche Post AG"", ""ref"": ""Lupsteiner Weg 2, 14165 Berlin""}",260225345849224,images_filtered/postbox_node_1051173646_img_260225345849224.jpg,52.409542975313,13.251910972793,252.6456038496,1502980414833,52.1
node/1054886554,52.4161864,13.2602226,"{""amenity"": ""post_box"", ""check_date"": ""2025-08-31"", ""check_date:collection_times"": ""2024-05-16"", ""collection_times"": ""Mo-Fr 16:00; Sa 12:15"", ""operator"": ""Deutsche Post"", ""operator:wikidata"": ""Q157645"", ""operator:wikipedia"": ""de:Deutsche Post AG"", ""ref"": ""Nieritzweg/Pfarrlandstraße, 14165 Berlin"", ""toilets:wheelchair"": ""no"", ""wheelchair"": ""yes""}",454642989990805,images_filtered/postbox_node_1054886554_img_454642989990805.jpg,52.416257299972,13.2598988,84.747550015205,1666615956000,25.0
node/1046245836,52.5829309,13.2893565,"{""amenity"": ""post_box"", ""collection_times"": ""Mo-Fr 13:45,16:00; Sa 12:30"", ""operator"": ""Deutsche Post"", ""operator:wikidata"": ""Q157645"", ""operator:wikipedia"": ""de:Deutsche Post AG"", ""ref"": ""Berliner Str. 27, 13507 Berlin""}",1063863577474804,images_filtered/postbox_node_1046245836_img_1063863577474804.jpg,52.582815,13.289441666667,-1,1039348800000,23.1
node/1070670197,52.5352628,13.4806719,"{""amenity"": ""post_box"", ""collection_times"": ""Mo-Fr 15:30; Sa 12:00"", ""operator"": ""Deutsche Post"", ""operator:wikidata"": ""Q157645"", ""operator:wikipedia"": ""de:Deutsche Post AG"", ""ref"": ""Altenhofer Str. 21, 13055 Berlin""}",1070224743501110,images_filtered/postbox_node_1070670197_img_1070224743501110.jpg,52.53520916221,13.48053432071,34.292109333594,1614778363550,23.1
node/1070670197,52.5352628,13.4806719,"{""amenity"": ""post_box"", ""collection_times"": ""Mo-Fr 15:30; Sa 12:00"", ""operator"": ""Deutsche Post"", ""operator:wikidata"": ""Q157645"", ""operator:wikipedia"": ""de:Deutsche Post AG"", ""ref"": ""Altenhofer Str. 21, 13055 Berlin""}",525412651828883,images_filtered/postbox_node_1070670197_img_525412651828883.jpg,52.5350715,13.4803093,0,1614782631500,49.1
node/1083509497,52.5254767,13.1612778,"{""amenity"": ""post_box"", ""collection_times"": ""Mo-Sa 11:30"", ""operator"": ""Deutsche Post"", ""operator:wikidata"": ""Q157645"", ""operator:wikipedia"": ""de:Deutsche Post AG"", ""ref"": ""Cosmarweg 28, 13591 Berlin""}",744352986243860,images_filtered/postbox_node_1083509497_img_744352986243860.jpg,52.525276,13.161096,353.0107,1494486067873,35.8
node/1092006199,52.4135793,13.2536498,"{""amenity"": ""post_box"", ""check_date"": ""2024-08-29"", ""check_date:collection_times"": ""2024-08-29"", ""collection_times"": ""Mo-Fr 16:00; Sa 12:30"", ""operator"": ""Deutsche Post"", ""operator:wikidata"": ""Q157645"", ""operator:wikipedia"": ""de:Deutsche Post AG"", ""ref"": ""Lupsteiner Weg 53, 14165 Berlin""}",472687023818953,images_filtered/postbox_node_1092006199_img_472687023818953.jpg,52.41355494547,13.253823420731,337.61901861592,1506257048264,54.7
node/1086404584,52.4677851,13.3477779,"{""amenity"": ""post_box"", ""check_date"": ""2025-09-20"", ""collection_times"": ""Mo-Fr 15:45; Sa 12:30"", ""operator"": ""Deutsche Post"", ""operator:wikidata"": ""Q157645"", ""operator:wikipedia"": ""de:Deutsche Post AG"", ""post_box:apertures"": ""2"", ""post_box:type"": ""lamp"", ""postal_code"": ""12157"", ""ref"": ""Grazer Damm/Grazer Platz, 12157 Berlin"", ""support"": ""pole""}",2791113714485209,images_filtered/postbox_node_1086404584_img_2791113714485209.jpg,52.467716899972,13.347941699972,0,1558713356000,55.6
node/1088158156,52.4242568,13.2394026,"{""amenity"": ""post_box"", ""check_date"": ""2025-04-18"", ""check_date:collection_times"": ""2025-04-18"", ""collection_times"": ""Mo-Fr 16:00; Sa 14:00"", ""operator"": ""Deutsche Post"", ""operator:wikidata"": ""Q157645"", ""operator:wikipedia"": ""de:Deutsche Post AG"", ""ref"": ""Berlepschstr. 111-113, 14165 Berlin""}",1507834540340190,images_filtered/postbox_node_1088158156_img_1507834540340190.jpg,52.4244037,13.2395743,246.325,1760522388000,30.8
node/1092093073,52.459209,13.3879427,"{""amenity"": ""post_box"", ""collection_times"": ""Mo-Fr 14:00,17:15; Sa 14:15"", ""operator"": ""Deutsche Post"", ""operator:wikidata"": ""Q157645"", ""operator:wikipedia"": ""de:Deutsche Post AG"", ""ref"": ""Wenckebachstr. 23, 12099 Berlin""}",1430334394007878,images_filtered/postbox_node_1092093073_img_1430334394007878.jpg,52.4591299,13.3878295,0,1557845069000,41.1
node/1095058465,52.4973453,13.4105873,"{""amenity"": ""post_box"", ""check_date"": ""2025-11-22"", ""check_date:collection_times"": ""2025-11-22"", ""collection_times"": ""Mo-Fr 17:00; Sa 14:00"", ""colour"": ""yellow"", ""operator"": ""Deutsche Post"", ""operator:wikidata"": ""Q157645"", ""operator:wikipedia"": ""de:Deutsche Post AG"", ""post_box:apertures"": ""2"", ""post_box:type"": ""lamp"", ""ref"": ""Böcklerstr. 2, 10969 Berlin"", ""support"": ""pole""}",1096724517530847,images_filtered/postbox_node_1095058465_img_1096724517530847.jpg,52.4973004,13.410641999972,0,1633692061000,36.6
node/1111382740,52.5264662,13.4512015,"{""amenity"": ""post_box"", ""check_date:collection_times"": ""2026-09-05"", ""collection_times"": ""Mo-Fr 17:15; Sa 14:15"", ""operator"": ""Deutsche Post"", ""operator:wikidata"": ""Q157645"", ""operator:wikipedia"": ""de:Deutsche Post AG"", ""ref"": ""Ebertystr. 5, 10249 Berlin""}",1078798080987350,images_filtered/postbox_node_1111382740_img_1078798080987350.jpg,52.526202599972,13.451480399972,0,1754461434000,32.8
node/1111382740,52.5264662,13.4512015,"{""amenity"": ""post_box"", ""check_date:collection_times"": ""2026-09-05"", ""collection_times"": ""Mo-Fr 17:15; Sa 14:15"", ""operator"": ""Deutsche Post"", ""operator:wikidata"": ""Q157645"", ""operator:wikipedia"": ""de:Deutsche Post AG"", ""ref"": ""Ebertystr. 5, 10249 Berlin""}",1177636563170341,images_filtered/postbox_node_1111382740_img_1177636563170341.jpg,52.526671565187,13.451246777562,146.93492603212,1688456933934,40.7
node/1111917095,52.5156294,13.4320117,"{""amenity"": ""post_box"", ""collection_times"": ""Mo-Fr 16:15, 17:30; Sa 14:30"", ""operator"": ""Deutsche Post"", ""operator:wikidata"": ""Q157645"", ""operator:wikipedia"": ""de:Deutsche Post AG"", ""ref"": ""Andreasstr. 52, 10243 Berlin""}",1292264844512981,images_filtered/postbox_node_1111917095_img_1292264844512981.jpg,52.515502260115,13.432225054142,10.23293633278,1660657674246,55.8
node/1111917095,52.5156294,13.4320117,"{""amenity"": ""post_box"", ""collection_times"": ""Mo-Fr 16:15, 17:30; Sa 14:30"", ""operator"": ""Deutsche Post"", ""operator:wikidata"": ""Q157645"", ""operator:wikipedia"": ""de:Deutsche Post AG"", ""ref"": ""Andreasstr. 52, 10243 Berlin""}",457628493843879,images_filtered/postbox_node_1111917095_img_457628493843879.jpg,52.515484299972,13.4321642,0,1722003723000,32.6
node/1142409185,52.4383673,13.2621465,"{""amenity"": ""post_box"", ""check_date:collection_times"": ""2023-10-26"", ""collection_times"": ""Mo-Fr 16:00; Sa 13:45"", ""operator"": ""Deutsche Post"", ""operator:wikidata"": ""Q157645"", ""operator:wikipedia"": ""de:Deutsche Post AG"", ""ref"": ""Clayallee 323, 14169 Berlin""}",1037078714892352,images_filtered/postbox_node_1142409185_img_1037078714892352.jpg,52.4381452,13.2624117,19.692,1753717706000,55.7
node/1163258633,52.5139165,13.2965274,"{""amenity"": ""post_box"", ""check_date:collection_times"": ""2026-04-03"", ""collection_times"": ""Mo-Fr 16:00; Sa 12:45"", ""operator"": ""Deutsche Post"", ""operator:wikidata"": ""Q157645"", ""operator:wikipedia"": ""de:Deutsche Post AG"", ""ref"": ""Schloßstr. 23/Knobelsdorffstr., 14059 Berlin""}",1062671737474478,images_filtered/postbox_node_1163258633_img_1062671737474478.jpg,52.5140815,13.2967372,173.16470223268,1600951023007,44.6
node/1198000131,52.4260741,13.3476589,"{""amenity"": ""post_box"", ""collection_times"": ""Mo-Fr 15:45; Sa 13:30"", ""operator"": ""Deutsche Post"", ""operator:wikidata"": ""Q157645"", ""operator:wikipedia"": ""de:Deutsche Post AG"", ""ref"": ""Gallwitzallee 111, 12249 Berlin""}",474803307105905,images_filtered/postbox_node_1198000131_img_474803307105905.jpg,52.42603096,13.34744165,34.551856994629,1405512134000,37.4
node/1201292797,52.5089106,13.6106629,"{""amenity"": ""post_box"", ""collection_times"": ""Mo-Fr 15:15; Sa 13:30"", ""operator"": ""Deutsche Post"", ""operator:wikidata"": ""Q157645"", ""operator:wikipedia"": ""de:Deutsche Post AG"", ""ref"": ""Wilhelmsmühlenweg/Waldowstr. 39, 12623 Berlin""}",1389918646060934,images_filtered/postbox_node_1201292797_img_1389918646060934.jpg,52.5089752,13.6109802,294,1788858028052,42.5
node/1200964418,52.506887,13.3011631,"{""amenity"": ""post_box"", ""check_date"": ""2024-12-13"", ""collection_times"": ""Mo-Fr 12:15, 15:00, 17:15, 18:30, 21:45; Sa 16:30; Su 21:45"", ""drive_through"": ""no"", ""operator"": ""Deutsche Post"", ""operator:wikidata"": ""Q157645"", ""operator:wikipedia"": ""de:Deutsche Post AG"", ""ref"": ""Kantstr. 69, 10627 Berlin""}",496929931455004,images_filtered/postbox_node_1200964418_img_496929931455004.jpg,52.506651599972,13.3012124,0,1592497263000,7.3
node/1203108233,52.4265764,13.1853996,"{""amenity"": ""post_box"", ""check_date"": ""2026-01-04"", ""check_date:collection_times"": ""2026-01-04"", ""collection_times"": ""Mo-Fr 16:00; Sa 12:30"", ""operator"": ""Deutsche Post"", ""operator:wikidata"": ""Q157645"", ""ref"": ""Tillmannsweg 22-22a, 14129 Berlin""}",1253425016669300,images_filtered/postbox_node_1203108233_img_1253425016669300.jpg,52.426404599972,13.1850014,0,1780930144000,54.7
node/1204541852,52.5416931,13.1831381,"{""amenity"": ""post_box"", ""check_date:collection_times"": ""2026-06-16"", ""collection_times"": ""Mo-Fr 16:00; Sa 12:30"", ""operator"": ""Deutsche Post"", ""operator:wikidata"": ""Q157645"", ""ref"": ""Spekteweg 30, 13583 Berlin"", ""wheelchair"": ""yes""}",1828075367379929,images_filtered/postbox_node_1204541852_img_1828075367379929.jpg,52.541559753057,13.182913055656,102.19367368786,1634726967687,56.4
node/1204541852,52.5416931,13.1831381,"{""amenity"": ""post_box"", ""check_date:collection_times"": ""2026-06-16"", ""collection_times"": ""Mo-Fr 16:00; Sa 12:30"", ""operator"": ""Deutsche Post"", ""operator:wikidata"": ""Q157645"", ""ref"": ""Spekteweg 30, 13583 Berlin"", ""wheelchair"": ""yes""}",204156508445664,images_filtered/postbox_node_1204541852_img_204156508445664.jpg,52.54152484243,13.182737454784,52.741559961319,1634726964679,2.6
node/1212618118,52.479763,13.521785,"{""amenity"": ""post_box"", ""collection_times"": ""Mo-Fr 16:45; Sa 11:30"", ""operator"": ""Deutsche Post"", ""operator:wikidata"": ""Q157645"", ""operator:wikipedia"": ""de:Deutsche Post AG"", ""ref"": ""Ehrlichstr. 18, 10318 Berlin""}",1227204038785743,images_filtered/postbox_node_1212618118_img_1227204038785743.jpg,52.479916,13.521346,62,1747737108431,57.8
node/1208142485,52.5224807,13.4287309,"{""amenity"": ""post_box"", ""collection_times"": ""Mo-Fr 17:15; Sa 12:00"", ""note"": ""2 Briefkästen"", ""operator"": ""Deutsche Post"", ""operator:wikidata"": ""Q157645"", ""operator:wikipedia"": ""de:Deutsche Post AG"", ""ref"": ""Platz der Vereinten Nationen 14, 10249 Berlin""}",1012869582580414,images_filtered/postbox_node_1208142485_img_1012869582580414.jpg,52.522458066281,13.428367283208,102.22700084707,1583736825383,18.1
node/1231654284,52.3994456,13.1415802,"{""amenity"": ""post_box"", ""check_date"": ""2025-05-31"", ""collection_times"": ""Mo-Fr 16:00, Sa 12:00"", ""operator"": ""Deutsche Post"", ""operator:wikidata"": ""Q157645"", ""ref"": ""Neue Kreisstr., 14109 Berlin""}",108006208207053,images_filtered/postbox_node_1231654284_img_108006208207053.jpg,52.3993176,13.141265199972,0,1624786022000,56.3
node/1237776889,52.497253,13.4249344,"{""access"": ""yes"", ""addr:floor"": ""0"", ""amenity"": ""post_box"", ""check_date"": ""2022-08-29"", ""collection_times"": ""Mo-Fr 14:45,17:15; Sa 14:15"", ""colour"": ""yellow"", ""covered"": ""no"", ""drive_through"": ""no"", ""indoor"": ""no"", ""level"": ""0"", ""material"": ""steel"", ""operator"": ""Deutsche Post"", ""operator:wikidata"": ""Q157645"", ""operator:wikipedia"": ""de:Deutsche Post AG"", ""post_box:apertures"": ""2"", ""post_box:type"": ""lamp"", ""ref"": ""Reichenberger Str. 151, 10999 Berlin"", ""source"": ""survey"", ""support"": ""pole""}",1034887430589914,images_filtered/postbox_node_1237776889_img_1034887430589914.jpg,52.4971259,13.4249731,0,1631778865000,10.5
node/1237776889,52.497253,13.4249344,"{""access"": ""yes"", ""addr:floor"": ""0"", ""amenity"": ""post_box"", ""check_date"": ""2022-08-29"", ""collection_times"": ""Mo-Fr 14:45,17:15; Sa 14:15"", ""colour"": ""yellow"", ""covered"": ""no"", ""drive_through"": ""no"", ""indoor"": ""no"", ""level"": ""0"", ""material"": ""steel"", ""operator"": ""Deutsche Post"", ""operator:wikidata"": ""Q157645"", ""operator:wikipedia"": ""de:Deutsche Post AG"", ""post_box:apertures"": ""2"", ""post_box:type"": ""lamp"", ""ref"": ""Reichenberger Str. 151, 10999 Berlin"", ""source"": ""survey"", ""support"": ""pole""}",1006664900254431,images_filtered/postbox_node_1237776889_img_1006664900254431.jpg,52.497187799972,13.424974499972,0,1646328449500,20.5
node/1242394002,52.3757616,13.6510477,"{""amenity"": ""post_box"", ""brand"": ""Deutsche Post"", ""collection_times"": ""Mo-Fr 17:30, Sa 13:30"", ""operator"": ""Deutsche Post"", ""operator:wikidata"": ""Q157645"", ""operator:wikipedia"": ""de:Deutsche Post AG"", ""postal_code"": ""12527"", ""ref"": ""Wernsdorfer Str. 13, 12527 Berlin""}",1087182486318310,images_filtered/postbox_node_1242394002_img_1087182486318310.jpg,52.3756862,13.651275,303.546,1729072093000,5.0
node/1255823227,52.3893018,13.1300034,"{""amenity"": ""post_box"", ""check_date"": ""2025-07-24"", ""collection_times"": ""Mo-Sa 09:00"", ""drive_through"": ""no"", ""operator"": ""Deutsche Post"", ""operator:wikidata"": ""Q157645"", ""ref"": ""Bernhard-Beyer-Str. 12, 14109 Berlin""}",900117778799039,images_filtered/postbox_node_1255823227_img_900117778799039.jpg,52.3891808,13.130037,26.187,1721137859000,35.8
node/1250478492,52.5200451,13.3472617,"{""access"": ""yes"", ""addr:floor"": ""0"", ""amenity"": ""post_box"", ""collection_times"": ""Mo-Fr 15:00,17:00,21:00, Sa 12:00, Su 21:00"", ""covered"": ""yes"", ""drive_through"": ""no"", ""indoor"": ""no"", ""level"": ""0"", ""material"": ""steel"", ""operator"": ""Deutsche Post"", ""operator:wikidata"": ""Q157645"", ""operator:wikipedia"": ""de:Deutsche Post AG"", ""post_box:type"": ""pillar"", ""ref"": ""Bartningallee 18, 10557 Berlin"", ""support"": ""ground"", ""wheelchair"": ""yes""}",1025575611580669,images_filtered/postbox_node_1250478492_img_1025575611580669.jpg,52.520210992348,13.346929954086,74.682037353516,1578837799062,54.7
node/1250478492,52.5200451,13.3472617,"{""access"": ""yes"", ""addr:floor"": ""0"", ""amenity"": ""post_box"", ""collection_times"": ""Mo-Fr 15:00,17:00,21:00, Sa 12:00, Su 21:00"", ""covered"": ""yes"", ""drive_through"": ""no"", ""indoor"": ""no"", ""level"": ""0"", ""material"": ""steel"", ""operator"": ""Deutsche Post"", ""operator:wikidata"": ""Q157645"", ""operator:wikipedia"": ""de:Deutsche Post AG"", ""post_box:type"": ""pillar"", ""ref"": ""Bartningallee 18, 10557 Berlin"", ""support"": ""ground"", ""wheelchair"": ""yes""}",1088157309197715,images_filtered/postbox_node_1250478492_img_1088157309197715.jpg,52.520137665744,13.347321330843,238.32208815779,1707833966115,36.9
node/1285053854,52.4965994,13.3859739,"{""amenity"": ""post_box"", ""check_date"": ""2021-04-07"", ""check_date:collection_times"": ""2024-04-06"", ""collection_times"": ""Mo-Fr 15:15,17:30, Sa 14:30"", ""operator"": ""Deutsche Post"", ""operator:wikidata"": ""Q157645"", ""operator:wikipedia"": ""de:Deutsche Post AG"", ""ref"": ""Obentrautstr. 30, 10963 Berlin""}",1102151997948532,images_filtered/postbox_node_1285053854_img_1102151997948532.jpg,52.4965777,13.3862608,279.813,1730537985000,2.7
node/1301687466,52.4614262,13.5935382,"{""amenity"": ""post_box"", ""check_date"": ""2020-08-10"", ""collection_times"": ""Mo-Fr 17:30; Sa 13:15"", ""operator"": ""Deutsche Post"", ""operator:wikidata"": ""Q157645"", ""ref"": ""Schmausstr. 23, 12555 Berlin""}",284904889963555,images_filtered/postbox_node_1301687466_img_284904889963555.jpg,52.461549362524,13.593970971478,243.6708823419,1455275849468,1.3
node/1286937969,52.5054084,13.3390799,"{""amenity"": ""post_box"", ""check_date"": ""2026-08-12"", ""check_date:collection_times"": ""2026-08-12"", ""collection_times"": ""Mo-Fr 17:00; Sa 16:15"", ""operator"": ""Deutsche Post"", ""operator:wikidata"": ""Q157645"", ""operator:wikipedia"": ""de:Deutsche Post AG"", ""ref"": ""Budapester Str. 36, 10787 Berlin""}",1029594632462495,images_filtered/postbox_node_1286937969_img_1029594632462495.jpg,52.5051488125,13.338948379167,74.776615113302,1745653322708,57.6
node/1298367148,52.6302677,13.3827246,"{""amenity"": ""post_box"", ""collection_times"": ""Mo-Fr 13:15; Sa 12:15"", ""drive_through"": ""no"", ""operator"": ""Deutsche Post"", ""operator:wikidata"": ""Q157645"", ""operator:wikipedia"": ""de:Deutsche Post AG"", ""ref"": ""Birnbaumring 94, 13159 Berlin""}",1000523788534316,images_filtered/postbox_node_1298367148_img_1000523788534316.jpg,52.6300169,13.382545099972,0,1715613311500,23.5
node/1298367148,52.6302677,13.3827246,"{""amenity"": ""post_box"", ""collection_times"": ""Mo-Fr 13:15; Sa 12:15"", ""drive_through"": ""no"", ""operator"": ""Deutsche Post"", ""operator:wikidata"": ""Q157645"", ""operator:wikipedia"": ""de:Deutsche Post AG"", ""ref"": ""Birnbaumring 94, 13159 Berlin""}",1142664229536315,images_filtered/postbox_node_1298367148_img_1142664229536315.jpg,52.630390617778,13.382462868333,163.374112,1485702521000,35.6
node/1307667966,52.5958854,13.4031964,"{""amenity"": ""post_box"", ""check_date:collection_times"": ""2025-08-31"", ""collection_times"": ""Mo-Fr 13:30; Sa 12:00"", ""operator"": ""Deutsche Post"", ""operator:wikidata"": ""Q157645"", ""ref"": ""Dietzgenstr. 162, 13158 Berlin""}",304376091184246,images_filtered/postbox_node_1307667966_img_304376091184246.jpg,52.5958027,13.402966499972,0,1592037492500,59.4
node/1313558840,52.4869521,13.3765023,"{""amenity"": ""post_box"", ""collection_times"": ""Mo-Fr 17:30; Sa 14:30"", ""operator"": ""Deutsche Post"", ""operator:wikidata"": ""Q157645"", ""operator:wikipedia"": ""de:Deutsche Post AG"", ""ref"": ""Katzbachstr. 20, 10965 Berlin""}",219074100844138,images_filtered/postbox_node_1313558840_img_219074100844138.jpg,52.4871812,13.3765954,180.735,1683741809000,13.2
node/1336725192,52.4406303,13.2824893,"{""amenity"": ""post_box"", ""collection_times"": ""Mo-Fr 16:00,21:45; Sa 13:45; Su 21:45"", ""operator"": ""Deutsche Post"", ""operator:wikidata"": ""Q157645"", ""operator:wikipedia"": ""de:Deutsche Post AG"", ""ref"": ""Dahlemer Weg 7, 14169 Berlin""}",247122977186365,images_filtered/postbox_node_1336725192_img_247122977186365.jpg,52.440780107863,13.28230926767,180.04333281517,1471252920291,36.3
node/1331646328,52.4272087,13.7303241,"{""amenity"": ""post_box"", ""collection_times"": ""Mo-Fr 17:00, Sa 12:45"", ""operator"": ""Deutsche Post"", ""operator:wikidata"": ""Q157645"", ""ref"": ""Lindenstr./Lutherstr., 12589 Berlin""}",1373868893725663,images_filtered/postbox_node_1331646328_img_1373868893725663.jpg,52.4271747,13.7302525,57.881,1748696151000,5.8
node/1347365383,52.58572,13.2326349,"{""amenity"": ""post_box"", ""collection_times"": ""Mo-Fr 17:00; Sa 13:30"", ""operator"": ""Deutsche Post"", ""operator:wikidata"": ""Q157645"", ""operator:wikipedia"": ""de:Deutsche Post AG"", ""ref"": ""Spechtstr. 18, 13505 Berlin""}",476259073635925,images_filtered/postbox_node_1347365383_img_476259073635925.jpg,52.585912635599,13.232199652133,117.55541700852,1592040888841,8.5
node/1363487314,52.4835234,13.5021778,"{""amenity"": ""post_box"", ""check_date"": ""2022-10-22"", ""collection_times"": ""Mo-Fr 16:45, Sa 11:30"", ""operator"": ""Deutsche Post"", ""operator:wikidata"": ""Q157645"", ""operator:wikipedia"": ""de:Deutsche Post AG"", ""postal_code"": ""10318"", ""ref"": ""Blockdammweg 1, 10318 Berlin""}",296496439183834,images_filtered/postbox_node_1363487314_img_296496439183834.jpg,52.483398,13.5025074,0,1641821009000,58.0
node/1362023593,52.5656424,13.5641859,"{""amenity"": ""post_box"", ""collection_times"": ""Mo-Fr 15:45; Sa 15:45"", ""operator"": ""Deutsche Post"", ""operator:wikidata"": ""Q157645"", ""operator:wikipedia"": ""de:Deutsche Post AG"", ""ref"": ""Wittenberger Str. 12, 12689 Berlin""}",853930353053627,images_filtered/postbox_node_1362023593_img_853930353053627.jpg,52.5654057,13.5642582,43.211,1699170292000,53.7
node/1369822335,52.4870949,13.5236225,"{""amenity"": ""post_box"", ""check_date"": ""2026-01-01"", ""collection_times"": ""Mo-Fr 16:45; Sa 11:15"", ""operator"": ""Deutsche Post"", ""operator:wikidata"": ""Q157645"", ""operator:wikipedia"": ""de:Deutsche Post AG"", ""ref"": ""Hentigstr. 26, 10318 Berlin""}",1003739908957233,images_filtered/postbox_node_1369822335_img_1003739908957233.jpg,52.487138200279,13.523648412966,208.9787979126,1784368975153,9.0
node/1369822335,52.4870949,13.5236225,"{""amenity"": ""post_box"", ""check_date"": ""2026-01-01"", ""collection_times"": ""Mo-Fr 16:45; Sa 11:15"", ""operator"": ""Deutsche Post"", ""operator:wikidata"": ""Q157645"", ""operator:wikipedia"": ""de:Deutsche Post AG"", ""ref"": ""Hentigstr. 26, 10318 Berlin""}",1242610982880326,images_filtered/postbox_node_1369822335_img_1242610982880326.jpg,52.4869454,13.523882699972,0,1637680135000,46.7
node/1369822335,52.4870949,13.5236225,"{""amenity"": ""post_box"", ""check_date"": ""2026-01-01"", ""collection_times"": ""Mo-Fr 16:45; Sa 11:15"", ""operator"": ""Deutsche Post"", ""operator:wikidata"": ""Q157645"", ""operator:wikipedia"": ""de:Deutsche Post AG"", ""ref"": ""Hentigstr. 26, 10318 Berlin""}",2760133594380383,images_filtered/postbox_node_1369822335_img_2760133594380383.jpg,52.487019572605,13.523625871661,30.721435546875,1784368981572,32.3
node/1370419251,52.4218642,13.2752862,"{""amenity"": ""post_box"", ""collection_times"": ""Mo-Fr 16:00; Sa 12:30"", ""operator"": ""Deutsche Post"", ""operator:wikidata"": ""Q157645"", ""operator:wikipedia"": ""de:Deutsche Post AG"", ""ref"": ""Dahlemer Weg 167, 14167 Berlin""}",2155105938293881,images_filtered/postbox_node_1370419251_img_2155105938293881.jpg,52.421627,13.2751684,11.757,1750848454000,5.1
node/1383533738,52.4516038,13.5351538,"{""amenity"": ""post_box"", ""collection_times"": ""Mo-Fr 16:00,Sa 13:00"", ""operator"": ""Deutsche Post"", ""operator:wikidata"": ""Q157645"", ""operator:wikipedia"": ""de:Deutsche Post AG"", ""ref"": ""Oberspreestraße 6, 12439 Berlin""}",1055563667374773,images_filtered/postbox_node_1383533738_img_1055563667374773.jpg,52.451805454726,13.534939079199,107.01028203127,1788689137071,40.0
node/1388652799,52.5439104,13.2386639,"{""access"": ""yes"", ""amenity"": ""post_box"", ""check_date:collection_times"": ""2024-01-05"", ""collection_times"": ""Mo-Fr 14:00,17:00; Sa 13:00"", ""drive_through"": ""no"", ""image"": ""https://www.mapillary.com/app/?pKey=426010853692110"", ""indoor"": ""no"", ""level"": ""0"", ""material"": ""metal"", ""operator"": ""Deutsche Post"", ""operator:wikidata"": ""Q157645"", ""operator:wikipedia"": ""de:Deutsche Post AG"", ""post_box:type"": ""pillar"", ""ref"": ""Haselhorster Damm 15, 13599 Berlin"", ""wheelchair"": ""yes""}",928883344345861,images_filtered/postbox_node_1388652799_img_928883344345861.jpg,52.544015000067,13.23873669994,156.74575970152,1565701003500,46.2
node/1409476634,52.4637889,13.3324337,"{""amenity"": ""post_box"", ""check_date:collection_times"": ""2024-12-07"", ""collection_times"": ""Mo-Fr 13:00,15:45,17:45; Sa 12:30"", ""operator"": ""Deutsche Post"", ""operator:wikidata"": ""Q157645"", ""operator:wikipedia"": ""de:Deutsche Post AG"", ""ref"": ""Feuerbachstr. (S-Bahnhof), 12163 Berlin""}",1077502466107637,images_filtered/postbox_node_1409476634_img_1077502466107637.jpg,52.463919444444,13.332647222222,266,1437849543000,41.1
node/1418640344,52.5364197,13.2713028,"{""amenity"": ""post_box"", ""collection_times"": ""Mo-Fr 21:45, Sa 11:30, Su 09:00,21:45, Mo-Fr 15:00"", ""operator"": ""Deutsche Post"", ""operator:wikidata"": ""Q157645"", ""operator:wikipedia"": ""de:Deutsche Post AG"", ""ref"": ""Nonnendammallee 87, 13629 Berlin""}",1115678580473133,images_filtered/postbox_node_1418640344_img_1115678580473133.jpg,52.5364476,13.2712545,91.726,1749800479000,41.8
node/1446063590,52.4149771,13.2663508,"{""amenity"": ""post_box"", ""check_date"": ""2026-06-01"", ""check_date:collection_times"": ""2024-06-20"", ""collection_times"": ""Mo-Fr 16:00; Sa 12:15"", ""direction"": ""350"", ""drive_through"": ""no"", ""operator"": ""Deutsche Post"", ""operator:wikidata"": ""Q157645"", ""operator:wikipedia"": ""de:Deutsche Post AG"", ""ref"": ""Teltower Damm 207, 14167 Berlin"", ""wheelchair"": ""yes""}",144947917600354,images_filtered/postbox_node_1446063590_img_144947917600354.jpg,52.414740510278,13.266321373889,348.098912,1497101810000,16.2
node/1457309823,52.6112499,13.430729,"{""amenity"": ""post_box"", ""collection_times"": ""Mo-Fr 13:00; Sa 12:00"", ""operator"": ""Deutsche Post"", ""operator:wikidata"": ""Q157645"", ""operator:wikipedia"": ""de:Deutsche Post AG"", ""ref"": ""Triftstr. 21, 13127 Berlin""}",1123492796023054,images_filtered/postbox_node_1457309823_img_1123492796023054.jpg,52.611063799972,13.430821299972,0,1732968292000,16.8
node/1460457733,52.4466927,13.3847595,"{""amenity"": ""post_box"", ""collection_times"": ""Mo-Fr 18:15; Sa 14:30"", ""operator"": ""Deutsche Post"", ""operator:wikidata"": ""Q157645"", ""operator:wikipedia"": ""de:Deutsche Post AG"", ""ref"": ""Königstr. 27a, 12105 Berlin""}",1053372713258700,images_filtered/postbox_node_1460457733_img_1053372713258700.jpg,52.4467723,13.3846045,84.862,1729955754000,45.3
node/1485024079,52.5882664,13.3883694,"{""amenity"": ""post_box"", ""check_date"": ""2025-08-06"", ""check_date:collection_times"": ""2025-08-06"", ""collection_times"": ""Mo-Fr 16:00; Sa 12:00"", ""operator"": ""Deutsche Post"", ""operator:wikidata"": ""Q157645"", ""operator:wikipedia"": ""de:Deutsche Post AG"", ""ref"": ""Friedrich-Engels-Str. 95, 13156 Berlin""}",1092960751196801,images_filtered/postbox_node_1485024079_img_1092960751196801.jpg,52.588066445279,13.388592425958,342.98257978721,1438513381310,17.1
node/1485772908,52.4886064,13.3138555,"{""amenity"": ""post_box"", ""check_date:collection_times"": ""2025-06-02"", ""collection_times"": ""Mo-Fr 17:45; Sa 16:45"", ""operator"": ""Deutsche Post"", ""operator:wikidata"": ""Q157645"", ""operator:wikipedia"": ""de:Deutsche Post AG"", ""ref"": ""Barstr. 6, 10713 Berlin""}",198398658671880,images_filtered/postbox_node_1485772908_img_198398658671880.jpg,52.488398160834,13.313447283593,97.662904754544,1592737207550,47.6
node/1489447550,52.5130556,13.5765889,"{""amenity"": ""post_box"", ""collection_times"": ""Mo-Fr 15:30, 16:30; Sa 13:30"", ""operator"": ""Deutsche Post"", ""operator:wikidata"": ""Q157645"", ""operator:wikipedia"": ""de:Deutsche Post AG"", ""ref"": ""Briefzentrum 12, An der Gehren 3,, 12529 Berlin-Schönefeld""}",1043718999695450,images_filtered/postbox_node_1489447550_img_1043718999695450.jpg,52.51311186706,13.576528150601,91.234499351429,1592841134986,55.5
node/1547399761,52.5439646,13.5157596,"{""amenity"": ""post_box"", ""brand"": ""PIN AG"", ""check_date:collection_times"": ""2024-09-12"", ""collection_times"": ""Mo-Fr 18:00"", ""drive_through"": ""yes"", ""operator"": ""PIN AG"", ""postal_code"": ""13053""}",1058113807929424,images_filtered/postbox_node_1547399761_img_1058113807929424.jpg,52.543717003476,13.516169060034,354.1524386982,1586013317899,39.3
node/1565004702,52.4385477,13.3555677,"{""amenity"": ""post_box"", ""collection_times"": ""Mo-Fr 16:15, Sa 13:15"", ""operator"": ""Deutsche Post"", ""operator:wikidata"": ""Q157645"", ""operator:wikipedia"": ""de:Deutsche Post AG"", ""ref"": ""Alt-Lankwitz 33, 12247 Berlin""}",217512713168538,images_filtered/postbox_node_1565004702_img_217512713168538.jpg,52.438488567832,13.355593095704,320.63400268555,1504179928185,24.7
node/1554860223,52.5685222,13.4494376,"{""amenity"": ""post_box"", ""check_date:collection_times"": ""2024-08-12"", ""collection_times"": ""Mo-Fr 13:15; Sa 11:15"", ""operator"": ""Deutsche Post"", ""operator:wikidata"": ""Q157645"", ""operator:wikipedia"": ""de:Deutsche Post AG"", ""ref"": ""Alpnacher Weg 2, 13089 Berlin""}",1034484624071449,images_filtered/postbox_node_1554860223_img_1034484624071449.jpg,52.5683014,13.4494573,0,1632836826500,3.1
node/1554860223,52.5685222,13.4494376,"{""amenity"": ""post_box"", ""check_date:collection_times"": ""2024-08-12"", ""collection_times"": ""Mo-Fr 13:15; Sa 11:15"", ""operator"": ""Deutsche Post"", ""operator:wikidata"": ""Q157645"", ""operator:wikipedia"": ""de:Deutsche Post AG"", ""ref"": ""Alpnacher Weg 2, 13089 Berlin""}",1109795898070567,images_filtered/postbox_node_1554860223_img_1109795898070567.jpg,52.568391691942,13.449291363371,17.119812011719,1788867450114,17.1
node/1556391403,52.5501211,13.4528035,"{""amenity"": ""post_box"", ""collection_times"": ""Mo-Fr 17:00; Sa 12:30; Su 09:00"", ""operator"": ""Deutsche Post"", ""operator:wikidata"": ""Q157645"", ""operator:wikipedia"": ""de:Deutsche Post AG"", ""ref"": ""Charlottenburger Str. 140, 13086 Berlin""}",1046493909243416,images_filtered/postbox_node_1556391403_img_1046493909243416.jpg,52.5500564,13.4529852,0,1642506194000,59.6
node/1581157359,52.4866521,13.4269496,"{""amenity"": ""post_box"", ""check_date"": ""2025-08-11"", ""check_date:collection_times"": ""2025-08-11"", ""collection_times"": ""Mo-Fr 16:30; Sa 13:45"", ""fixme"": ""collection_times"", ""note"": ""Keine Leerungszeiten angegeben (Stand 11/2020)"", ""operator"": ""Deutsche Post"", ""operator:wikidata"": ""Q157645"", ""operator:wikipedia"": ""de:Deutsche Post AG"", ""post_box:apertures"": ""1"", ""post_box:type"": ""pillar"", ""postal_code"": ""12043"", ""ref"": ""Hobrechtstr. 8-9, 12043 Berlin"", ""support"": ""ground""}",1003036298175282,images_filtered/postbox_node_1581157359_img_1003036298175282.jpg,52.4867055,13.4268835,168.878,1726221211000,25.9
node/1581157359,52.4866521,13.4269496,"{""amenity"": ""post_box"", ""check_date"": ""2025-08-11"", ""check_date:collection_times"": ""2025-08-11"", ""collection_times"": ""Mo-Fr 16:30; Sa 13:45"", ""fixme"": ""collection_times"", ""note"": ""Keine Leerungszeiten angegeben (Stand 11/2020)"", ""operator"": ""Deutsche Post"", ""operator:wikidata"": ""Q157645"", ""operator:wikipedia"": ""de:Deutsche Post AG"", ""post_box:apertures"": ""1"", ""post_box:type"": ""pillar"", ""postal_code"": ""12043"", ""ref"": ""Hobrechtstr. 8-9, 12043 Berlin"", ""support"": ""ground""}",1445669212773984,images_filtered/postbox_node_1581157359_img_1445669212773984.jpg,52.4868519,13.4268894,182.212,1726221203000,12.6
node/1585633282,52.5518823,13.4138623,"{""amenity"": ""post_box"", ""check_date"": ""2024-08-18"", ""check_date:collection_times"": ""2024-08-18"", ""collection_times"": ""Mo-Fr 12:15,17:15; Sa 12:30"", ""operator"": ""Deutsche Post"", ""operator:wikidata"": ""Q157645"", ""operator:wikipedia"": ""de:Deutsche Post AG"", ""ref"": ""Schönhauser Allee 107, 10439 Berlin""}",1062885850903415,images_filtered/postbox_node_1585633282_img_1062885850903415.jpg,52.551726199972,13.413889299972,0,1608468968500,6.0
node/1599903154,52.6075452,13.4202705,"{""amenity"": ""post_box"", ""collection_times"": ""Mo-Fr 13:00,15:00,21:00; Sa 10:00; Su 21:00"", ""operator"": ""Deutsche Post"", ""operator:wikidata"": ""Q157645"", ""operator:wikipedia"": ""de:Deutsche Post AG"", ""ref"": ""Schweizer Tal 52, 13127 Berlin""}",311801690590642,images_filtered/postbox_node_1599903154_img_311801690590642.jpg,52.607349599972,13.420420999972,0,1598257047500,25.0
node/1601176066,52.4776966,13.3150434,"{""amenity"": ""post_box"", ""check_date:collection_times"": ""2026-07-19"", ""collection_times"": ""Mo-Fr 16:00; Sa 13:00"", ""operator"": ""Deutsche Post"", ""operator:wikidata"": ""Q157645"", ""ref"": ""Hanauer Str. 67, 14197 Berlin""}",1142051976279167,images_filtered/postbox_node_1601176066_img_1142051976279167.jpg,52.477725,13.315355555556,292,1442059806000,30.5
node/1613860424,52.4673955,13.3311757,"{""amenity"": ""post_box"", ""collection_times"": ""Mo-Fr 14:00,16:15, Sa 12:15"", ""colour"": ""yellow"", ""direction"": ""120"", ""operator"": ""Deutsche Post"", ""operator:wikidata"": ""Q157645"", ""operator:wikipedia"": ""de:Deutsche Post AG"", ""ref"": ""Rheinstr. 49-54, 12161 Berlin""}",1003150953758375,images_filtered/postbox_node_1613860424_img_1003150953758375.jpg,52.4671572,13.3307914,0,1559932401000,44.5
node/1617465132,52.434077,13.2869418,"{""amenity"": ""post_box"", ""check_date:collection_times"": ""2025-11-11"", ""collection_times"": ""Mo-Fr 15:15; Sa 12:15"", ""operator"": ""Deutsche Post"", ""operator:wikidata"": ""Q157645"", ""operator:wikipedia"": ""de:Deutsche Post AG"", ""ref"": ""Weißwasserweg/Lotzestr., 12205 Berlin""}",1173134279784643,images_filtered/postbox_node_1617465132_img_1173134279784643.jpg,52.434298111934,13.28736902996,206.64384778402,1495878454000,23.0
node/1632271512,52.4380413,13.2953472,"{""amenity"": ""post_box"", ""collection_times"": ""Mo-Fr 15:00; Sa 12:00"", ""operator"": ""Deutsche Post"", ""operator:wikidata"": ""Q157645"", ""operator:wikipedia"": ""de:Deutsche Post AG"", ""ref"": ""Baseler Str./Friedrichstr., 12205 Berlin""}",100950849338786,images_filtered/postbox_node_1632271512_img_100950849338786.jpg,52.4378339,13.295235899972,0,1657451552000,18.1
node/1632268553,52.4363247,13.3039468,"{""amenity"": ""post_box"", ""collection_times"": ""Mo-Fr 16:30; Sa 12:45"", ""operator"": ""Deutsche Post"", ""operator:wikidata"": ""Q157645"", ""operator:wikipedia"": ""de:Deutsche Post AG"", ""ref"": ""Drakestr. 68c, 12205 Berlin""}",1056499633019127,images_filtered/postbox_node_1632268553_img_1056499633019127.jpg,52.436523,13.3039104,145.037,1748115880000,28.6
node/1632268553,52.4363247,13.3039468,"{""amenity"": ""post_box"", ""collection_times"": ""Mo-Fr 16:30; Sa 12:45"", ""operator"": ""Deutsche Post"", ""operator:wikidata"": ""Q157645"", ""operator:wikipedia"": ""de:Deutsche Post AG"", ""ref"": ""Drakestr. 68c, 12205 Berlin""}",2262770764107835,images_filtered/postbox_node_1632268553_img_2262770764107835.jpg,52.4362797,13.3042131,326.409,1736333420000,40.9
node/1639362000,52.4712328,13.3278824,"{""amenity"": ""post_box"", ""collection_times"": ""Mo-Fr 14:00, 16:00, 17:45; Sa 13:00"", ""collection_times:signed"": ""no"", ""operator"": ""Deutsche Post"", ""operator:wikidata"": ""Q157645"", ""operator:wikipedia"": ""de:Deutsche Post AG"", ""ref"": ""Goßlerstr./Friedrich-Wilhelm-Platz, 12161 Berlin""}",112708687550983,images_filtered/postbox_node_1639362000_img_112708687550983.jpg,52.471213888889,13.328016666667,237,1609585899000,46.0
node/1678447817,52.4628254,13.3383999,"{""amenity"": ""post_box"", ""check_date:collection_times"": ""2024-07-22"", ""collection_times"": ""Mo-Fr 15:45; Sa 12:30"", ""operator"": ""Deutsche Post"", ""operator:wikidata"": ""Q157645"", ""operator:wikipedia"": ""de:Deutsche Post AG"", ""ref"": ""Sachsenwaldstr. 9, 12157 Berlin""}",2017348971747828,images_filtered/postbox_node_1678447817_img_2017348971747828.jpg,52.462767399972,13.3385078,0,1563023604000,48.6
node/1710697417,52.4322181,13.3418508,"{""amenity"": ""post_box"", ""check_date:collection_times"": ""2025-01-03"", ""collection_times"": ""Mo-Fr 16:45; Sa 12:45"", ""operator"": ""Deutsche Post"", ""operator:wikidata"": ""Q157645"", ""operator:wikipedia"": ""de:Deutsche Post AG"", ""ref"": ""Ingridpfad/Barbarastr., 12249 Berlin""}",130434946143319,images_filtered/postbox_node_1710697417_img_130434946143319.jpg,52.432113299972,13.3421357,0,1644061057000,58.9
node/1708709775,52.4439743,13.2610728,"{""amenity"": ""post_box"", ""collection_times"": ""Mo-Fr 16:00; Sa 13:15"", ""operator"": ""Deutsche Post"", ""operator:wikidata"": ""Q157645"", ""operator:wikipedia"": ""de:Deutsche Post AG"", ""ref"": ""Riemeisterstr. 39, 14169 Berlin""}",205028177868970,images_filtered/postbox_node_1708709775_img_205028177868970.jpg,52.444127777778,13.260675,155,1440929503000,32.7
node/1715461131,52.5313665,13.5618396,"{""amenity"": ""post_box"", ""collection_times"": ""Mo-Fr 16:45; Sa 14:15"", ""operator"": ""Deutsche Post"", ""operator:wikidata"": ""Q157645"", ""ref"": ""Rotraudstr./Annenstr., 12683 Berlin""}",1042293033301875,images_filtered/postbox_node_1715461131_img_1042293033301875.jpg,52.531334499972,13.5618771,0,1649575262000,35.5
node/1735093052,52.4457214,13.3683419,"{""amenity"": ""post_box"", ""check_date:collection_times"": ""2023-08-09"", ""collection_times"": ""Mo-Fr 16:45; Sa 14:00"", ""operator"": ""Deutsche Post"", ""operator:wikidata"": ""Q157645"", ""operator:wikipedia"": ""de:Deutsche Post AG"", ""ref"": ""Kurfürstenstr./Ringstr., 12105 Berlin""}",1056657969040686,images_filtered/postbox_node_1735093052_img_1056657969040686.jpg,52.4457054,13.3682375,51.36,1728744375500,24.5
node/1745576515,52.5688421,13.5410554,"{""amenity"": ""post_box"", ""collection_times"": ""Mo-Fr 13:30; Sa 12:00"", ""operator"": ""Deutsche Post"", ""operator:wikidata"": ""Q157645"", ""ref"": ""Dorfstr. 14, 13057 Berlin""}",1108442049660608,images_filtered/postbox_node_1745576515_img_1108442049660608.jpg,52.568854121389,13.541372185556,296.41296,1487520607000,30.0
node/1772859906,52.6017614,13.2431529,"{""amenity"": ""post_box"", ""collection_times"": ""Mo-Fr 17:00; Sa 14:00"", ""operator"": ""Deutsche Post"", ""operator:wikidata"": ""Q157645"", ""ref"": ""Dambockstr. 14, 13503 Berlin""}",158005270074144,images_filtered/postbox_node_1772859906_img_158005270074144.jpg,52.601574999972,13.2435766,0,1655019699000,54.1
node/1782073787,52.5519432,13.252924,"{""amenity"": ""post_box"", ""collection_times"": ""Mo-Sa 09:00"", ""operator"": ""Deutsche Post"", ""operator:wikidata"": ""Q157645"", ""operator:wikipedia"": ""de:Deutsche Post AG"", ""ref"": ""Hoka III, Str. P 2, 13629 Berlin""}",656222269678427,images_filtered/postbox_node_1782073787_img_656222269678427.jpg,52.5520926,13.2525986,117.238,1684414936000,9.8
node/1802883588,52.5434244,13.6073903,"{""amenity"": ""post_box"", ""check_date:collection_times"": ""2025-06-06"", ""collection_times"": ""Mo-Fr 15:30; Sa 13:15"", ""operator"": ""Deutsche Post"", ""operator:wikidata"": ""Q157645"", ""operator:wikipedia"": ""de:Deutsche Post AG"", ""ref"": ""Tangermünder Str. 30, 12627 Berlin""}",1019271925688326,images_filtered/postbox_node_1802883588_img_1019271925688326.jpg,52.543160499972,13.6075865,0,1650180904000,24.3
node/1792791225,52.5881415,13.2762216,"{""amenity"": ""post_box"", ""collection_times"": ""Mo-Fr 17:00, Sa 12:00"", ""operator"": ""Deutsche Post"", ""operator:wikidata"": ""Q157645"", ""ref"": ""Alt-Tegel 40, 13507 Berlin""}",1420903304923282,images_filtered/postbox_node_1792791225_img_1420903304923282.jpg,52.588164852981,13.276449143899,248.83187433384,1593154810062,11.6
node/1792791225,52.5881415,13.2762216,"{""amenity"": ""post_box"", ""collection_times"": ""Mo-Fr 17:00, Sa 12:00"", ""operator"": ""Deutsche Post"", ""operator:wikidata"": ""Q157645"", ""ref"": ""Alt-Tegel 40, 13507 Berlin""}",152121883551576,images_filtered/postbox_node_1792791225_img_152121883551576.jpg,52.588162757505,13.27635040508,275.25708572803,1593154812063,20.5
node/1903236888,52.5385388,13.5506725,"{""amenity"": ""post_box"", ""check_date:collection_times"": ""2024-09-27"", ""collection_times"": ""Mo-Fr 14:45; Sa 14:00"", ""operator"": ""Deutsche Post"", ""operator:wikidata"": ""Q157645"", ""operator:wikipedia"": ""de:Deutsche Post AG"", ""ref"": ""Pekrunstr. 30, 12685 Berlin""}",861646567769150,images_filtered/postbox_node_1903236888_img_861646567769150.jpg,52.5383599,13.550777099972,-1,1619542018048,18.6
node/1903236888,52.5385388,13.5506725,"{""amenity"": ""post_box"", ""check_date:collection_times"": ""2024-09-27"", ""collection_times"": ""Mo-Fr 14:45; Sa 14:00"", ""operator"": ""Deutsche Post"", ""operator:wikidata"": ""Q157645"", ""operator:wikipedia"": ""de:Deutsche Post AG"", ""ref"": ""Pekrunstr. 30, 12685 Berlin""}",163886152338504,images_filtered/postbox_node_1903236888_img_163886152338504.jpg,52.538404399972,13.550812399972,-1,1619542019048,31.3
node/1931497968,52.5264921,13.3241107,"{""amenity"": ""post_box"", ""check_date"": ""2026-05-19"", ""check_date:collection_times"": ""2026-05-19"", ""collection_times"": ""Mo-Fr 00:00-23:59"", ""operator"": ""PIN Mail"", ""operator:type"": ""private"", ""operator:wikidata"": ""Q1342288"", ""operator:wikipedia"": ""de:PIN Mail""}",134979762012383,images_filtered/postbox_node_1931497968_img_134979762012383.jpg,52.526244599972,13.324326199972,0,1562339208000,27.9
node/1931497962,52.5205041,13.3511967,"{""amenity"": ""post_box"", ""check_date:collection_times"": ""2026-03-15"", ""collection_times"": ""Mo-Fr 15:00; Sa 12:00"", ""operator"": ""Deutsche Post"", ""operator:wikidata"": ""Q157645"", ""operator:wikipedia"": ""de:Deutsche Post AG"", ""postal_code"": ""10557"", ""ref"": ""Calvinstr. 18, 10557 Berlin""}",1011164894934428,images_filtered/postbox_node_1931497962_img_1011164894934428.jpg,52.5203451,13.3508455,0,1782316712000,53.3
node/1937181619,52.5634886,13.3772335,"{""amenity"": ""post_box"", ""collection_times"": ""Mo-Fr 16:00, Sa 12:00"", ""operator"": ""Deutsche Post"", ""operator:wikidata"": ""Q157645"", ""operator:wikipedia"": ""de:Deutsche Post AG"", ""ref"": ""Letteallee 94, 13409 Berlin""}",1449135478900489,images_filtered/postbox_node_1937181619_img_1449135478900489.jpg,52.563577999972,13.3770003,78.177814443435,1668517917000,44.1
node/1950308535,52.6284999,13.2861953,"{""amenity"": ""post_box"", ""collection_times"": ""Mo-Fr 16:00; Sa 13:00"", ""operator"": ""Deutsche Post"", ""operator:wikidata"": ""Q157645"", ""ref"": ""Welfenallee 37-43, 13465 Berlin""}",1046617496558244,images_filtered/postbox_node_1950308535_img_1046617496558244.jpg,52.628333333333,13.285987,73.90563249588,1705995022349,36.7
node/1950308538,52.6342363,13.2752234,"{""amenity"": ""post_box"", ""collection_times"": ""Mo-Fr 16:00; Sa 13:00"", ""operator"": ""Deutsche Post"", ""operator:wikidata"": ""Q157645"", ""ref"": ""Maximiliankorso 47, 13465 Berlin""}",167215952828933,images_filtered/postbox_node_1950308538_img_167215952828933.jpg,52.6344223,13.2748308,76.802,1656506218000,51.2
node/1950308538,52.6342363,13.2752234,"{""amenity"": ""post_box"", ""collection_times"": ""Mo-Fr 16:00; Sa 13:00"", ""operator"": ""Deutsche Post"", ""operator:wikidata"": ""Q157645"", ""ref"": ""Maximiliankorso 47, 13465 Berlin""}",1451809481839678,images_filtered/postbox_node_1950308538_img_1451809481839678.jpg,52.634335,13.2755021,272.83768594833,1564921948000,33.1
node/1950308538,52.6342363,13.2752234,"{""amenity"": ""post_box"", ""collection_times"": ""Mo-Fr 16:00; Sa 13:00"", ""operator"": ""Deutsche Post"", ""operator:wikidata"": ""Q157645"", ""ref"": ""Maximiliankorso 47, 13465 Berlin""}",1278979229355321,images_filtered/postbox_node_1950308538_img_1278979229355321.jpg,52.6343322,13.2756237,272.509,1656503974000,24.1
node/1950308536,52.6329465,13.2880037,"{""amenity"": ""post_box"", ""check_date:collection_times"": ""2024-08-10"", ""collection_times"": ""Mo-Fr 16:00; Sa 13:00"", ""operator"": ""Deutsche Post"", ""operator:wikidata"": ""Q157645"", ""operator:wikipedia"": ""de:Deutsche Post AG"", ""ref"": ""Ludolfinger-Pl. 4, 13465 Berlin""}",1020024805472180,images_filtered/postbox_node_1950308536_img_1020024805472180.jpg,52.632841666667,13.288344444444,299,1613892129000,2.1
node/1950308536,52.6329465,13.2880037,"{""amenity"": ""post_box"", ""check_date:collection_times"": ""2024-08-10"", ""collection_times"": ""Mo-Fr 16:00; Sa 13:00"", ""operator"": ""Deutsche Post"", ""operator:wikidata"": ""Q157645"", ""operator:wikipedia"": ""de:Deutsche Post AG"", ""ref"": ""Ludolfinger-Pl. 4, 13465 Berlin""}",1116087315562508,images_filtered/postbox_node_1950308536_img_1116087315562508.jpg,52.632977777778,13.287730555556,141,1613893996000,40.3
node/1951882680,52.4445336,13.4161689,"{""amenity"": ""post_box"", ""check_date:collection_times"": ""2025-11-02"", ""collection_times"": ""Mo-Fr 17:00; Sa 14:30"", ""operator"": ""Deutsche Post"", ""operator:wikidata"": ""Q157645"", ""operator:wikipedia"": ""de:Deutsche Post AG"", ""ref"": ""Teichrosenpfad/Koppelweg, 12347 Berlin""}",2074789012995062,images_filtered/postbox_node_1951882680_img_2074789012995062.jpg,52.4443788,13.416267,4.429,1742116594000,25.5
node/1950308541,52.6269755,13.2671584,"{""amenity"": ""post_box"", ""collection_times"": ""Mo-Fr 16:00; Sa 13:00"", ""operator"": ""Deutsche Post"", ""operator:wikidata"": ""Q157645"", ""ref"": ""Am Eichenhain 9, 13465 Berlin""}",160249589382201,images_filtered/postbox_node_1950308541_img_160249589382201.jpg,52.6271022,13.267122699972,165.38407567484,1564922107000,4.9
node/2034815458,52.4174392,13.580417,"{""amenity"": ""post_box"", ""collection_times"": ""Mo-Fr 17:30, Sa 12:30"", ""operator"": ""Deutsche Post"", ""operator:wikidata"": ""Q157645"", ""operator:wikipedia"": ""de:Deutsche Post AG"", ""ref"": ""Regattastr. 128, 12527 Berlin""}",313840460234050,images_filtered/postbox_node_2034815458_img_313840460234050.jpg,52.417570031297,13.580329092232,153.17568348153,1614165614574,4.5
node/2054445903,52.5157994,13.5828274,"{""amenity"": ""post_box"", ""collection_times"": ""Mo-Fr 15:30; Sa 13:45"", ""operator"": ""Deutsche Post"", ""operator:wikidata"": ""Q157645"", ""operator:wikipedia"": ""de:Deutsche Post AG"", ""ref"": ""Lion-Feuchtwanger-Str./Ludwigsluster Str., 12619 Berlin""}",1061415757978397,images_filtered/postbox_node_2054445903_img_1061415757978397.jpg,52.5156149,13.582873799972,0,1640854586000,8.7
node/2090041554,52.4301275,13.457757,"{""amenity"": ""post_box"", ""collection_times"": ""Mo-Fr 14:45,16:45; Sa 13:45"", ""operator"": ""Deutsche Post"", ""operator:wikidata"": ""Q157645"", ""operator:wikipedia"": ""de:Deutsche Post AG"", ""ref"": ""Imbuschweg/Gropiuspassagen, 12353 Berlin""}",1054833509457459,images_filtered/postbox_node_2090041554_img_1054833509457459.jpg,52.4303525,13.4577901,180.143,1730286086000,5.0
node/2069755963,52.408273,13.5758135,"{""amenity"": ""post_box"", ""collection_times"": ""Mo-Fr 16:45; Sa 13:00"", ""operator"": ""Deutsche Post"", ""operator:wikidata"": ""Q157645"", ""operator:wikipedia"": ""de:Deutsche Post AG"", ""ref"": ""Gründerstr./Kablower Weg, 12526 Berlin""}",156239240262131,images_filtered/postbox_node_2069755963_img_156239240262131.jpg,52.408233,13.5757259,0,1654928151000,53.2
node/2100175047,52.5847788,13.2268931,"{""amenity"": ""post_box"", ""collection_times"": ""Mo-Fr 17:00; Sa 13:30"", ""operator"": ""Deutsche Post"", ""operator:wikidata"": ""Q157645"", ""operator:wikipedia"": ""de:Deutsche Post AG"", ""ref"": ""Am Falkenplatz 1-3, 13505 Berlin""}",166480088613373,images_filtered/postbox_node_2100175047_img_166480088613373.jpg,52.584621319444,13.227130612222,339.540064,1488717673000,22.0
node/2132619112,52.5418719,13.5711338,"{""amenity"": ""post_box"", ""collection_times"": ""Mo-Fr 15:15; Sa 11:15"", ""operator"": ""Deutsche Post"", ""operator:wikidata"": ""Q157645"", ""operator:wikipedia"": ""de:Deutsche Post AG"", ""ref"": ""Krummenseer Str. 4, 12685 Berlin""}",3967922416655193,images_filtered/postbox_node_2132619112_img_3967922416655193.jpg,52.542007975329,13.57139842586,284.49720066015,1615026306390,54.7
node/2136199341,52.5372829,13.58975,"{""amenity"": ""post_box"", ""collection_times"": ""Mo-Fr 15:45; Sa 13:00"", ""operator"": ""Deutsche Post"", ""operator:wikidata"": ""Q157645"", ""operator:wikipedia"": ""de:Deutsche Post AG"", ""ref"": ""Gothaer Str. 45, 12629 Berlin""}",143384577757598,images_filtered/postbox_node_2136199341_img_143384577757598.jpg,52.537235321024,13.589875401807,282.7253112793,1550065803542,19.2
node/2157243843,52.4650722,13.1623377,"{""amenity"": ""post_box"", ""collection_times"": ""Mo-Fr 17:00, Sa 12:00, Su-Fr 20:45, Su 12:00"", ""operator"": ""Deutsche Post"", ""operator:wikidata"": ""Q157645"", ""operator:wikipedia"": ""de:Deutsche Post AG"", ""ref"": ""Kladower Damm (General-Steinhoff-Kaserne), 14089 Berlin""}",537514807236872,images_filtered/postbox_node_2157243843_img_537514807236872.jpg,52.465117676111,13.162619378333,220.833232,1524406683000,34.3
node/2264764090,52.6173878,13.4886997,"{""amenity"": ""post_box"", ""collection_times"": ""Mo-Fr 14:00,16:15,21:00; Sa 10:45; Su 21:00"", ""drive_through"": ""no"", ""operator"": ""Deutsche Post"", ""operator:wikidata"": ""Q157645"", ""ref"": ""Achillesstr. 60, 13125 Berlin""}",1007498514369813,images_filtered/postbox_node_2264764090_img_1007498514369813.jpg,52.6175686,13.4889727,202.51,1719641166000,20.0
node/2264764090,52.6173878,13.4886997,"{""amenity"": ""post_box"", ""collection_times"": ""Mo-Fr 14:00,16:15,21:00; Sa 10:45; Su 21:00"", ""drive_through"": ""no"", ""operator"": ""Deutsche Post"", ""operator:wikidata"": ""Q157645"", ""ref"": ""Achillesstr. 60, 13125 Berlin""}",1028218286630208,images_filtered/postbox_node_2264764090_img_1028218286630208.jpg,52.617558008109,13.488825280232,162.91405487061,1786365977266,41.2
node/2255624809,52.5943592,13.3952578,"{""amenity"": ""post_box"", ""check_date:collection_times"": ""2025-08-31"", ""collection_times"": ""Mo-Fr 13:45; Sa 12:00"", ""operator"": ""Deutsche Post"", ""operator:wikidata"": ""Q157645"", ""operator:wikipedia"": ""de:Deutsche Post AG"", ""ref"": ""Schönhauser Str. 29, 13158 Berlin""}",1037083750397719,images_filtered/postbox_node_2255624809_img_1037083750397719.jpg,52.594298299972,13.395277399972,0,1633863622000,11.1
node/2255624809,52.5943592,13.3952578,"{""amenity"": ""post_box"", ""check_date:collection_times"": ""2025-08-31"", ""collection_times"": ""Mo-Fr 13:45; Sa 12:00"", ""operator"": ""Deutsche Post"", ""operator:wikidata"": ""Q157645"", ""operator:wikipedia"": ""de:Deutsche Post AG"", ""ref"": ""Schönhauser Str. 29, 13158 Berlin""}",1057912601977819,images_filtered/postbox_node_2255624809_img_1057912601977819.jpg,52.5942506,13.3953687,0,1711375982500,31.8
node/2299789187,52.5374952,13.3415803,"{""amenity"": ""post_box"", ""collection_times"": ""Mo-Fr 17:00; Sa 12:00"", ""operator"": ""Deutsche Post"", ""operator:wikidata"": ""Q157645"", ""ref"": ""Westhafenstr. 1-3, 13353 Berlin""}",1033956889359713,images_filtered/postbox_node_2299789187_img_1033956889359713.jpg,52.5376459491,13.34195061588,260.39695739746,1785066082568,24.2
node/2290307783,52.4793545,13.4453525,"{""amenity"": ""post_box"", ""check_date"": ""2025-02-07"", ""check_date:collection_times"": ""2025-02-07"", ""collection_times"": ""Mo-Fr 16:30; Sa 13:15"", ""operator"": ""Deutsche Post"", ""operator:wikidata"": ""Q157645"", ""operator:wikipedia"": ""de:Deutsche Post AG"", ""post_box:apertures"": ""2"", ""post_box:type"": ""lamp"", ""postal_code"": ""12059"", ""ref"": ""Roseggerstr./Sonnenallee, 12059 Berlin"", ""support"": ""pole""}",1225613815853277,images_filtered/postbox_node_2290307783_img_1225613815853277.jpg,52.4794483,13.4457285,223.219,1745141732000,24.5
node/2318753930,52.4020909,13.5426773,"{""amenity"": ""post_box"", ""collection_times"": ""Mo-Fr 16:45, Sa 11:45"", ""operator"": ""Deutsche Post"", ""operator:wikidata"": ""Q157645"", ""operator:wikipedia"": ""de:Deutsche Post AG"", ""post_box:type"": ""pillar"", ""ref"": ""Ehrenfelder Platz, 12524 Berlin""}",147694530669790,images_filtered/postbox_node_2318753930_img_147694530669790.jpg,52.401930639998,13.542360413177,97,1580994750000,46.7
node/2329708009,52.5507113,13.2717885,"{""amenity"": ""post_box"", ""check_date:collection_times"": ""2025-06-14"", ""collection_times"": ""Mo-Sa 09:00"", ""operator"": ""Deutsche Post"", ""operator:wikidata"": ""Q157645"", ""operator:wikipedia"": ""de:Deutsche Post AG"", ""ref"": ""Singdrosselsteig 36, 13629 Berlin""}",1129317431782068,images_filtered/postbox_node_2329708009_img_1129317431782068.jpg,52.5505573,13.2718121,349.805,1696336841000,4.9
node/2327681007,52.5420961,13.4256364,"{""amenity"": ""post_box"", ""check_date:collection_times"": ""2024-01-16"", ""collection_times"": ""Mo-Fr 15:15,17:30; Sa 12:30"", ""operator"": ""Deutsche Post"", ""operator:wikidata"": ""Q157645"", ""operator:wikipedia"": ""de:Deutsche Post AG"", ""ref"": ""Prenzlauer Allee 185, 10405 Berlin"", ""wheelchair"": ""yes""}",1037871394472411,images_filtered/postbox_node_2327681007_img_1037871394472411.jpg,52.5419245,13.425967999972,0,1715930848000,49.6
node/2415140803,52.4621007,13.1593935,"{""amenity"": ""post_box"", ""collection_times"": ""Mo-Sa 16:00; Su 12:00"", ""operator"": ""Deutsche Post"", ""operator:wikidata"": ""Q157645"", ""ref"": ""Kladower Damm 221, 14089 Berlin""}",1391632067866270,images_filtered/postbox_node_2415140803_img_1391632067866270.jpg,52.46227742,13.15902663,75.283218383789,1406034745000,53.0
node/2423801469,52.5049611,13.3622687,"{""amenity"": ""post_box"", ""check_date:collection_times"": ""2026-04-17"", ""collection_times"": ""Mo-Fr 17:45; Sa 14:30"", ""operator"": ""Deutsche Post"", ""operator:wikidata"": ""Q157645"", ""operator:wikipedia"": ""de:Deutsche Post AG"", ""postal_code"": ""10785"", ""ref"": ""Kluckstr. 3, 10785 Berlin""}",1083100883246463,images_filtered/postbox_node_2423801469_img_1083100883246463.jpg,52.504798,13.3620511,0,1752246925500,39.1
node/2287024832,52.5240888,13.3706219,"{""amenity"": ""post_box"", ""check_date"": ""2025-05-25"", ""check_date:collection_times"": ""2025-04-09"", ""collection_times"": ""Mo-Fr 16:45,18:30, Sa 12:15"", ""note"": ""aktuell verschlossen und nicht nutzbar (2025-05-25)"", ""operator"": ""Deutsche Post"", ""operator:wikidata"": ""Q157645"", ""operator:wikipedia"": ""de:Deutsche Post AG"", ""post_box:type"": ""pillar"", ""ref"": ""Washingtonplatz 1, 10557 Berlin""}",1001696559356912,images_filtered/postbox_node_2287024832_img_1001696559356912.jpg,52.524124849637,13.370761144919,197.17806243896,1784990365529,49.8
node/2456672584,52.531939,13.3776171,"{""amenity"": ""post_box"", ""check_date:collection_times"": ""2025-12-28"", ""collection_times"": ""Mo-Fr 17:30; Sa 16:15"", ""operator"": ""Deutsche Post"", ""operator:wikidata"": ""Q157645"", ""operator:wikipedia"": ""de:Deutsche Post AG"", ""ref"": ""Habersaathstr. 33, 10115 Berlin""}",1002954149343574,images_filtered/postbox_node_2456672584_img_1002954149343574.jpg,52.5317306,13.377380699972,0,1779619347000,34.6
node/2456672584,52.531939,13.3776171,"{""amenity"": ""post_box"", ""check_date:collection_times"": ""2025-12-28"", ""collection_times"": ""Mo-Fr 17:30; Sa 16:15"", ""operator"": ""Deutsche Post"", ""operator:wikidata"": ""Q157645"", ""operator:wikipedia"": ""de:Deutsche Post AG"", ""ref"": ""Habersaathstr. 33, 10115 Berlin""}",1049860908754782,images_filtered/postbox_node_2456672584_img_1049860908754782.jpg,52.531741024044,13.37730271743,30.817776456332,1621677627209,13.2
node/2593693151,52.4595478,13.3391426,"{""amenity"": ""post_box"", ""collection_times"": ""Mo-Fr 16:00; Sa 12:45"", ""operator"": ""Deutsche Post"", ""operator:wikidata"": ""Q157645"", ""operator:wikipedia"": ""de:Deutsche Post AG"", ""ref"": ""Friedrichsruher Str./Bismarckstr., 12169 Berlin""}",195499438969939,images_filtered/postbox_node_2593693151_img_195499438969939.jpg,52.459286599972,13.339315199972,0,1588130432000,21.9
node/2555243006,52.5435249,13.3695423,"{""amenity"": ""post_box"", ""check_date"": ""2026-08-30"", ""check_date:collection_times"": ""2026-08-30"", ""collection_times"": ""Mo-Fr 17:00; Sa 12:00"", ""covered"": ""no"", ""indoor"": ""no"", ""material"": ""plastic"", ""operator"": ""Deutsche Post"", ""operator:wikidata"": ""Q157645"", ""operator:wikipedia"": ""de:Deutsche Post AG"", ""post_box:type"": ""lamp"", ""ref"": ""Reinickendorfer Str. 112, 12347 Berlin"", ""support"": ""pole""}",1215997193473436,images_filtered/postbox_node_2555243006_img_1215997193473436.jpg,52.543616588276,13.369545014588,186.12678824098,1728747411899,5.1
node/2555243006,52.5435249,13.3695423,"{""amenity"": ""post_box"", ""check_date"": ""2026-08-30"", ""check_date:collection_times"": ""2026-08-30"", ""collection_times"": ""Mo-Fr 17:00; Sa 12:00"", ""covered"": ""no"", ""indoor"": ""no"", ""material"": ""plastic"", ""operator"": ""Deutsche Post"", ""operator:wikidata"": ""Q157645"", ""operator:wikipedia"": ""de:Deutsche Post AG"", ""post_box:type"": ""lamp"", ""ref"": ""Reinickendorfer Str. 112, 12347 Berlin"", ""support"": ""pole""}",1052940822021314,images_filtered/postbox_node_2555243006_img_1052940822021314.jpg,52.543631130878,13.369553228853,168.79928432925,1661007860259,14.8
node/2555243006,52.5435249,13.3695423,"{""amenity"": ""post_box"", ""check_date"": ""2026-08-30"", ""check_date:collection_times"": ""2026-08-30"", ""collection_times"": ""Mo-Fr 17:00; Sa 12:00"", ""covered"": ""no"", ""indoor"": ""no"", ""material"": ""plastic"", ""operator"": ""Deutsche Post"", ""operator:wikidata"": ""Q157645"", ""operator:wikipedia"": ""de:Deutsche Post AG"", ""post_box:type"": ""lamp"", ""ref"": ""Reinickendorfer Str. 112, 12347 Berlin"", ""support"": ""pole""}",107605198874703,images_filtered/postbox_node_2555243006_img_107605198874703.jpg,52.543677063708,13.369483910513,175.60586282303,1676123770233,8.7
node/2640205338,52.4097604,13.3027926,"{""amenity"": ""post_box"", ""collection_times"": ""Mo-Fr 16:00; Sa 13:00"", ""operator"": ""Deutsche Post"", ""operator:wikidata"": ""Q157645"", ""operator:wikipedia"": ""de:Deutsche Post AG"", ""ref"": ""Holtheimer Weg/Westfalenring, 12207 Berlin"", ""wheelchair"": ""yes""}",368856607891250,images_filtered/postbox_node_2640205338_img_368856607891250.jpg,52.409782355496,13.302409062589,78.146057128906,1502733758875,17.2
node/2601366730,52.4393248,13.3878776,"{""amenity"": ""post_box"", ""brand"": ""Deutsche Post"", ""check_date"": ""2024-12-15"", ""collection_times"": ""Mo-Fr 15:00,17:00; Sa 14:15"", ""colour"": ""yellow"", ""level"": ""0"", ""note"": ""zwei gleiche Briefkästen nebeneinander"", ""operator"": ""Deutsche Post"", ""operator:wikidata"": ""Q157645"", ""operator:wikipedia"": ""de:Deutsche Post AG"", ""post_box:apertures"": ""2"", ""post_box:type"": ""lamp"", ""ref"": ""Mariendorfer Damm/Reißeckstr., 12107 Berlin"", ""support"": ""pole""}",1412215532472414,images_filtered/postbox_node_2601366730_img_1412215532472414.jpg,52.43922560015,13.38780297899,358.50080612401,1618587355560,26.1
node/2693136933,52.4820038,13.5272222,"{""access"": ""yes"", ""addr:floor"": ""0"", ""amenity"": ""post_box"", ""collection_times"": ""Mo-Fr 17:00; Sa 11:45; Su 09:00"", ""colour"": ""yellow"", ""covered"": ""no"", ""indoor"": ""no"", ""level"": ""0"", ""material"": ""steel"", ""operator"": ""Deutsche Post"", ""operator:wikidata"": ""Q157645"", ""operator:wikipedia"": ""de:Deutsche Post AG"", ""post_box:type"": ""pillar"", ""ref"": ""Ehrenfelsstr. 42-44, 10318 Berlin"", ""source"": ""survey"", ""support"": ""ground""}",107773351764138,images_filtered/postbox_node_2693136933_img_107773351764138.jpg,52.4818787,13.527374899972,0,1639568158000,36.6
node/2784503353,52.6268164,13.3116676,"{""amenity"": ""post_box"", ""collection_times"": ""Mo-Fr 16:00; Sa 13:00"", ""drive_through"": ""no"", ""operator"": ""Deutsche Post"", ""operator:wikidata"": ""Q157645"", ""ref"": ""Berliner Str. 63, 13467 Berlin""}",1128781905951908,images_filtered/postbox_node_2784503353_img_1128781905951908.jpg,52.6269641,13.3115272,146,1749555675089,4.0
node/2784503353,52.6268164,13.3116676,"{""amenity"": ""post_box"", ""collection_times"": ""Mo-Fr 16:00; Sa 13:00"", ""drive_through"": ""no"", ""operator"": ""Deutsche Post"", ""operator:wikidata"": ""Q157645"", ""ref"": ""Berliner Str. 63, 13467 Berlin""}",4073793946041341,images_filtered/postbox_node_2784503353_img_4073793946041341.jpg,52.627037018333,13.311471333611,169.415808,1522689391000,17.8
node/2825774569,52.5768228,13.2940906,"{""amenity"": ""post_box"", ""collection_times"": ""Mo-Fr 17:00; Sa 12:30"", ""operator"": ""Deutsche Post"", ""operator:wikidata"": ""Q157645"", ""operator:wikipedia"": ""de:Deutsche Post AG"", ""ref"": ""Berliner Str. 54a, 13507 Berlin""}",1270976941249740,images_filtered/postbox_node_2825774569_img_1270976941249740.jpg,52.5770759,13.2940365,165.465,1753711511000,7.1
node/2864527562,52.4185219,13.4349778,"{""amenity"": ""post_box"", ""check_date:collection_times"": ""2026-05-15"", ""collection_times"": ""Mo-Fr 16:45; Sa 13:00"", ""drive_through"": ""no"", ""operator"": ""Deutsche Post"", ""operator:wikidata"": ""Q157645"", ""operator:wikipedia"": ""de:Deutsche Post AG"", ""ref"": ""Christoph-Ruden-Str./Kestenzeile, 12349 Berlin""}",181816053721800,images_filtered/postbox_node_2864527562_img_181816053721800.jpg,52.4183267,13.434953099972,0,1571840614000,4.4
node/2993654762,52.5403947,13.4283815,"{""amenity"": ""post_box"", ""check_date:collection_times"": ""2025-01-26"", ""collection_times"": ""Mo-Fr 17:15; Sa 12:15"", ""operator"": ""Deutsche Post"", ""operator:wikidata"": ""Q157645"", ""operator:wikipedia"": ""de:Deutsche Post AG"", ""ref"": ""Diesterwegstr. 12, 10405 Berlin""}",1071239650400471,images_filtered/postbox_node_2993654762_img_1071239650400471.jpg,52.540330699972,13.428439499972,0,1649868225000,28.9
node/3015369075,52.5215555,13.6465194,"{""amenity"": ""post_box"", ""collection_times"": ""Mo-Fr 17:00; Sa 13:45"", ""operator"": ""Deutsche Post"", ""operator:wikidata"": ""Q157645"", ""operator:wikipedia"": ""de:Deutsche Post AG"", ""ref"": ""Dahlwitzer Str./Terwestenstr., 12623 Berlin""}",1235369430433929,images_filtered/postbox_node_3015369075_img_1235369430433929.jpg,52.521464299972,13.6467551,0,1682150858000,57.5
node/3022221003,52.5554198,13.5593894,"{""amenity"": ""post_box"", ""collection_times"": ""Mo-Fr 15:00, 16:45, 20:45; Sa 13:45; Su 20:45"", ""operator"": ""Deutsche Post"", ""operator:wikidata"": ""Q157645"", ""operator:wikipedia"": ""de:Deutsche Post AG"", ""ref"": ""Mehrower Allee 20, 12687 Berlin""}",1141904746369609,images_filtered/postbox_node_3022221003_img_1141904746369609.jpg,52.555344,13.559526,0,1656143852000,47.6
node/3045761943,52.5751683,13.5180576,"{""amenity"": ""post_box"", ""collection_times"": ""Mo-Fr 15:45; Sa 11:30"", ""operator"": ""Deutsche Post"", ""operator:wikidata"": ""Q157645"", ""ref"": ""Lindenberger Str. 1, 13059 Berlin""}",1200784200391703,images_filtered/postbox_node_3045761943_img_1200784200391703.jpg,52.5750705,13.5180421,0,1563301052000,5.5
node/3068201025,52.4137905,13.4013003,"{""amenity"": ""post_box"", ""collection_times"": ""Mo-Fr 17:30; Sa 13:00"", ""operator"": ""Deutsche Post"", ""operator:wikidata"": ""Q157645"", ""operator:wikipedia"": ""de:Deutsche Post AG"", ""ref"": ""Lichtenrader Damm 6, 12305 Berlin""}",327665285392015,images_filtered/postbox_node_3068201025_img_327665285392015.jpg,52.413830570925,13.401267416788,163.86825891052,1602929701419,10.5
node/3081682941,52.4856031,13.3383688,"{""amenity"": ""post_box"", ""check_date:collection_times"": ""2025-09-20"", ""collection_times"": ""Mo-Fr 17:30; Sa 16:45"", ""operator"": ""Deutsche Post"", ""operator:wikidata"": ""Q157645"", ""operator:wikipedia"": ""de:Deutsche Post AG"", ""ref"": ""Badensche Str. 51, 10825 Berlin""}",1244554920023338,images_filtered/postbox_node_3081682941_img_1244554920023338.jpg,52.4856871,13.3381962,93.891,1748604681000,34.7
node/3110885167,52.4607204,13.3813098,"{""amenity"": ""post_box"", ""check_date"": ""2020-05-31"", ""check_date:collection_times"": ""2026-05-30"", ""collection_times"": ""Mo-Fr 16:30, Sa 13:45"", ""colour"": ""yellow"", ""drive_through"": ""no"", ""material"": ""metal"", ""operator"": ""Deutsche Post"", ""operator:wikidata"": ""Q157645"", ""operator:wikipedia"": ""de:Deutsche Post AG"", ""ref"": ""Blumenthalstr./Friedensplatz, 12103 Berlin"", ""support"": ""pole""}",1303474744245084,images_filtered/postbox_node_3110885167_img_1303474744245084.jpg,52.4607993,13.3814006,170.041,1742988225000,45.0
node/3110885167,52.4607204,13.3813098,"{""amenity"": ""post_box"", ""check_date"": ""2020-05-31"", ""check_date:collection_times"": ""2026-05-30"", ""collection_times"": ""Mo-Fr 16:30, Sa 13:45"", ""colour"": ""yellow"", ""drive_through"": ""no"", ""material"": ""metal"", ""operator"": ""Deutsche Post"", ""operator:wikidata"": ""Q157645"", ""operator:wikipedia"": ""de:Deutsche Post AG"", ""ref"": ""Blumenthalstr./Friedensplatz, 12103 Berlin"", ""support"": ""pole""}",1102814534447639,images_filtered/postbox_node_3110885167_img_1102814534447639.jpg,52.4608932,13.3812669,119.935,1678536396000,51.5
node/3110913277,52.4588343,13.3786791,"{""amenity"": ""post_box"", ""collection_times"": ""Mo-Fr 16:30; Sa 13:45"", ""operator"": ""Deutsche Post"", ""operator:wikidata"": ""Q157645"", ""operator:wikipedia"": ""de:Deutsche Post AG"", ""ref"": ""Friedrich-Franz-Str./Friedrich-Wilhelm-Str., 12103 Berlin""}",301075145763824,images_filtered/postbox_node_3110913277_img_301075145763824.jpg,52.4586854,13.3789579,261.735,1690026616000,49.5
node/3112787173,52.4588687,13.3845267,"{""amenity"": ""post_box"", ""check_date"": ""2025-01-12"", ""collection_times"": ""Mo-Fr 14:00,17:30; Sa 14:15; Su,PH off"", ""colour"": ""yellow"", ""material"": ""metal"", ""operator"": ""Deutsche Post"", ""operator:wikidata"": ""Q157645"", ""operator:wikipedia"": ""de:Deutsche Post AG"", ""post_box:type"": ""lamp"", ""postal_code"": ""12099"", ""ref"": ""Tempelhofer Damm 195, 12099 Berlin"", ""support"": ""pole""}",1091259362561416,images_filtered/postbox_node_3112787173_img_1091259362561416.jpg,52.459052777778,13.384386111111,206,1718461358575,51.0
node/3131745781,52.478932,13.4740163,"{""amenity"": ""post_box"", ""check_date"": ""2026-05-27"", ""check_date:collection_times"": ""2026-05-27"", ""collection_times"": ""Mo-Fr 17:15; Sa 14:15"", ""drive_through"": ""no"", ""operator"": ""Deutsche Post"", ""operator:wikidata"": ""Q157645"", ""operator:wikipedia"": ""de:Deutsche Post AG"", ""post_box:type"": ""lamp"", ""postal_code"": ""12435"", ""ref"": ""Plänterwald (S-Bahnhof), 12435 Berlin""}",215053950174567,images_filtered/postbox_node_3131745781_img_215053950174567.jpg,52.478668341209,13.473892844334,0,1597566276307,15.9
node/3184230622,52.4575426,13.510918,"{""amenity"": ""post_box"", ""collection_times"": ""Mo-Fr 15:45; Sa 12:45"", ""operator"": ""Deutsche Post"", ""operator:wikidata"": ""Q157645"", ""operator:wikipedia"": ""de:Deutsche Post AG"", ""ref"": ""Brückenstr. 27, 12439 Berlin""}",115437197654698,images_filtered/postbox_node_3184230622_img_115437197654698.jpg,52.4573576,13.510757999972,0,1650618984000,27.8
node/3246050907,52.4244387,13.5440374,"{""amenity"": ""post_box"", ""collection_times"": ""Mo-Fr 16:45; Sa 12:00"", ""operator"": ""Deutsche Post"", ""operator:wikidata"": ""Q157645"", ""ref"": ""Köpenicker Str. (Eingang Spreetal), 12524 Berlin""}",1226761955188605,images_filtered/postbox_node_3246050907_img_1226761955188605.jpg,52.424413,13.543652,85,1728379861370,1.2
node/3255826195,52.5702179,13.5095233,"{""amenity"": ""post_box"", ""collection_times"": ""Mo-Fr 16:15; Sa 11:30"", ""operator"": ""Deutsche Post"", ""operator:wikidata"": ""Q157645"", ""ref"": ""Egon-Erwin-Kisch-Str. 67, 13059 Berlin""}",1159912788535120,images_filtered/postbox_node_3255826195_img_1159912788535120.jpg,52.570002399972,13.5092125,0,1716459735000,41.2
node/3289783569,52.5473175,13.5496542,"{""amenity"": ""post_box"", ""collection_times"": ""Mo-Fr 17:00; Sa 14:45"", ""operator"": ""Deutsche Post"", ""operator:wikidata"": ""Q157645"", ""operator:wikipedia"": ""de:Deutsche Post AG"", ""ref"": ""Zühlsdorfer Str. 14, 12679 Berlin""}",130234186220828,images_filtered/postbox_node_3289783569_img_130234186220828.jpg,52.5470539,13.550004899972,0,1647775065000,39.0
node/3267343772,52.4221781,13.4605108,"{""amenity"": ""post_box"", ""collection_times"": ""Mo-Fr 16:30; Sa 13:30"", ""operator"": ""Deutsche Post"", ""operator:wikidata"": ""Q157645"", ""ref"": ""Kölner Damm 2-4, 12353 Berlin""}",188529640328690,images_filtered/postbox_node_3267343772_img_188529640328690.jpg,52.4219592,13.4606899,0,1662206956000,26.5
node/3267343772,52.4221781,13.4605108,"{""amenity"": ""post_box"", ""collection_times"": ""Mo-Fr 16:30; Sa 13:30"", ""operator"": ""Deutsche Post"", ""operator:wikidata"": ""Q157645"", ""ref"": ""Kölner Damm 2-4, 12353 Berlin""}",313483293492412,images_filtered/postbox_node_3267343772_img_313483293492412.jpg,52.422023199972,13.4607606,0,1551020388000,44.5
node/3280484308,52.5793957,13.3087019,"{""amenity"": ""post_box"", ""operator"": ""PIN Mail"", ""operator:type"": ""private"", ""operator:wikidata"": ""Q1342288""}",291977649227990,images_filtered/postbox_node_3280484308_img_291977649227990.jpg,52.5792419,13.3089447,287.99485087395,1472654235857,28.2
node/3303100078,52.4418276,13.2305196,"{""amenity"": ""post_box"", ""collection_times"": ""Mo-Fr 16:00; Sa 13:30"", ""last_checked"": ""2016-06-12"", ""operator"": ""Deutsche Post"", ""operator:wikidata"": ""Q157645"", ""operator:wikipedia"": ""de:Deutsche Post AG"", ""ref"": ""Limastr. 25, 14163 Berlin""}",336550817826371,images_filtered/postbox_node_3303100078_img_336550817826371.jpg,52.441591666667,13.230575,343,1477829015000,8.9
node/3366763310,52.4782683,13.5684733,"{""amenity"": ""post_box"", ""collection_times"": ""Mo-Fr 16:15; Sa 13:30"", ""operator"": ""Deutsche Post"", ""operator:wikidata"": ""Q157645"", ""operator:wikipedia"": ""de:Deutsche Post AG"", ""ref"": ""Damerauer Allee ggü. 58, 12621 Berlin""}",1372457893232091,images_filtered/postbox_node_3366763310_img_1372457893232091.jpg,52.4782044,13.568526399972,0,1650535779000,26.8
node/3378778587,52.5696275,13.4037055,"{""amenity"": ""post_box"", ""check_date"": ""2025-09-27"", ""collection_times"": ""Mo-Fr 17:00,22:00"", ""operator"": ""PIN AG"", ""ref"": ""Breite Straße, 13187 Berlin"", ""wheelchair"": ""yes""}",1012211509897132,images_filtered/postbox_node_3378778587_img_1012211509897132.jpg,52.569672656294,13.404038306338,246.24197027345,1719995508717,11.2
node/3435135683,52.4505682,13.6278296,"{""amenity"": ""post_box"", ""check_date:collection_times"": ""2021-08-02"", ""collection_times"": ""Mo-Fr 16:30, Sa 13:15"", ""operator"": ""Deutsche Post"", ""operator:wikidata"": ""Q157645"", ""operator:wikipedia"": ""de:Deutsche Post AG"", ""ref"": ""Rahnsdorfer Str. / Scharnweberstr., 12587 Berlin""}",794406951259878,images_filtered/postbox_node_3435135683_img_794406951259878.jpg,52.45041865,13.627426583333,0,1588406280104,58.7
node/3437628725,52.4952577,13.4685768,"{""amenity"": ""post_box"", ""check_date"": ""2026-01-03"", ""check_date:collection_times"": ""2026-01-03"", ""collection_times"": ""Mo-Fr 17:30; Sa 12:30"", ""operator"": ""Deutsche Post"", ""operator:wikidata"": ""Q157645"", ""operator:wikipedia"": ""de:Deutsche Post AG"", ""post_box:type"": ""pillar"", ""postal_code"": ""10245"", ""ref"": ""Alt-Stralau 59b, 10245 Berlin""}",134247478652987,images_filtered/postbox_node_3437628725_img_134247478652987.jpg,52.495242719007,13.468445949347,56.726013183594,1598096991449,22.6
node/3442706856,52.5139354,13.4445647,"{""amenity"": ""post_box"", ""check_date"": ""2026-07-29"", ""check_date:collection_times"": ""2026-07-29"", ""collection_times"": ""Mo-Fr 17:45; Sa 12:45"", ""operator"": ""Deutsche Post"", ""operator:wikidata"": ""Q157645"", ""operator:wikipedia"": ""de:Deutsche Post AG"", ""ref"": ""Marchlewskistr. 37-39, 10423 Berlin""}",110590791267925,images_filtered/postbox_node_3442706856_img_110590791267925.jpg,52.514182403733,13.444241601986,149.84673430145,1631170439237,8.4
node/3508811767,52.4634493,13.3700853,"{""amenity"": ""post_box"", ""collection_times"": ""Mo-Fr 17:30; Sa 14:45"", ""operator"": ""Deutsche Post"", ""operator:wikidata"": ""Q157645"", ""operator:wikipedia"": ""de:Deutsche Post AG"", ""ref"": ""Alboinstr./Bosestr., 12103 Berlin""}",1363282257576578,images_filtered/postbox_node_3508811767_img_1363282257576578.jpg,52.4632245,13.3700636,333.742,1681133007000,29.6
node/3474267056,52.5414372,13.3897599,"{""amenity"": ""post_box"", ""check_date:collection_times"": ""2024-05-15"", ""collection_times"": ""Mo-Fr 17:00; Sa 12:00"", ""count"": ""2"", ""last_checked"": ""2022-05-08"", ""operator"": ""Deutsche Post"", ""operator:wikidata"": ""Q157645"", ""operator:wikipedia"": ""de:Deutsche Post AG"", ""ref"": ""Wattstr. 13, 13355 Berlin""}",1003867657075970,images_filtered/postbox_node_3474267056_img_1003867657075970.jpg,52.541181100581,13.390102386487,332.73379104961,1587450966639,11.9
node/3508811766,52.4628561,13.3775058,"{""amenity"": ""post_box"", ""check_date:collection_times"": ""2023-12-14"", ""collection_times"": ""Mo-Fr 17:00; Sa 13:30"", ""operator"": ""Deutsche Post"", ""operator:wikidata"": ""Q157645"", ""operator:wikipedia"": ""de:Deutsche Post AG"", ""ref"": ""Bosestr./Manteuffelstr., 12103 Berlin""}",1200411791689468,images_filtered/postbox_node_3508811766_img_1200411791689468.jpg,52.4627243,13.3772256,7.033,1744965234000,45.3
node/3535900430,52.4572405,13.533247,"{""amenity"": ""post_box"", ""collection_times"": ""Mo-Fr 17:00"", ""collection_times:signed"": ""no"", ""operator"": ""PIN Mail"", ""operator:type"": ""private"", ""operator:wikidata"": ""Q1342288""}",127184072986426,images_filtered/postbox_node_3535900430_img_127184072986426.jpg,52.457214715008,13.533144257975,92.016670929557,1631893605631,24.4
node/3592058731,52.5699389,13.3704749,"{""amenity"": ""post_box"", ""check_date"": ""2025-09-16"", ""check_date:collection_times"": ""2025-09-16"", ""collection_times"": ""Mo-Fr 16:00; Sa 12:30"", ""operator"": ""Deutsche Post"", ""operator:wikidata"": ""Q157645"", ""operator:wikipedia"": ""de:Deutsche Post AG"", ""ref"": ""Reginhardstr. 155, 13409 Berlin""}",1170541380216821,images_filtered/postbox_node_3592058731_img_1170541380216821.jpg,52.569986499972,13.3704523,133.1567124625,1668517707000,30.7
node/3592058731,52.5699389,13.3704749,"{""amenity"": ""post_box"", ""check_date"": ""2025-09-16"", ""check_date:collection_times"": ""2025-09-16"", ""collection_times"": ""Mo-Fr 16:00; Sa 12:30"", ""operator"": ""Deutsche Post"", ""operator:wikidata"": ""Q157645"", ""operator:wikipedia"": ""de:Deutsche Post AG"", ""ref"": ""Reginhardstr. 155, 13409 Berlin""}",1421300672814802,images_filtered/postbox_node_3592058731_img_1421300672814802.jpg,52.5700447,13.370357,131.427,1774095997000,14.5
node/3589715114,52.4778222,13.4262854,"{""amenity"": ""post_box"", ""check_date"": ""2026-03-29"", ""check_date:collection_times"": ""2026-03-29"", ""collection_times"": ""Mo-Fr 16:30; Sa 13:00"", ""operator"": ""Deutsche Post"", ""operator:wikidata"": ""Q157645"", ""operator:wikipedia"": ""de:Deutsche Post AG"", ""post_box:apertures"": ""2"", ""post_box:type"": ""lamp"", ""postal_code"": ""12049"", ""ref"": ""Hermannstr./Werbellinstr., 12049 Berlin""}",1017093861108414,images_filtered/postbox_node_3589715114_img_1017093861108414.jpg,52.4776884,13.426467,305.134,1784903014000,15.3
node/3589715114,52.4778222,13.4262854,"{""amenity"": ""post_box"", ""check_date"": ""2026-03-29"", ""check_date:collection_times"": ""2026-03-29"", ""collection_times"": ""Mo-Fr 16:30; Sa 13:00"", ""operator"": ""Deutsche Post"", ""operator:wikidata"": ""Q157645"", ""operator:wikipedia"": ""de:Deutsche Post AG"", ""post_box:apertures"": ""2"", ""post_box:type"": ""lamp"", ""postal_code"": ""12049"", ""ref"": ""Hermannstr./Werbellinstr., 12049 Berlin""}",1071365000355394,images_filtered/postbox_node_3589715114_img_1071365000355394.jpg,52.4775914,13.426259599972,0,1584226898000,3.9
node/3589788447,52.4961462,13.441919,"{""amenity"": ""post_box"", ""check_date"": ""2025-03-13"", ""check_date:collection_times"": ""2025-03-13"", ""collection_times"": ""Mo-Fr 17:00; Sa 14:00"", ""colour"": ""yellow"", ""drive_through"": ""no"", ""material"": ""metal"", ""operator"": ""Deutsche Post"", ""operator:wikidata"": ""Q157645"", ""operator:wikipedia"": ""de:Deutsche Post AG"", ""post_box:apertures"": ""2"", ""ref"": ""Görlitzer Str. 41, 10997 Berlin"", ""support"": ""pole""}",119951276775040,images_filtered/postbox_node_3589788447_img_119951276775040.jpg,52.496093,13.442027,262.3083,1412922821000,46.7
node/3589788447,52.4961462,13.441919,"{""amenity"": ""post_box"", ""check_date"": ""2025-03-13"", ""check_date:collection_times"": ""2025-03-13"", ""collection_times"": ""Mo-Fr 17:00; Sa 14:00"", ""colour"": ""yellow"", ""drive_through"": ""no"", ""material"": ""metal"", ""operator"": ""Deutsche Post"", ""operator:wikidata"": ""Q157645"", ""operator:wikipedia"": ""de:Deutsche Post AG"", ""post_box:apertures"": ""2"", ""ref"": ""Görlitzer Str. 41, 10997 Berlin"", ""support"": ""pole""}",1328728028777971,images_filtered/postbox_node_3589788447_img_1328728028777971.jpg,52.4960418,13.4420096,0,1758036746500,27.8
node/3593728262,52.4959914,13.4730833,"{""amenity"": ""post_box"", ""check_date:collection_times"": ""2024-02-26"", ""collection_times"": ""Mo-Fr 17:30; Sa 12:30"", ""operator"": ""Deutsche Post"", ""operator:wikidata"": ""Q157645"", ""operator:wikipedia"": ""de:Deutsche Post AG"", ""ref"": ""Fischzug, 10245 Berlin""}",1300622928915738,images_filtered/postbox_node_3593728262_img_1300622928915738.jpg,52.4959088,13.4733413,332.459,1781938471000,34.7
node/3593728262,52.4959914,13.4730833,"{""amenity"": ""post_box"", ""check_date:collection_times"": ""2024-02-26"", ""collection_times"": ""Mo-Fr 17:30; Sa 12:30"", ""operator"": ""Deutsche Post"", ""operator:wikidata"": ""Q157645"", ""operator:wikipedia"": ""de:Deutsche Post AG"", ""ref"": ""Fischzug, 10245 Berlin""}",1581815692261792,images_filtered/postbox_node_3593728262_img_1581815692261792.jpg,52.4959289,13.4734713,314.213,1673514607000,29.4
node/3640016805,52.5061751,13.3439923,"{""amenity"": ""post_box"", ""check_date"": ""2022-10-06"", ""check_date:collection_times"": ""2024-06-07"", ""collection_times"": ""Mo-Fr 17:00; Sa 16:15"", ""operator"": ""Deutsche Post"", ""operator:wikidata"": ""Q157645"", ""operator:wikipedia"": ""de:Deutsche Post AG"", ""ref"": ""Budapester Str. 29, 10787 Berlin""}",1075935950169565,images_filtered/postbox_node_3640016805_img_1075935950169565.jpg,52.506310415758,13.344247017298,263.66721674447,1728811072223,34.8
node/3648875856,52.5711256,13.3474101,"{""amenity"": ""post_box"", ""check_date"": ""2024-11-14"", ""collection_times"": ""Mo-Fr 15:30; Sa 11:30"", ""operator"": ""Deutsche Post"", ""operator:wikidata"": ""Q157645"", ""operator:wikipedia"": ""de:Deutsche Post AG"", ""ref"": ""Teichstr. 65, 13407 Berlin""}",1203489640157119,images_filtered/postbox_node_3648875856_img_1203489640157119.jpg,52.571359556217,13.347245715571,185.68500772873,1582980508848,28.8
node/3655776330,52.564385,13.338424,"{""amenity"": ""post_box"", ""check_date"": ""2025-10-22"", ""collection_times"": ""Mo-Fr 15:30; Sa 11:30"", ""operator"": ""Deutsche Post"", ""operator:wikidata"": ""Q157645"", ""operator:wikipedia"": ""de:Deutsche Post AG"", ""ref"": ""Holländerstr. 42, 13407 Berlin""}",1267677173688456,images_filtered/postbox_node_3655776330_img_1267677173688456.jpg,52.56434957,13.33862722,254.87355041504,1403381085000,31.1
node/3655776330,52.564385,13.338424,"{""amenity"": ""post_box"", ""check_date"": ""2025-10-22"", ""collection_times"": ""Mo-Fr 15:30; Sa 11:30"", ""operator"": ""Deutsche Post"", ""operator:wikidata"": ""Q157645"", ""operator:wikipedia"": ""de:Deutsche Post AG"", ""ref"": ""Holländerstr. 42, 13407 Berlin""}",1436529013349694,images_filtered/postbox_node_3655776330_img_1436529013349694.jpg,52.564365,13.338559699972,284.61998173439,1554637242000,1.0
node/3666951540,52.5639881,13.4214521,"{""amenity"": ""post_box"", ""check_date:collection_times"": ""2024-04-19"", ""collection_times"": ""Mo-Fr 16:00; Sa 12:00"", ""drive_through"": ""no"", ""note"": ""Briefzentrum: BZ13 Walter-Kleinow-Ring 8 16761 Hennigsdorf"", ""operator"": ""Deutsche Post"", ""operator:wikidata"": ""Q157645"", ""operator:wikipedia"": ""de:Deutsche Post AG"", ""ref"": ""Neumannstraße 16, 13189 Berlin""}",1000282086261058,images_filtered/postbox_node_3666951540_img_1000282086261058.jpg,52.563942216667,13.42139,355.75491333008,1782329597143,43.7
node/3673039252,52.4802955,13.5009718,"{""amenity"": ""post_box"", ""collection_times"": ""Mo-Fr 17:30; Sa 12:45"", ""operator"": ""Deutsche Post"", ""operator:wikidata"": ""Q157645"", ""operator:wikipedia"": ""de:Deutsche Post AG"", ""ref"": ""Nalepastr. 10-50, 12459 Berlin""}",1375395513645121,images_filtered/postbox_node_3673039252_img_1375395513645121.jpg,52.4805506,13.5011355,195.574,1740566060000,5.8
node/3673269310,52.453034,13.142061,"{""amenity"": ""post_box"", ""collection_times"": ""Mo-Fr 17:00; Sa 12:00"", ""drive_through"": ""no"", ""operator"": ""Deutsche Post"", ""operator:wikidata"": ""Q157645"", ""operator:wikipedia"": ""de:Deutsche Post AG"", ""ref"": ""Sakrower Landstr. 6, 14089 Berlin""}",2928347520745811,images_filtered/postbox_node_3673269310_img_2928347520745811.jpg,52.452956399972,13.1418434,0,1564225277000,59.7
node/3692929281,52.489267,13.3488792,"{""amenity"": ""post_box"", ""check_date:collection_times"": ""2024-04-15"", ""collection_times"": ""Mo-Fr 17:00"", ""operator"": ""PIN Mail"", ""operator:type"": ""private"", ""operator:wikidata"": ""Q1342288"", ""operator:wikipedia"": ""de:PIN Mail""}",1009619481250521,images_filtered/postbox_node_3692929281_img_1009619481250521.jpg,52.489339406651,13.349010106189,173.93867517314,1752247533264,53.8
node/3702016925,52.522696,13.4771453,"{""amenity"": ""post_box"", ""check_date:collection_times"": ""2026-06-21"", ""collection_times"": ""Mo-Fr 17:00; Sa 12:15"", ""operator"": ""Deutsche Post"", ""operator:wikidata"": ""Q157645"", ""operator:wikipedia"": ""de:Deutsche Post AG"", ""ref"": ""Alfred-Jung-Str. 17, 10369 Berlin""}",436815224823689,images_filtered/postbox_node_3702016925_img_436815224823689.jpg,52.522497,13.4772282,0,1637763091000,14.2
node/3718241023,52.5054925,13.5131425,"{""access"": ""yes"", ""addr:floor"": ""0"", ""amenity"": ""post_box"", ""check_date:collection_times"": ""2025-11-23"", ""collection_times"": ""Mo-Fr 16:30; Sa 12:00"", ""covered"": ""no"", ""indoor"": ""no"", ""level"": ""0"", ""material"": ""steel"", ""operator"": ""Deutsche Post"", ""operator:wikidata"": ""Q157645"", ""operator:wikipedia"": ""de:Deutsche Post AG"", ""post_box:type"": ""pillar"", ""ref"": ""Zachertstr. 75, 10315 Berlin"", ""source"": ""survey"", ""support"": ""ground""}",1036408347198159,images_filtered/postbox_node_3718241023_img_1036408347198159.jpg,52.50541799241,13.513384172705,257.03433139197,1630234262095,39.8
node/3760013983,52.5705842,13.2306461,"{""amenity"": ""post_box"", ""collection_times"": ""Mo-Fr 16:30; Sa 12:00"", ""operator"": ""Deutsche Post"", ""operator:wikidata"": ""Q157645"", ""ref"": ""Almazeile 8 A, 13505 Berlin""}",484726356106755,images_filtered/postbox_node_3760013983_img_484726356106755.jpg,52.570550032009,13.230319423613,83.608823410419,1592041203843,3.4
node/3718001378,52.4367919,13.4469109,"{""amenity"": ""post_box"", ""check_date"": ""2026-04-15"", ""check_date:collection_times"": ""2024-02-19"", ""collection_times"": ""Mo-Fr 17:00; Sa 14:00; Su 10:30"", ""operator"": ""Deutsche Post"", ""operator:wikidata"": ""Q157645"", ""operator:wikipedia"": ""de:Deutsche Post AG"", ""ref"": ""Gutschmidtstr. 29-31, 12359 Berlin""}",476054633642426,images_filtered/postbox_node_3718001378_img_476054633642426.jpg,52.43691626,13.446794645833,94.545008,1525003560000,55.8
node/3770386664,52.5230816,13.3221109,"{""amenity"": ""post_box"", ""brand"": ""pin"", ""check_date:collection_times"": ""2025-10-21"", ""collection_times"": ""Mo-Fr 17:00; Sa 14:00"", ""operator"": ""PIN Mail"", ""operator:type"": ""private"", ""operator:wikidata"": ""Q1342288"", ""operator:wikipedia"": ""de:PIN Mail""}",1430833257276440,images_filtered/postbox_node_3770386664_img_1430833257276440.jpg,52.522814318239,13.322028287498,3.644775390625,1562831974444,7.0
node/3770386664,52.5230816,13.3221109,"{""amenity"": ""post_box"", ""brand"": ""pin"", ""check_date:collection_times"": ""2025-10-21"", ""collection_times"": ""Mo-Fr 17:00; Sa 14:00"", ""operator"": ""PIN Mail"", ""operator:type"": ""private"", ""operator:wikidata"": ""Q1342288"", ""operator:wikipedia"": ""de:PIN Mail""}",1592707300918391,images_filtered/postbox_node_3770386664_img_1592707300918391.jpg,52.522990399972,13.3221419,0,1556037054000,11.7
node/3800834558,52.5279311,13.4502352,"{""amenity"": ""post_box"", ""check_date:collection_times"": ""2025-12-15"", ""collection_times"": ""Mo-Fr 17:15; Sa 12:30"", ""drive_through"": ""no"", ""operator"": ""Deutsche Post"", ""operator:wikidata"": ""Q157645"", ""operator:wikipedia"": ""de:Deutsche Post AG"", ""ref"": ""Conrad-Blenkle-Str. 1, 10407 Berlin""}",1073276033166523,images_filtered/postbox_node_3800834558_img_1073276033166523.jpg,52.527996,13.450072,141.0816,1399046853000,17.9
node/3800834558,52.5279311,13.4502352,"{""amenity"": ""post_box"", ""check_date:collection_times"": ""2025-12-15"", ""collection_times"": ""Mo-Fr 17:15; Sa 12:30"", ""drive_through"": ""no"", ""operator"": ""Deutsche Post"", ""operator:wikidata"": ""Q157645"", ""operator:wikipedia"": ""de:Deutsche Post AG"", ""ref"": ""Conrad-Blenkle-Str. 1, 10407 Berlin""}",1078812292527817,images_filtered/postbox_node_3800834558_img_1078812292527817.jpg,52.5278532,13.450161899972,0,1574541620000,29.8
node/3815943454,52.4935212,13.5765513,"{""amenity"": ""post_box"", ""collection_times"": ""Mo-Fr 17:15; Sa 14:15"", ""operator"": ""Deutsche Post"", ""operator:wikidata"": ""Q157645"", ""operator:wikipedia"": ""de:Deutsche Post AG"", ""ref"": ""Chemnitzer Str./Gerdastr., 12621 Berlin""}",3234195183575262,images_filtered/postbox_node_3815943454_img_3234195183575262.jpg,52.493450799972,13.5767143,0,1662791129000,54.6
node/3815943454,52.4935212,13.5765513,"{""amenity"": ""post_box"", ""collection_times"": ""Mo-Fr 17:15; Sa 14:15"", ""operator"": ""Deutsche Post"", ""operator:wikidata"": ""Q157645"", ""operator:wikipedia"": ""de:Deutsche Post AG"", ""ref"": ""Chemnitzer Str./Gerdastr., 12621 Berlin""}",1571904866512933,images_filtered/postbox_node_3815943454_img_1571904866512933.jpg,52.49345,13.576498,0,1644062953000,24.5
node/3814096615,52.5541032,13.345841,"{""amenity"": ""post_box"", ""check_date"": ""2026-02-04"", ""collection_times"": ""Mo-Fr 16:00; Sa 12:00"", ""operator"": ""Deutsche Post"", ""operator:wikidata"": ""Q157645"", ""operator:wikipedia"": ""de:Deutsche Post AG"", ""ref"": ""Müllerstr. 57a, 13349 Berlin""}",144943560981191,images_filtered/postbox_node_3814096615_img_144943560981191.jpg,52.553965099972,13.346085699972,0,1551025034000,47.1
node/3814096615,52.5541032,13.345841,"{""amenity"": ""post_box"", ""check_date"": ""2026-02-04"", ""collection_times"": ""Mo-Fr 16:00; Sa 12:00"", ""operator"": ""Deutsche Post"", ""operator:wikidata"": ""Q157645"", ""operator:wikipedia"": ""de:Deutsche Post AG"", ""ref"": ""Müllerstr. 57a, 13349 Berlin""}",1042444810572057,images_filtered/postbox_node_3814096615_img_1042444810572057.jpg,52.554007382181,13.345824144793,317.39548584924,1724496073454,48.7
node/3814096615,52.5541032,13.345841,"{""amenity"": ""post_box"", ""check_date"": ""2026-02-04"", ""collection_times"": ""Mo-Fr 16:00; Sa 12:00"", ""operator"": ""Deutsche Post"", ""operator:wikidata"": ""Q157645"", ""operator:wikipedia"": ""de:Deutsche Post AG"", ""ref"": ""Müllerstr. 57a, 13349 Berlin""}",1076693527694285,images_filtered/postbox_node_3814096615_img_1076693527694285.jpg,52.553979135167,13.346038134781,272.31092021189,1749296903148,43.7
node/3854591387,52.4983646,13.3954322,"{""amenity"": ""post_box"", ""check_date"": ""2020-08-24"", ""collection_times"": ""Mo-Fr 17:00; Sa 14:00"", ""operator"": ""Deutsche Post"", ""operator:wikidata"": ""Q157645"", ""operator:wikipedia"": ""de:Deutsche Post AG"", ""post_box:type"": ""lamp"", ""postal_code"": ""10969"", ""ref"": ""Gitschiner Str. 110, 10969 Berlin""}",1013357382814574,images_filtered/postbox_node_3854591387_img_1013357382814574.jpg,52.498473166537,13.395757237462,266.73566431811,1587039283288,25.5
node/3883501008,52.4455878,13.4470651,"{""amenity"": ""post_box"", ""check_date"": ""2026-03-28"", ""check_date:collection_times"": ""2026-03-28"", ""collection_times"": ""Mo-Fr 17:00; Sa 14:15"", ""operator"": ""Deutsche Post"", ""operator:wikidata"": ""Q157645"", ""operator:wikipedia"": ""de:Deutsche Post AG"", ""post_box:type"": ""pillar"", ""postal_code"": ""12359"", ""ref"": ""Parchimer Allee 89, 12359 Berlin""}",1331362107243306,images_filtered/postbox_node_3883501008_img_1331362107243306.jpg,52.445783426895,13.447430901444,273.65515136719,1581678062317,44.9
node/3904557227,52.4787349,13.3728977,"{""amenity"": ""post_box"", ""collection_times"": ""Mo-Fr 16:30; Sa 13:45"", ""operator"": ""Deutsche Post"", ""operator:wikidata"": ""Q157645"", ""operator:wikipedia"": ""de:Deutsche Post AG"", ""ref"": ""Wüsthoffstr. (Krankenhaus), 12101 Berlin""}",1111312509338564,images_filtered/postbox_node_3904557227_img_1111312509338564.jpg,52.478908055556,13.372604722222,114.48331960018,1424191336000,19.7
node/3961904589,52.5421239,13.3241191,"{""amenity"": ""post_box"", ""collection_times"": ""Mo-Fr 16:00; Sa 12:00"", ""operator"": ""Deutsche Post"", ""operator:wikidata"": ""Q157645"", ""ref"": ""Saatwinkler Damm 21, 13627 Berlin""}",1024033396831699,images_filtered/postbox_node_3961904589_img_1024033396831699.jpg,52.541957199972,13.324522699972,0,1782406609000,55.8
node/3950037087,52.4371994,13.3761628,"{""amenity"": ""post_box"", ""brand"": ""Deutsche Post"", ""check_date"": ""2024-11-01"", ""collection_times"": ""Mo-Fr 16:00; Sa 13:30"", ""colour"": ""yellow"", ""operator"": ""Deutsche Post"", ""operator:wikidata"": ""Q157645"", ""operator:wikipedia"": ""de:Deutsche Post AG"", ""post_box:apertures"": ""2"", ""post_box:type"": ""lamp"", ""ref"": ""Lankwitzer Str. 16, 12107 Berlin"", ""wheelchair"": ""yes""}",1396668291067343,images_filtered/postbox_node_3950037087_img_1396668291067343.jpg,52.437205300002,13.375968,68.794504165649,1684406814761,24.0
node/4004265256,52.477633,13.6008111,"{""amenity"": ""post_box"", ""collection_times"": ""Mo-Fr 16:30,20:30; Sa 13:30; Su 20:30"", ""operator"": ""Deutsche Post"", ""operator:wikidata"": ""Q157645"", ""ref"": ""Hultschiner Damm 34, 12623 Berlin""}",109367114569656,images_filtered/postbox_node_4004265256_img_109367114569656.jpg,52.477484199972,13.600776099972,0,1562868266000,8.2
node/4004265256,52.477633,13.6008111,"{""amenity"": ""post_box"", ""collection_times"": ""Mo-Fr 16:30,20:30; Sa 13:30; Su 20:30"", ""operator"": ""Deutsche Post"", ""operator:wikidata"": ""Q157645"", ""ref"": ""Hultschiner Damm 34, 12623 Berlin""}",1197564807676410,images_filtered/postbox_node_4004265256_img_1197564807676410.jpg,52.4774997,13.6007163,0,1654433634000,23.4
node/3992224636,52.4578589,13.3931626,"{""amenity"": ""post_box"", ""check_date:collection_times"": ""2018-04-28"", ""collection_times"": ""Mo-Fr 20:00"", ""colour"": ""green"", ""material"": ""metal"", ""operator"": ""PIN Mail"", ""operator:type"": ""private"", ""operator:wikidata"": ""Q1342288"", ""operator:wikipedia"": ""de:PIN Mail"", ""support"": ""ground""}",1367525663822265,images_filtered/postbox_node_3992224636_img_1367525663822265.jpg,52.457952699999,13.393176299998,200.71859884262,1680437235906,15.6
node/3992224636,52.4578589,13.3931626,"{""amenity"": ""post_box"", ""check_date:collection_times"": ""2018-04-28"", ""collection_times"": ""Mo-Fr 20:00"", ""colour"": ""green"", ""material"": ""metal"", ""operator"": ""PIN Mail"", ""operator:type"": ""private"", ""operator:wikidata"": ""Q1342288"", ""operator:wikipedia"": ""de:PIN Mail"", ""support"": ""ground""}",1070967140661331,images_filtered/postbox_node_3992224636_img_1070967140661331.jpg,52.4579586,13.3932036,242.889,1712485064000,48.8
node/4012502947,52.4315151,13.7170343,"{""amenity"": ""post_box"", ""collection_times"": ""Mo-Fr 16:00, Sa 12:45"", ""operator"": ""Deutsche Post"", ""operator:wikidata"": ""Q157645"", ""operator:wikipedia"": ""de:Deutsche Post AG"", ""ref"": ""Fürstenwalder Allee 322, 12589 Berlin""}",145780897501164,images_filtered/postbox_node_4012502947_img_145780897501164.jpg,52.431692014116,13.717084680052,222.87704160497,1455704424144,33.0
node/4013390804,52.5252587,13.6221274,"{""amenity"": ""post_box"", ""check_date:collection_times"": ""2026-04-20"", ""collection_times"": ""Mo-Fr 16:00; Sa 13:15"", ""drive_through"": ""no"", ""operator"": ""Deutsche Post"", ""operator:wikidata"": ""Q157645"", ""operator:wikipedia"": ""de:Deutsche Post AG"", ""ref"": ""Hönower Str. 229, 12623 Berlin""}",170263965021696,images_filtered/postbox_node_4013390804_img_170263965021696.jpg,52.525088935833,13.622260149444,292.31488,1609070973000,42.2
node/4013390804,52.5252587,13.6221274,"{""amenity"": ""post_box"", ""check_date:collection_times"": ""2026-04-20"", ""collection_times"": ""Mo-Fr 16:00; Sa 13:15"", ""drive_through"": ""no"", ""operator"": ""Deutsche Post"", ""operator:wikidata"": ""Q157645"", ""operator:wikipedia"": ""de:Deutsche Post AG"", ""ref"": ""Hönower Str. 229, 12623 Berlin""}",2137522319722115,images_filtered/postbox_node_4013390804_img_2137522319722115.jpg,52.525053731944,13.622432565278,302.48816,1609070970000,15.3
node/4013419647,52.5281737,13.6249103,"{""amenity"": ""post_box"", ""collection_times"": ""Mo-Fr 16:00; Sa 13:45"", ""drive_through"": ""no"", ""operator"": ""Deutsche Post"", ""operator:wikidata"": ""Q157645"", ""operator:wikipedia"": ""de:Deutsche Post AG"", ""ref"": ""Hönower Str. 269, 12623 Berlin""}",1139461360025530,images_filtered/postbox_node_4013419647_img_1139461360025530.jpg,52.5281019,13.6248129,0,1666512764000,39.5
node/4143174687,52.5733984,13.331121,"{""amenity"": ""post_box"", ""collection_times"": ""Mo-Fr 17:00"", ""operator"": ""PIN Mail"", ""operator:type"": ""private"", ""operator:wikidata"": ""Q1342288"", ""operator:wikipedia"": ""de:PIN Mail""}",1007153453855982,images_filtered/postbox_node_4143174687_img_1007153453855982.jpg,52.573142599972,13.331383799972,0,1696241613500,32.0
node/4169263855,52.4555476,13.3842817,"{""amenity"": ""post_box"", ""check_date"": ""2026-05-29"", ""check_date:collection_times"": ""2026-05-29"", ""collection_times"": ""Mo-Fr 16:30; Sa 13:30"", ""colour"": ""yellow"", ""material"": ""metal"", ""note"": ""Position falsch auf https://standorte.deutschepost.de/Standortsuche (Stand 2018-04-29)"", ""operator"": ""Deutsche Post"", ""operator:wikidata"": ""Q157645"", ""operator:wikipedia"": ""de:Deutsche Post AG"", ""ref"": ""Tempelhofer Damm 227, 12099 Berlin"", ""support"": ""ground""}",1012718423504538,images_filtered/postbox_node_4169263855_img_1012718423504538.jpg,52.4557242,13.3839484,172.115,1688903472500,41.1
node/4191632490,52.5497261,13.4140472,"{""access"": ""yes"", ""addr:floor"": ""0"", ""amenity"": ""post_box"", ""check_date"": ""2025-04-19"", ""collection_times"": ""Mo-Fr 20:00"", ""colour"": ""green"", ""covered"": ""no"", ""indoor"": ""no"", ""level"": ""0"", ""material"": ""steel"", ""operator"": ""PIN Mail"", ""operator:type"": ""private"", ""operator:wikidata"": ""Q1342288"", ""post_box:type"": ""pillar"", ""source"": ""survey"", ""support"": ""ground""}",1036857907060528,images_filtered/postbox_node_4191632490_img_1036857907060528.jpg,52.549512,13.4142834,0,1631038004000,33.9
node/4217864424,52.4276604,13.214977,"{""amenity"": ""post_box"", ""brand"": ""pin"", ""check_date"": ""2024-11-20"", ""collection_times"": ""Mo-Fr 20:00; Sa,Su,PH off"", ""colour"": ""#1f8b25"", ""operator"": ""PIN Mail"", ""operator:type"": ""private"", ""operator:wikidata"": ""Q1342288"", ""post_box:type"": ""pillar"", ""ref"": ""Potsdamer Chaussee 33, 14129 Berlin"", ""support"": ""ground""}",1113678659132225,images_filtered/postbox_node_4217864424_img_1113678659132225.jpg,52.427695747222,13.215261083056,253.608944,1488966996000,4.9
node/4208966060,52.4718733,13.4510489,"{""amenity"": ""post_box"", ""check_date"": ""2024-04-15"", ""collection_times"": ""Mo-Fr 16:15; Sa 13:15"", ""colour"": ""yellow"", ""operator"": ""Deutsche Post"", ""operator:wikidata"": ""Q157645"", ""operator:wikipedia"": ""de:Deutsche Post AG"", ""post_box:apertures"": ""2"", ""post_box:type"": ""lamp"", ""ref"": ""Braunschweiger Str./Niemetzstr., 12055 Berlin""}",1079933233792131,images_filtered/postbox_node_4208966060_img_1079933233792131.jpg,52.47182,13.451075,22,1726048792623,38.6
node/4200225464,52.5800586,13.4826719,"{""amenity"": ""post_box"", ""collection_times"": ""Mo-Fr 15:00; Sa 12:30"", ""operator"": ""Deutsche Post"", ""operator:wikidata"": ""Q157645"", ""operator:wikipedia"": ""de:Deutsche Post AG"", ""ref"": ""Dorfstr. 33, 13051 Berlin""}",157636959651924,images_filtered/postbox_node_4200225464_img_157636959651924.jpg,52.579812799972,13.4823892,0,1596365883000,34.9
node/4239455718,52.4453654,13.2345182,"{""amenity"": ""post_box"", ""check_date"": ""2026-07-05"", ""check_date:collection_times"": ""2026-07-05"", ""collection_times"": ""Mo-Fr 16:00; Sa 14:00"", ""operator"": ""Deutsche Post"", ""operator:wikidata"": ""Q157645"", ""operator:wikipedia"": ""de:Deutsche Post AG"", ""ref"": ""Fischerhüttenstr. 121, 14163 Berlin""}",133409332159881,images_filtered/postbox_node_4239455718_img_133409332159881.jpg,52.445234398429,13.234658249215,300.23141479492,1502981815283,26.7
node/4239455718,52.4453654,13.2345182,"{""amenity"": ""post_box"", ""check_date"": ""2026-07-05"", ""check_date:collection_times"": ""2026-07-05"", ""collection_times"": ""Mo-Fr 16:00; Sa 14:00"", ""operator"": ""Deutsche Post"", ""operator:wikidata"": ""Q157645"", ""operator:wikipedia"": ""de:Deutsche Post AG"", ""ref"": ""Fischerhüttenstr. 121, 14163 Berlin""}",214098363580094,images_filtered/postbox_node_4239455718_img_214098363580094.jpg,52.445258981645,13.234585071515,297.85934448242,1502981815871,41.2
node/4239419925,52.4325038,13.2356732,"{""amenity"": ""post_box"", ""collection_times"": ""Mo-Fr 16:00,21:00; Sa 14:00; Su 21:00"", ""last_checked"": ""2016-06-12"", ""operator"": ""Deutsche Post"", ""operator:wikidata"": ""Q157645"", ""operator:wikipedia"": ""de:Deutsche Post AG"", ""ref"": ""Potsdamer Chaussee 8, 14163 Berlin""}",1160151375200238,images_filtered/postbox_node_4239419925_img_1160151375200238.jpg,52.432318299972,13.235250999972,0,1723212792000,54.2
node/4239419925,52.4325038,13.2356732,"{""amenity"": ""post_box"", ""collection_times"": ""Mo-Fr 16:00,21:00; Sa 14:00; Su 21:00"", ""last_checked"": ""2016-06-12"", ""operator"": ""Deutsche Post"", ""operator:wikidata"": ""Q157645"", ""operator:wikipedia"": ""de:Deutsche Post AG"", ""ref"": ""Potsdamer Chaussee 8, 14163 Berlin""}",1098551761475141,images_filtered/postbox_node_4239419925_img_1098551761475141.jpg,52.4324454,13.2359676,250.565,1708419693333,37.5
node/4253124893,52.4459179,13.1728356,"{""amenity"": ""post_box"", ""check_date:collection_times"": ""2023-12-26"", ""collection_times"": ""Mo-Sa 09:00"", ""last_checked"": ""2020-08-08"", ""operator"": ""Deutsche Post"", ""ref"": ""Inselstr. 8, 14129 Berlin""}",298649041914005,images_filtered/postbox_node_4253124893_img_298649041914005.jpg,52.445802777778,13.173094444444,287,1440926725000,19.1
node/4266718139,52.4223077,13.2635481,"{""amenity"": ""post_box"", ""check_date"": ""2026-04-16"", ""collection_times"": ""Mo-Fr 16:00; Sa 13:45"", ""direction"": ""75"", ""operator"": ""Deutsche Post"", ""operator:wikidata"": ""Q157645"", ""operator:wikipedia"": ""de:Deutsche Post AG"", ""ref"": ""Teltower Damm/Leo-Beack-Str., 14169 Berlin""}",1399122438087771,images_filtered/postbox_node_4266718139_img_1399122438087771.jpg,52.422382,13.2634503,164.944,1750850242000,23.7
node/4266744989,52.4094236,13.2671532,"{""amenity"": ""post_box"", ""check_date"": ""2025-09-02"", ""check_date:collection_times"": ""2025-09-02"", ""collection_times"": ""Mo-Fr 16:00; Sa 12:30"", ""operator"": ""Deutsche Post"", ""operator:wikidata"": ""Q157645"", ""operator:wikipedia"": ""de:Deutsche Post AG"", ""ref"": ""Teltower Damm 276, 14167 Berlin""}",498724658350246,images_filtered/postbox_node_4266744989_img_498724658350246.jpg,52.409631888912,13.267282997098,178.38220214844,1644505561336,22.4
node/4355687117,52.4311998,13.358653,"{""amenity"": ""post_box"", ""brand"": ""Deutsche Post"", ""check_date"": ""2024-12-15"", ""collection_times"": ""Mo-Fr 16:30, Sa 13:00"", ""colour"": ""yellow"", ""operator"": ""Deutsche Post"", ""operator:wikidata"": ""Q157645"", ""operator:wikipedia"": ""de:Deutsche Post AG"", ""post_box:type"": ""pillar"", ""ref"": ""Wedellstr. 69, 12249 Berlin"", ""wheelchair"": ""yes""}",1036570250084674,images_filtered/postbox_node_4355687117_img_1036570250084674.jpg,52.431061584444,13.358582490833,358.775936,1521895617000,18.5
node/4355687117,52.4311998,13.358653,"{""amenity"": ""post_box"", ""brand"": ""Deutsche Post"", ""check_date"": ""2024-12-15"", ""collection_times"": ""Mo-Fr 16:30, Sa 13:00"", ""colour"": ""yellow"", ""operator"": ""Deutsche Post"", ""operator:wikidata"": ""Q157645"", ""operator:wikipedia"": ""de:Deutsche Post AG"", ""post_box:type"": ""pillar"", ""ref"": ""Wedellstr. 69, 12249 Berlin"", ""wheelchair"": ""yes""}",500002831257571,images_filtered/postbox_node_4355687117_img_500002831257571.jpg,52.430972149444,13.358598668055,353.329728,1521895615000,14.9
node/4335662635,52.4314793,13.5249329,"{""amenity"": ""post_box"", ""collection_times"": ""Mo-Fr 17:00; Sa 11:45"", ""drive_through"": ""no"", ""operator"": ""Deutsche Post"", ""operator:wikidata"": ""Q157645"", ""operator:wikipedia"": ""de:Deutsche Post AG"", ""ref"": ""Barbara-McClintock-Straße/Johann-Hittorf-Straße, 12489 Berlin""}",484169187874912,images_filtered/postbox_node_4335662635_img_484169187874912.jpg,52.4312349,13.5245449,64.07,1717999391000,20.0
node/4370872063,52.4712355,13.3391507,"{""amenity"": ""post_box"", ""collection_times"": ""Mo-Fr 14:00,16:30; Sa 12:30"", ""colour"": ""yellow"", ""direction"": ""92"", ""operator"": ""Deutsche Post"", ""operator:wikidata"": ""Q157645"", ""operator:wikipedia"": ""de:Deutsche Post AG"", ""post_box:type"": ""lamp"", ""ref"": ""Wielandstr./Hedwigstr., 12159 Berlin""}",1203067731512874,images_filtered/postbox_node_4370872063_img_1203067731512874.jpg,52.4714319,13.3390826,179.361,1747216472000,11.3
node/4494126518,52.5761187,13.3320885,"{""amenity"": ""post_box"", ""collection_times"": ""Mo-Sa 16:00"", ""operator"": ""Deutsche Post"", ""operator:wikidata"": ""Q157645"", ""operator:wikipedia"": ""de:Deutsche Post AG"", ""ref"": ""Ollenhauerstr. 81, 13403 Berlin""}",1566593920345345,images_filtered/postbox_node_4494126518_img_1566593920345345.jpg,52.5759648,13.332158299972,0,1635521512500,15.4
node/4494126518,52.5761187,13.3320885,"{""amenity"": ""post_box"", ""collection_times"": ""Mo-Sa 16:00"", ""operator"": ""Deutsche Post"", ""operator:wikidata"": ""Q157645"", ""operator:wikipedia"": ""de:Deutsche Post AG"", ""ref"": ""Ollenhauerstr. 81, 13403 Berlin""}",1071215503626119,images_filtered/postbox_node_4494126518_img_1071215503626119.jpg,52.576265861329,13.33230824211,190.11961351611,1635513954285,32.1
node/4453598842,52.5497294,13.3869995,"{""amenity"": ""post_box"", ""collection_times"": ""Mo-Fr 15:30,21:45; Sa 12:00; Su 09:00,21:45"", ""operator"": ""Deutsche Post"", ""operator:wikidata"": ""Q157645"", ""operator:wikipedia"": ""de:Deutsche Post AG"", ""ref"": ""Badstr. 5, 13357 Berlin""}",1592759134869439,images_filtered/postbox_node_4453598842_img_1592759134869439.jpg,52.549883,13.387097,157.92344093323,1705397009134,43.2
node/4453598843,52.5497427,13.3870146,"{""amenity"": ""post_box"", ""check_date:collection_times"": ""2025-11-22"", ""collection_times"": ""Mo-Fr 20:00"", ""operator"": ""PIN Mail"", ""operator:type"": ""private"", ""operator:wikidata"": ""Q1342288""}",1592759134869439,images_filtered/postbox_node_4453598843_img_1592759134869439.jpg,52.549883,13.387097,157.92344093323,1705397009134,41.7
node/4580255487,52.4615638,13.3097025,"{""amenity"": ""post_box"", ""collection_times"": ""Mo-Fr 15:00; Sa 13:00"", ""operator"": ""Deutsche Post"", ""operator:wikidata"": ""Q157645"", ""operator:wikipedia"": ""de:Deutsche Post AG"", ""ref"": ""Rückertstr. 12, 12163 Berlin""}",302471118146239,images_filtered/postbox_node_4580255487_img_302471118146239.jpg,52.461608333333,13.309338888889,82,1584887502000,19.4
node/4564918314,52.4213422,13.7235587,"{""amenity"": ""post_box"", ""collection_times"": ""Mo-Fr 17:00; Sa 12:15"", ""operator"": ""Deutsche Post"", ""operator:wikidata"": ""Q157645"", ""ref"": ""Im Haselwinkel/Kanalstr., 12589 Berlin""}",1337638120138610,images_filtered/postbox_node_4564918314_img_1337638120138610.jpg,52.4211219,13.723697899972,0,1681112215000,21.1
node/4623540964,52.4189748,13.5923113,"{""amenity"": ""post_box"", ""brand"": ""Deutsche Post"", ""collection_times"": ""Sa 12:30; Mo-Fr 15:00"", ""operator"": ""Deutsche Post"", ""operator:wikidata"": ""Q157645"", ""operator:wikipedia"": ""de:Deutsche Post AG"", ""postal_code"": ""12557"", ""ref"": ""Zum Langen See 29, 12557 Berlin""}",1078332503067396,images_filtered/postbox_node_4623540964_img_1078332503067396.jpg,52.418854099972,13.592333999972,0,1656245529000,6.5
node/4681589473,52.4527882,13.4329251,"{""amenity"": ""post_box"", ""check_date"": ""2020-06-24"", ""check_date:collection_times"": ""2024-03-26"", ""collection_times"": ""Mo-Fr 15:15,17:15; Sa 14:45"", ""operator"": ""Deutsche Post"", ""operator:wikidata"": ""Q157645"", ""operator:wikipedia"": ""de:Deutsche Post AG"", ""post_box:type"": ""lamp"", ""postal_code"": ""12347"", ""ref"": ""Tempelhofer Weg/Gradestr. , 12347 Berlin""}",1410627195965669,images_filtered/postbox_node_4681589473_img_1410627195965669.jpg,52.452637899972,13.432622099972,0,1622379686000,50.9
node/4681589472,52.4541458,13.4383504,"{""amenity"": ""post_box"", ""check_date"": ""2026-03-10"", ""check_date:collection_times"": ""2026-03-10"", ""collection_times"": ""Mo-Fr 17:15; Sa 15:30"", ""operator"": ""Deutsche Post"", ""operator:wikidata"": ""Q157645"", ""operator:wikipedia"": ""de:Deutsche Post AG"", ""post_box:apertures"": ""1"", ""post_box:type"": ""pillar"", ""ref"": ""Britzer Damm 99, 12347 Berlin"", ""support"": ""ground""}",1005140630045064,images_filtered/postbox_node_4681589472_img_1005140630045064.jpg,52.453939699972,13.438243999972,354.91040992583,1637168873000,22.6
node/4700272999,52.4426937,13.296866,"{""amenity"": ""post_box"", ""check_date:collection_times"": ""2025-11-29"", ""collection_times"": ""Mo-Fr 18:00; Sa 13:00"", ""operator"": ""PIN AG""}",1043607234365484,images_filtered/postbox_node_4700272999_img_1043607234365484.jpg,52.4425589,13.2971701,326.628,1748114846500,20.6
node/4776889132,52.5284875,13.3361406,"{""amenity"": ""post_box"", ""check_date:collection_times"": ""2026-06-01"", ""collection_times"": ""Mo-Fr 17:15; Sa 12:00"", ""operator"": ""Deutsche Post"", ""operator:wikidata"": ""Q157645"", ""operator:wikipedia"": ""de:Deutsche Post AG"", ""ref"": ""Waldenser Str. 29, 10551 Berlin""}",305108001202840,images_filtered/postbox_node_4776889132_img_305108001202840.jpg,52.528690457546,13.335907228773,196.91882324219,1578835711227,51.9
node/4786019248,52.5204367,13.4788473,"{""amenity"": ""post_box"", ""check_date:collection_times"": ""2025-04-05"", ""collection_times"": ""Mo-Fr 17:00; Sa 12:15"", ""operator"": ""Deutsche Post"", ""operator:wikidata"": ""Q157645"", ""operator:wikipedia"": ""de:Deutsche Post AG"", ""ref"": ""Scheffelstr. 2, 10367 Berlin""}",106554921526520,images_filtered/postbox_node_4786019248_img_106554921526520.jpg,52.520366488074,13.478653421638,88.348454384134,1618324928564,29.1
node/4786019248,52.5204367,13.4788473,"{""amenity"": ""post_box"", ""check_date:collection_times"": ""2025-04-05"", ""collection_times"": ""Mo-Fr 17:00; Sa 12:15"", ""operator"": ""Deutsche Post"", ""operator:wikidata"": ""Q157645"", ""operator:wikipedia"": ""de:Deutsche Post AG"", ""ref"": ""Scheffelstr. 2, 10367 Berlin""}",1032811964323962,images_filtered/postbox_node_4786019248_img_1032811964323962.jpg,52.5203366,13.4789893,0,1642590653000,40.8
node/4832561152,52.5726625,13.4188975,"{""amenity"": ""post_box"", ""check_date:collection_times"": ""2025-01-19"", ""collection_times"": ""Mo-Fr 16:00; Sa 12:00"", ""drive_through"": ""no"", ""operator"": ""Deutsche Post"", ""operator:wikidata"": ""Q157645"", ""operator:wikipedia"": ""de:Deutsche Post AG"", ""ref"": ""Damerowstr. 56, 13187 Berlin""}",1060266573015574,images_filtered/postbox_node_4832561152_img_1060266573015574.jpg,52.572586999972,13.418842599972,0,1785938989000,23.8
node/4832561152,52.5726625,13.4188975,"{""amenity"": ""post_box"", ""check_date:collection_times"": ""2025-01-19"", ""collection_times"": ""Mo-Fr 16:00; Sa 12:00"", ""drive_through"": ""no"", ""operator"": ""Deutsche Post"", ""operator:wikidata"": ""Q157645"", ""operator:wikipedia"": ""de:Deutsche Post AG"", ""ref"": ""Damerowstr. 56, 13187 Berlin""}",1058933239977634,images_filtered/postbox_node_4832561152_img_1058933239977634.jpg,52.5725758,13.418777199972,0,1785938988500,40.1
node/4894531942,52.4284728,13.5846686,"{""amenity"": ""post_box"", ""check_date"": ""2017"", ""collection_times"": ""Mo-Fr 15:00; Sa 12:15"", ""mapillary"": ""383680382867147"", ""operator"": ""Deutsche Post"", ""operator:wikidata"": ""Q157645"", ""operator:wikipedia"": ""de:Deutsche Post AG"", ""post_box:type"": ""lamp"", ""postal_code"": ""12557"", ""ref"": ""Wendenschloßstraße 324, 12557 Berlin""}",2792630280989826,images_filtered/postbox_node_4894531942_img_2792630280989826.jpg,52.428561729533,13.584701683738,163.80480957031,1548314642864,29.0
node/5148605302,52.6254285,13.2955087,"{""amenity"": ""post_box"", ""collection_times"": ""Mo-Fr 17:00; Sa 13:00"", ""drive_through"": ""no"", ""operator"": ""Deutsche Post"", ""operator:wikidata"": ""Q157645"", ""ref"": ""Kurhausstr. 30, 13465 Berlin""}",1539951106485878,images_filtered/postbox_node_5148605302_img_1539951106485878.jpg,52.6253718,13.2956274,327.322,1656508532000,19.1
node/5180478760,52.4246776,13.4331281,"{""amenity"": ""post_box"", ""check_date"": ""2021-05-25"", ""check_date:collection_times"": ""2023-11-07"", ""collection_times"": ""Mo-Fr 16:45; Sa 13:15"", ""operator"": ""Deutsche Post"", ""operator:wikidata"": ""Q157645"", ""operator:wikipedia"": ""de:Deutsche Post AG"", ""post_box:apertures"": ""2"", ""post_box:type"": ""lamp"", ""postal_code"": ""12349"", ""ref"": ""Leonberger Ring/Rufacher Weg, 12349 Berlin"", ""support"": ""pole""}",209642080743477,images_filtered/postbox_node_5180478760_img_209642080743477.jpg,52.424427673826,13.43268769021,76.303100585938,1504176292735,29.2
node/5231256421,52.6174191,13.3063924,"{""amenity"": ""post_box"", ""collection_times"": ""Mo-Fr 17:00,22:15; Sa 13:00; Su 09:30,22:15"", ""operator"": ""Deutsche Post"", ""operator:wikidata"": ""Q157645"", ""operator:wikipedia"": ""de:Deutsche Post AG"", ""ref"": ""Heinsestr. 32-36, 13467 Berlin""}",1133175817314554,images_filtered/postbox_node_5231256421_img_1133175817314554.jpg,52.617349699972,13.3064744,330.48393415774,1668515175000,6.1
node/5231256421,52.6174191,13.3063924,"{""amenity"": ""post_box"", ""collection_times"": ""Mo-Fr 17:00,22:15; Sa 13:00; Su 09:30,22:15"", ""operator"": ""Deutsche Post"", ""operator:wikidata"": ""Q157645"", ""operator:wikipedia"": ""de:Deutsche Post AG"", ""ref"": ""Heinsestr. 32-36, 13467 Berlin""}",198177792027599,images_filtered/postbox_node_5231256421_img_198177792027599.jpg,52.617520079997,13.306238343952,150.7774180037,1599830698507,13.6
node/5313520983,52.4045147,13.3824726,"{""amenity"": ""post_box"", ""collection_times"": ""Mo-Fr 20:00"", ""operator"": ""PIN AG""}",964768122112325,images_filtered/postbox_node_5313520983_img_964768122112325.jpg,52.4045543,13.3823096,145.937,1743939988000,34.2
node/5313520983,52.4045147,13.3824726,"{""amenity"": ""post_box"", ""collection_times"": ""Mo-Fr 20:00"", ""operator"": ""PIN AG""}",1422094652135459,images_filtered/postbox_node_5313520983_img_1422094652135459.jpg,52.4045956,13.3822974,144.021,1748116630000,16.9
node/5514542303,52.5020725,13.3461457,"{""amenity"": ""post_box"", ""check_date:collection_times"": ""2024-11-23"", ""collection_times"": ""Mo-Fr 19:00"", ""operator"": ""PIN AG""}",155855163075501,images_filtered/postbox_node_5514542303_img_155855163075501.jpg,52.502227693884,13.345976865689,202.06523163707,1493149673000,55.6
node/5583212044,52.4559747,13.3615956,"{""amenity"": ""post_box"", ""collection_times"": ""Mo-Fr 17:15; Sa 14:30"", ""colour"": ""yellow"", ""material"": ""metal"", ""operator"": ""Deutsche Post"", ""operator:wikidata"": ""Q157645"", ""operator:wikipedia"": ""de:Deutsche Post AG"", ""ref"": ""Arnulfstr. 116, 12105 Berlin"", ""support"": ""wall_mounted""}",1238465946590697,images_filtered/postbox_node_5583212044_img_1238465946590697.jpg,52.455902444167,13.361406437778,107.143384,1588933339000,49.2
node/5604618403,52.4176851,13.5803928,"{""amenity"": ""post_box"", ""collection_times"": ""Mo-Fr 17:00"", ""operator"": ""Pin AG""}",391801455267334,images_filtered/postbox_node_5604618403_img_391801455267334.jpg,52.417553599972,13.5803723,0,1551017925000,5.4
node/5604533962,52.6387297,13.4909104,"{""amenity"": ""post_box"", ""collection_times"": ""Mo-Fr 16:00; Sa 11:15"", ""operator"": ""Deutsche Post"", ""operator:wikidata"": ""Q157645"", ""ref"": ""Wiltbergstr. 50, 13125 Berlin""}",1031210091026413,images_filtered/postbox_node_5604533962_img_1031210091026413.jpg,52.638501599972,13.490660599972,0,1632650657000,33.6
node/5759472121,52.4995429,13.3193927,"{""amenity"": ""post_box"", ""collection_times"": ""Tu,Fr 20:00"", ""description"": ""Postsammelkasten nur für Gerichts- und Behördenpost durch Rechtsanwälte, Notare, Steuerberater und Ärzte zu nutzen!"", ""drive_through"": ""no"", ""operator"": ""Der Justizbote""}",140836241819304,images_filtered/postbox_node_5759472121_img_140836241819304.jpg,52.499295699972,13.3191059,0,1650915681000,35.2
node/5739108267,52.4729344,13.3210496,"{""amenity"": ""post_box"", ""check_date"": ""2026-03-05"", ""check_date:collection_times"": ""2026-03-05"", ""collection_times"": ""Mo-Fr 16:15; Sa 12:45"", ""operator"": ""Deutsche Post"", ""operator:wikidata"": ""Q157645"", ""operator:wikipedia"": ""de:Deutsche Post AG"", ""ref"": ""Südwestkorso 16, 12161 Berlin""}",1085605307276394,images_filtered/postbox_node_5739108267_img_1085605307276394.jpg,52.472754399972,13.320973399972,0,1788599969500,14.5
node/5739108267,52.4729344,13.3210496,"{""amenity"": ""post_box"", ""check_date"": ""2026-03-05"", ""check_date:collection_times"": ""2026-03-05"", ""collection_times"": ""Mo-Fr 16:15; Sa 12:45"", ""operator"": ""Deutsche Post"", ""operator:wikidata"": ""Q157645"", ""operator:wikipedia"": ""de:Deutsche Post AG"", ""ref"": ""Südwestkorso 16, 12161 Berlin""}",129586279198438,images_filtered/postbox_node_5739108267_img_129586279198438.jpg,52.472716666667,13.321133333333,35,1440684105000,48.2
node/5739108267,52.4729344,13.3210496,"{""amenity"": ""post_box"", ""check_date"": ""2026-03-05"", ""check_date:collection_times"": ""2026-03-05"", ""collection_times"": ""Mo-Fr 16:15; Sa 12:45"", ""operator"": ""Deutsche Post"", ""operator:wikidata"": ""Q157645"", ""operator:wikipedia"": ""de:Deutsche Post AG"", ""ref"": ""Südwestkorso 16, 12161 Berlin""}",1102755860215551,images_filtered/postbox_node_5739108267_img_1102755860215551.jpg,52.472727777778,13.321038888889,316,1609586178000,45.8
node/5849376612,52.4706187,13.5655682,"{""amenity"": ""post_box"", ""collection_times"": ""Mo-Fr 14:00,16:45, Sa 12:15"", ""operator"": ""Deutsche Post"", ""operator:wikidata"": ""Q157645"", ""operator:wikipedia"": ""de:Deutsche Post AG"", ""ref"": ""Köpenicker Str. 325, 12555 Berlin""}",1191630048957365,images_filtered/postbox_node_5849376612_img_1191630048957365.jpg,52.4708594,13.5655136,179.414,1747733160000,7.3
node/5853525690,52.5448548,13.2245311,"{""access"": ""yes"", ""amenity"": ""post_box"", ""collection_times"": ""Mo-Fr 17:00; Sa 13:00"", ""covered"": ""no"", ""drive_through"": ""no"", ""indoor"": ""no"", ""operator"": ""Deutsche Post"", ""operator:wikidata"": ""Q157645"", ""operator:wikipedia"": ""de:Deutsche Post AG"", ""ref"": ""Romy-Schneider-Str. 1, 13599 Berlin"", ""wheelchair"": ""yes""}",1493648155364439,images_filtered/postbox_node_5853525690_img_1493648155364439.jpg,52.544823,13.2247189,325.44,1722508068500,39.9
node/5853525690,52.5448548,13.2245311,"{""access"": ""yes"", ""amenity"": ""post_box"", ""collection_times"": ""Mo-Fr 17:00; Sa 13:00"", ""covered"": ""no"", ""drive_through"": ""no"", ""indoor"": ""no"", ""operator"": ""Deutsche Post"", ""operator:wikidata"": ""Q157645"", ""operator:wikipedia"": ""de:Deutsche Post AG"", ""ref"": ""Romy-Schneider-Str. 1, 13599 Berlin"", ""wheelchair"": ""yes""}",1043360090724705,images_filtered/postbox_node_5853525690_img_1043360090724705.jpg,52.5448328,13.2247078,339.728,1722508069000,58.2
node/5894991190,52.5091399,13.2884049,"{""amenity"": ""post_box"", ""check_date:collection_times"": ""2025-09-09"", ""collection_times"": ""Mo-Fr 16:00; Sa 12:30"", ""operator"": ""Deutsche Post"", ""operator:wikidata"": ""Q157645"", ""operator:wikipedia"": ""de:Deutsche Post AG"", ""ref"": ""Wundtstr. 40-44, 14057 Berlin""}",7646647488751402,images_filtered/postbox_node_5894991190_img_7646647488751402.jpg,52.508903874747,13.288001155354,57.30758050605,1717864313500,11.2
node/5894991190,52.5091399,13.2884049,"{""amenity"": ""post_box"", ""check_date:collection_times"": ""2025-09-09"", ""collection_times"": ""Mo-Fr 16:00; Sa 12:30"", ""operator"": ""Deutsche Post"", ""operator:wikidata"": ""Q157645"", ""operator:wikipedia"": ""de:Deutsche Post AG"", ""ref"": ""Wundtstr. 40-44, 14057 Berlin""}",431782276405307,images_filtered/postbox_node_5894991190_img_431782276405307.jpg,52.508925433805,13.288083870438,78.394162788691,1717864314300,36.1
node/6255852697,52.4250003,13.5746688,"{""amenity"": ""post_box"", ""brand"": ""Deutsche Post"", ""check_date"": ""2024-04-18"", ""collection_times"": ""Sa 12:30; Mo-Fr 16:00"", ""operator"": ""Deutsche Post"", ""operator:wikidata"": ""Q157645"", ""operator:wikipedia"": ""de:Deutsche Post AG"", ""post_box:apertures"": ""2"", ""post_box:type"": ""lamp"", ""postal_code"": ""12527"", ""ref"": ""Regattastr. 36, 12527 Berlin""}",1097305424445293,images_filtered/postbox_node_6255852697_img_1097305424445293.jpg,52.424832,13.575033299972,0,1641639245000,52.9
node/6255852697,52.4250003,13.5746688,"{""amenity"": ""post_box"", ""brand"": ""Deutsche Post"", ""check_date"": ""2024-04-18"", ""collection_times"": ""Sa 12:30; Mo-Fr 16:00"", ""operator"": ""Deutsche Post"", ""operator:wikidata"": ""Q157645"", ""operator:wikipedia"": ""de:Deutsche Post AG"", ""post_box:apertures"": ""2"", ""post_box:type"": ""lamp"", ""postal_code"": ""12527"", ""ref"": ""Regattastr. 36, 12527 Berlin""}",1253654346267969,images_filtered/postbox_node_6255852697_img_1253654346267969.jpg,52.4249315,13.5749556,335.894,1751442112000,44.4
node/6318164364,52.4550482,13.5176009,"{""amenity"": ""post_box"", ""collection_times"": ""Mo-Fr 15:30; Sa 12:45"", ""operator"": ""Deutsche Post"", ""operator:wikidata"": ""Q157645"", ""operator:wikipedia"": ""de:Deutsche Post AG"", ""ref"": ""Fennstr. 9-11, 12439 Berlin""}",182824813721772,images_filtered/postbox_node_6318164364_img_182824813721772.jpg,52.4548531,13.517464699972,0,1560085596000,23.0
node/6318164364,52.4550482,13.5176009,"{""amenity"": ""post_box"", ""collection_times"": ""Mo-Fr 15:30; Sa 12:45"", ""operator"": ""Deutsche Post"", ""operator:wikidata"": ""Q157645"", ""operator:wikipedia"": ""de:Deutsche Post AG"", ""ref"": ""Fennstr. 9-11, 12439 Berlin""}",2890246041192524,images_filtered/postbox_node_6318164364_img_2890246041192524.jpg,52.454970199972,13.5174838,0,1560085598000,42.5
node/6356179486,52.5107107,13.2207926,"{""amenity"": ""post_box"", ""collection_times"": ""Mo-Fr 17:15,21:00; Sa 14:30; Su 21:00"", ""operator"": ""Deutsche Post"", ""operator:wikidata"": ""Q157645"", ""operator:wikipedia"": ""de:Deutsche Post AG"", ""ref"": ""Glockenturmstr. 30, 14055 Berlin""}",1069431378320341,images_filtered/postbox_node_6356179486_img_1069431378320341.jpg,52.5106347,13.2208069,321,1738742022681,32.5
node/6385896264,52.5415293,13.196845,"{""amenity"": ""post_box"", ""collection_times"": ""Mo-Fr 16:00; Sa 13:00"", ""operator"": ""Deutsche Post"", ""operator:wikidata"": ""Q157645"", ""operator:wikipedia"": ""de:Deutsche Post AG"", ""ref"": ""Flankenschanze 44, 13585 Berlin""}",1282928283761113,images_filtered/postbox_node_6385896264_img_1282928283761113.jpg,52.5413828,13.1972681,334.729,1774269676000,35.1
node/6418501568,52.5054413,13.3215536,"{""amenity"": ""post_box"", ""check_date"": ""2025-02-22"", ""check_date:collection_times"": ""2025-02-22"", ""collection_times"": ""Mo-Fr 17:00; Sa 16:45"", ""note"": ""Nachtbriefkasten"", ""operator"": ""Deutsche Post"", ""operator:wikidata"": ""Q157645"", ""operator:wikipedia"": ""de:Deutsche Post AG"", ""ref"": ""Savignyplatz 12, 10623 Berlin""}",1055550790003534,images_filtered/postbox_node_6418501568_img_1055550790003534.jpg,52.505219199972,13.3216824,0,1749830483000,19.4
node/6418501568,52.5054413,13.3215536,"{""amenity"": ""post_box"", ""check_date"": ""2025-02-22"", ""check_date:collection_times"": ""2025-02-22"", ""collection_times"": ""Mo-Fr 17:00; Sa 16:45"", ""note"": ""Nachtbriefkasten"", ""operator"": ""Deutsche Post"", ""operator:wikidata"": ""Q157645"", ""operator:wikipedia"": ""de:Deutsche Post AG"", ""ref"": ""Savignyplatz 12, 10623 Berlin""}",1282509296820181,images_filtered/postbox_node_6418501568_img_1282509296820181.jpg,52.5053612,13.3216806,0,1749830478500,44.0
node/6418054534,52.521023,13.5881165,"{""access"": ""yes"", ""amenity"": ""post_box"", ""collection_times"": ""Mo-Fr 18:00"", ""covered"": ""no"", ""drive_through"": ""no"", ""indoor"": ""no"", ""material"": ""metal"", ""operator"": ""PIN Mail"", ""operator:type"": ""private"", ""operator:wikidata"": ""Q1342288"", ""operator:wikipedia"": ""de:PIN Mail"", ""post_box:type"": ""pillar"", ""source"": ""survey"", ""wheelchair"": ""yes""}",132385812605888,images_filtered/postbox_node_6418054534_img_132385812605888.jpg,52.520826,13.588144,0,1644063781000,4.9
node/5849376613,52.4706186,13.5655304,"{""amenity"": ""post_box"", ""collection_times"": ""Mo-Fr 18:00"", ""operator"": ""PIN Mail"", ""operator:type"": ""private"", ""operator:wikidata"": ""Q1342288"", ""operator:wikipedia"": ""de:PIN Mail""}",1191630048957365,images_filtered/postbox_node_5849376613_img_1191630048957365.jpg,52.4708594,13.5655136,179.414,1747733160000,1.8
node/6460921177,52.4510281,13.5095458,"{""amenity"": ""post_box"", ""collection_times"": ""Mo-Fr 20:00"", ""operator"": ""PIN Mail"", ""operator:type"": ""private"", ""operator:wikidata"": ""Q1342288"", ""operator:wikipedia"": ""de:PIN Mail""}",1057730976141927,images_filtered/postbox_node_6460921177_img_1057730976141927.jpg,52.451134,13.50913,95,1754986015352,17.7
node/6536110291,52.4514712,13.3349109,"{""amenity"": ""post_box"", ""check_date:collection_times"": ""2026-09-14"", ""collection_times"": ""Mo-Fr 16:45; Sa 13:15"", ""operator"": ""Deutsche Post"", ""operator:wikidata"": ""Q157645"", ""operator:wikipedia"": ""de:Deutsche Post AG"", ""ref"": ""Albrechtstr./Sedanstr., 12167 Berlin""}",1096225975701282,images_filtered/postbox_node_6536110291_img_1096225975701282.jpg,52.4512811,13.3353028,291.219,1750937001000,17.3
node/6540660463,52.5152627,13.2878519,"{""amenity"": ""post_box"", ""collection_times"": ""Mo-Fr 15:30; Sa 12:30"", ""operator"": ""Deutsche Post"", ""operator:wikidata"": ""Q157645"", ""operator:wikipedia"": ""de:Deutsche Post AG"", ""ref"": ""Sophie-Charlotten-Str. 89, 14059 Berlin""}",1016667635531301,images_filtered/postbox_node_6540660463_img_1016667635531301.jpg,52.515139399967,13.287910100029,333.28394563379,1565458017000,10.7
node/6721203263,52.5235922,13.1693747,"{""amenity"": ""post_box"", ""collection_times"": ""Mo-Fr 15:45; Sa 12:00"", ""operator"": ""Deutsche Post"", ""operator:wikidata"": ""Q157645"", ""operator:wikipedia"": ""de:Deutsche Post AG"", ""ref"": ""Maulbeerallee 17/21, 13593 Berlin""}",1271159987997223,images_filtered/postbox_node_6721203263_img_1271159987997223.jpg,52.5236645,13.1696013,290.429,1751701345000,48.1
node/6766853188,52.5534151,13.3598641,"{""amenity"": ""post_box"", ""check_date:collection_times"": ""2026-07-16"", ""collection_times"": ""Mo-Fr 18:00"", ""operator"": ""Pin AG""}",484315631416379,images_filtered/postbox_node_6766853188_img_484315631416379.jpg,52.5535011,13.35968,93.192,1739966030000,34.3
node/6769979835,52.45325,13.5749419,"{""amenity"": ""post_box"", ""collection_times"": ""Mo-Fr 18:00"", ""operator"": ""PIN Mail"", ""operator:type"": ""private"", ""operator:wikidata"": ""Q1342288"", ""operator:wikipedia"": ""de:PIN Mail""}",1014775762892026,images_filtered/postbox_node_6769979835_img_1014775762892026.jpg,52.453223699999,13.5748795,75.910252571106,1695188997574,20.6
node/6874021829,52.4331045,13.3595523,"{""amenity"": ""post_box"", ""collection_times"": ""Mo-Fr 18:00"", ""operator"": ""PIN Mail"", ""operator:type"": ""private"", ""operator:wikidata"": ""Q1342288"", ""operator:wikipedia"": ""de:PIN Mail""}",836364144204253,images_filtered/postbox_node_6874021829_img_836364144204253.jpg,52.4329243,13.3591738,0,1662294468000,52.0
node/6878091294,52.5210034,13.1968316,"{""amenity"": ""post_box"", ""collection_times"": ""Mo-Fr 14:00,15:30,21:15; Sa 12:00; Su 21:15"", ""operator"": ""Deutsche Post"", ""operator:wikidata"": ""Q157645"", ""operator:wikipedia"": ""de:Deutsche Post AG"", ""ref"": ""Adamstr. 48, 13595 Berlin""}",1218746961916837,images_filtered/postbox_node_6878091294_img_1218746961916837.jpg,52.5210889,13.1966446,74.429462312986,1624465599007,52.5
node/7088915592,52.5587826,13.4892578,"{""amenity"": ""post_box"", ""collection_times"": ""Mo-Fr 13:45; Sa 11:30"", ""operator"": ""Deutsche Post"", ""operator:wikidata"": ""Q157645"", ""operator:wikipedia"": ""de:Deutsche Post AG"", ""ref"": ""Straße 251 7, 13088 Berlin""}",291391116290703,images_filtered/postbox_node_7088915592_img_291391116290703.jpg,52.558529499972,13.4893747,0,1640863132500,15.7
node/7088773686,52.5738431,13.4974388,"{""amenity"": ""post_box"", ""collection_times"": ""Mo-Fr 16:00; Sa 12:00"", ""operator"": ""Deutsche Post"", ""operator:wikidata"": ""Q157645"", ""ref"": ""Zingster Str. 74, 13051 Berlin""}",333285148140811,images_filtered/postbox_node_7088773686_img_333285148140811.jpg,52.573806443301,13.497556876404,331.15421440181,1591455113624,34.1
node/7088773686,52.5738431,13.4974388,"{""amenity"": ""post_box"", ""collection_times"": ""Mo-Fr 16:00; Sa 12:00"", ""operator"": ""Deutsche Post"", ""operator:wikidata"": ""Q157645"", ""ref"": ""Zingster Str. 74, 13051 Berlin""}",463280134738876,images_filtered/postbox_node_7088773686_img_463280134738876.jpg,52.573781842415,13.497579172266,326.85399532845,1591455112631,21.2
node/7088773686,52.5738431,13.4974388,"{""amenity"": ""post_box"", ""collection_times"": ""Mo-Fr 16:00; Sa 12:00"", ""operator"": ""Deutsche Post"", ""operator:wikidata"": ""Q157645"", ""ref"": ""Zingster Str. 74, 13051 Berlin""}",216547376662002,images_filtered/postbox_node_7088773686_img_216547376662002.jpg,52.5736336,13.4977274,0,1591462336000,39.9
node/7090419585,52.5705947,13.4672378,"{""amenity"": ""post_box"", ""collection_times"": ""Mo-Fr 13:15; Sa 11:00"", ""operator"": ""Deutsche Post"", ""operator:wikidata"": ""Q157645"", ""operator:wikipedia"": ""de:Deutsche Post AG"", ""ref"": ""Ortnitstr. 80, 13088 Berlin""}",1033284830803389,images_filtered/postbox_node_7090419585_img_1033284830803389.jpg,52.570726890166,13.467636248109,272.30208775458,1633070868183,30.9
node/7089190985,52.5504943,13.4420063,"{""amenity"": ""post_box"", ""collection_times"": ""Mo-Fr 15:30; Sa 10:00"", ""operator"": ""Deutsche Post"", ""operator:wikidata"": ""Q157645"", ""operator:wikipedia"": ""de:Deutsche Post AG"", ""ref"": ""Roelckestr. 171, 13086 Berlin""}",101703432533936,images_filtered/postbox_node_7089190985_img_101703432533936.jpg,52.550528179903,13.442081836996,211.62980961542,1652165257221,22.0
node/7090481885,52.5668394,13.5520076,"{""amenity"": ""post_box"", ""collection_times"": ""Mo-Fr 15:15; Sa 14:00"", ""operator"": ""Deutsche Post"", ""operator:wikidata"": ""Q157645"", ""operator:wikipedia"": ""de:Deutsche Post AG"", ""ref"": ""Dessauer Str./Bernburger Str., 12689 Berlin""}",1564099883955018,images_filtered/postbox_node_7090481885_img_1564099883955018.jpg,52.5667144,13.551794599972,0,1640165164000,46.0
node/7090478788,52.5693537,13.5600867,"{""amenity"": ""post_box"", ""collection_times"": ""Mo-Fr 15:15,17:45, Sa 13:15"", ""operator"": ""Deutsche Post"", ""operator:wikidata"": ""Q157645"", ""operator:wikipedia"": ""de:Deutsche Post AG"", ""ref"": ""Geraer Ring 54, 12689 Berlin""}",4179758385378602,images_filtered/postbox_node_7090478788_img_4179758385378602.jpg,52.569226399972,13.560185799972,-1,1578225952000,24.3
node/7090478788,52.5693537,13.5600867,"{""amenity"": ""post_box"", ""collection_times"": ""Mo-Fr 15:15,17:45, Sa 13:15"", ""operator"": ""Deutsche Post"", ""operator:wikidata"": ""Q157645"", ""operator:wikipedia"": ""de:Deutsche Post AG"", ""ref"": ""Geraer Ring 54, 12689 Berlin""}",979568432787434,images_filtered/postbox_node_7090478788_img_979568432787434.jpg,52.569087199972,13.559725399972,-1,1578225945000,40.5
node/7090478788,52.5693537,13.5600867,"{""amenity"": ""post_box"", ""collection_times"": ""Mo-Fr 15:15,17:45, Sa 13:15"", ""operator"": ""Deutsche Post"", ""operator:wikidata"": ""Q157645"", ""operator:wikipedia"": ""de:Deutsche Post AG"", ""ref"": ""Geraer Ring 54, 12689 Berlin""}",1105215836640059,images_filtered/postbox_node_7090478788_img_1105215836640059.jpg,52.5691514,13.559940499972,-1,1578225948000,24.7
node/7090668185,52.5383017,13.5675143,"{""amenity"": ""post_box"", ""check_date:collection_times"": ""2025-03-30"", ""collection_times"": ""Mo-Fr 14:45; Sa 14:15"", ""operator"": ""Deutsche Post"", ""operator:wikidata"": ""Q157645"", ""operator:wikipedia"": ""de:Deutsche Post AG"", ""ref"": ""Kienbergstr. 64, 12685 Berlin""}",1207310597725117,images_filtered/postbox_node_7090668185_img_1207310597725117.jpg,52.5383887,13.5672647,99.336,1743585225000,20.5
node/7090640485,52.5503501,13.5729992,"{""amenity"": ""post_box"", ""collection_times"": ""Mo-Fr 15:45,16:30; Sa 14:00"", ""operator"": ""Deutsche Post"", ""operator:wikidata"": ""Q157645"", ""operator:wikipedia"": ""de:Deutsche Post AG"", ""ref"": ""Blumberger Damm/Hohensaatener Str., 12687 Berlin""}",1203474720814196,images_filtered/postbox_node_7090640485_img_1203474720814196.jpg,52.5501226,13.572858099972,0,1714989334500,20.7
node/7090435586,52.5581942,13.50208,"{""amenity"": ""post_box"", ""collection_times"": ""Mo-Fr 14:00; Sa 11:15"", ""operator"": ""Deutsche Post"", ""operator:wikidata"": ""Q157645"", ""operator:wikipedia"": ""de:Deutsche Post AG"", ""ref"": ""Privatstr. 5 1, 13053 Berlin""}",1110098296752921,images_filtered/postbox_node_7090435586_img_1110098296752921.jpg,52.558275866371,13.501774398623,169.3284413329,1720163474416,55.6
node/7090435586,52.5581942,13.50208,"{""amenity"": ""post_box"", ""collection_times"": ""Mo-Fr 14:00; Sa 11:15"", ""operator"": ""Deutsche Post"", ""operator:wikidata"": ""Q157645"", ""operator:wikipedia"": ""de:Deutsche Post AG"", ""ref"": ""Privatstr. 5 1, 13053 Berlin""}",1159645661454746,images_filtered/postbox_node_7090435586_img_1159645661454746.jpg,52.558284374003,13.501817481605,165.91407445382,1652422158208,46.4
node/7090910685,52.5300397,13.4609743,"{""amenity"": ""post_box"", ""check_date:collection_times"": ""2024-07-30"", ""collection_times"": ""Mo-Fr 17:00; Sa 12:15"", ""operator"": ""Deutsche Post"", ""operator:wikidata"": ""Q157645"", ""operator:wikipedia"": ""de:Deutsche Post AG"", ""ref"": ""Oderbruchstr. 7, 10407 Berlin""}",1007359279984212,images_filtered/postbox_node_7090910685_img_1007359279984212.jpg,52.529795,13.461079899972,0,1651302234000,14.7
node/7124205186,52.5061622,13.5470019,"{""amenity"": ""post_box"", ""collection_times"": ""Mo-Fr 16:00; Sa 13:00"", ""operator"": ""Deutsche Post"", ""operator:wikidata"": ""Q157645"", ""operator:wikipedia"": ""de:Deutsche Post AG"", ""ref"": ""Budsiner Str./Lötschberg Str., 12683 Berlin""}",939734036743503,images_filtered/postbox_node_7124205186_img_939734036743503.jpg,52.506055,13.547099,0,1645880229000,28.9
node/7092898085,52.555506,13.5197288,"{""amenity"": ""post_box"", ""collection_times"": ""Mo-Fr 17:00; Sa 12:00"", ""operator"": ""Deutsche Post"", ""operator:wikidata"": ""Q157645"", ""operator:wikipedia"": ""de:Deutsche Post AG"", ""ref"": ""Christianstr. 8, 13053 Berlin""}",1116365812217201,images_filtered/postbox_node_7092898085_img_1116365812217201.jpg,52.555645122242,13.5196103342,138.65524376209,1598511061227,14.0
node/7092898085,52.555506,13.5197288,"{""amenity"": ""post_box"", ""collection_times"": ""Mo-Fr 17:00; Sa 12:00"", ""operator"": ""Deutsche Post"", ""operator:wikidata"": ""Q157645"", ""operator:wikipedia"": ""de:Deutsche Post AG"", ""ref"": ""Christianstr. 8, 13053 Berlin""}",170582781651936,images_filtered/postbox_node_7092898085_img_170582781651936.jpg,52.555774203551,13.519362732781,128.00756193021,1598511058228,12.3
node/7124170986,52.5078565,13.4971201,"{""amenity"": ""post_box"", ""check_date:collection_times"": ""2024-08-23"", ""collection_times"": ""Mo-Fr 18:00"", ""operator"": ""PIN Mail"", ""operator:type"": ""private"", ""operator:wikidata"": ""Q1342288""}",1433483300325533,images_filtered/postbox_node_7124170986_img_1433483300325533.jpg,52.50781060667,13.497109031317,21.3955078125,1512219612649,13.0
node/7124286486,52.512433,13.621067,"{""amenity"": ""post_box"", ""collection_times"": ""Mo-Fr 17:00; Sa 13:45"", ""operator"": ""Deutsche Post"", ""operator:wikidata"": ""Q157645"", ""ref"": ""Donizettistr. 45, 12623 Berlin""}",2085371168311666,images_filtered/postbox_node_7124286486_img_2085371168311666.jpg,52.512186399972,13.621011499972,0,1650013691000,7.8
node/7124275786,52.4943879,13.6111172,"{""amenity"": ""post_box"", ""collection_times"": ""Mo-Fr 16:45; Sa 14:00"", ""operator"": ""Deutsche Post"", ""operator:wikidata"": ""Q157645"", ""operator:wikipedia"": ""de:Deutsche Post AG"", ""ref"": ""Ledebourstr. 3, 12623 Berlin""}",332694091682007,images_filtered/postbox_node_7124275786_img_332694091682007.jpg,52.494348799972,13.611076699972,0,1560080678000,32.2
node/7124275786,52.4943879,13.6111172,"{""amenity"": ""post_box"", ""collection_times"": ""Mo-Fr 16:45; Sa 14:00"", ""operator"": ""Deutsche Post"", ""operator:wikidata"": ""Q157645"", ""operator:wikipedia"": ""de:Deutsche Post AG"", ""ref"": ""Ledebourstr. 3, 12623 Berlin""}",1640991332763438,images_filtered/postbox_node_7124275786_img_1640991332763438.jpg,52.494320899972,13.611269899972,0,1560080680000,54.2
node/7124467587,52.5405603,13.5865811,"{""amenity"": ""post_box"", ""collection_times"": ""Mo-Fr 15:45; Sa 13:30"", ""operator"": ""Deutsche Post"", ""operator:wikidata"": ""Q157645"", ""operator:wikipedia"": ""de:Deutsche Post AG"", ""ref"": ""Fercher Str. 22, 12629 Berlin""}",377508217887870,images_filtered/postbox_node_7124467587_img_377508217887870.jpg,52.5404562,13.586458699972,0,1660024118000,35.6
node/7124418386,52.545112,13.5919083,"{""amenity"": ""post_box"", ""check_date:collection_times"": ""2025-11-12"", ""collection_times"": ""Mo-Fr 16:15; Sa 13:00"", ""operator"": ""Deutsche Post"", ""operator:wikidata"": ""Q157645"", ""operator:wikipedia"": ""de:Deutsche Post AG"", ""ref"": ""Zossener Str./Alte Hellersdorfer Str., 12629 Berlin""}",1161237107689935,images_filtered/postbox_node_7124418386_img_1161237107689935.jpg,52.545021311429,13.592049675075,268.04078828626,1628339245920,48.5
node/7124505388,52.5580933,13.5747343,"{""amenity"": ""post_box"", ""collection_times"": ""Mo-Fr 16:30, Sa 13:30"", ""operator"": ""Deutsche Post"", ""operator:wikidata"": ""Q157645"", ""operator:wikipedia"": ""de:Deutsche Post AG"", ""ref"": ""Sitzendorfer Str./Blumberger Damm, 12687 Berlin""}",974498796810365,images_filtered/postbox_node_7124505388_img_974498796810365.jpg,52.557900799972,13.5748248,0,1645346292000,16.0
node/7124505388,52.5580933,13.5747343,"{""amenity"": ""post_box"", ""collection_times"": ""Mo-Fr 16:30, Sa 13:30"", ""operator"": ""Deutsche Post"", ""operator:wikidata"": ""Q157645"", ""operator:wikipedia"": ""de:Deutsche Post AG"", ""ref"": ""Sitzendorfer Str./Blumberger Damm, 12687 Berlin""}",455333812904035,images_filtered/postbox_node_7124505388_img_455333812904035.jpg,52.5579679,13.5748379,0,1641725684000,26.7
node/7124654785,52.5265858,13.5669299,"{""amenity"": ""post_box"", ""collection_times"": ""Mo-Fr 17:00; Sa 14:00"", ""operator"": ""Deutsche Post"", ""operator:wikidata"": ""Q157645"", ""operator:wikipedia"": ""de:Deutsche Post AG"", ""ref"": ""Blumberger Damm 8, 12683 Berlin""}",1130896824444248,images_filtered/postbox_node_7124654785_img_1130896824444248.jpg,52.526321799972,13.5669093,0,1659077683000,2.7
node/7125608485,52.4866834,13.6042204,"{""amenity"": ""post_box"", ""collection_times"": ""Mo-Fr 16:15; Sa 14:00"", ""operator"": ""Deutsche Post"", ""operator:wikidata"": ""Q157645"", ""operator:wikipedia"": ""de:Deutsche Post AG"", ""ref"": ""Hultschiner Damm 129, 12623 Berlin""}",130125875799919,images_filtered/postbox_node_7125608485_img_130125875799919.jpg,52.486688,13.604287,293.1494,1467974380427,29.6
node/7125615486,52.4768627,13.6003638,"{""amenity"": ""post_box"", ""collection_times"": ""Mo-Fr 17:00"", ""operator"": ""PIN Mail"", ""operator:type"": ""private"", ""operator:wikidata"": ""Q1342288""}",1322486705902793,images_filtered/postbox_node_7125615486_img_1322486705902793.jpg,52.4769801,13.6006924,188.774,1751993310000,50.8
node/7125610785,52.4890875,13.5992905,"{""amenity"": ""post_box"", ""collection_times"": ""Mo-Fr 16:00; Sa 13:15"", ""note"": ""Straßenname am Briefkasten geschrieben als \""Weizgründer \"""", ""operator"": ""Deutsche Post"", ""operator:wikidata"": ""Q157645"", ""operator:wikipedia"": ""de:Deutsche Post AG"", ""ref"": ""Mannheimer Str./Weitzgründer Str., 12623 Berlin""}",3351272668420286,images_filtered/postbox_node_7125610785_img_3351272668420286.jpg,52.4888374,13.5989193,0,1686637933000,42.1
node/7125627087,52.4746648,13.608852,"{""amenity"": ""post_box"", ""collection_times"": ""Mo-Fr 16:00; Sa 13:30"", ""operator"": ""Deutsche Post"", ""operator:wikidata"": ""Q157645"", ""ref"": ""Mirower Str./Begastr., 12623 Berlin""}",5530173787045203,images_filtered/postbox_node_7125627087_img_5530173787045203.jpg,52.474434,13.6087123,0,1656846839000,20.2
node/7185001708,52.5029391,13.3279864,"{""amenity"": ""post_box"", ""check_date:collection_times"": ""2024-08-30"", ""collection_times"": ""Mo-Fr 18:00"", ""operator"": ""PIN Mail"", ""operator:type"": ""private"", ""operator:wikidata"": ""Q1342288"", ""operator:wikipedia"": ""de:PIN Mail"", ""postal_code"": ""10719""}",1003055567104564,images_filtered/postbox_node_7185001708_img_1003055567104564.jpg,52.502942690675,13.3277401887,68.343078613281,1505572973641,23.0
node/7195131285,52.5172361,13.5554104,"{""amenity"": ""post_box"", ""check_date"": ""2020-11-01"", ""collection_times"": ""Mo-Fr 17:15; Sa 12:15"", ""operator"": ""Deutsche Post"", ""operator:wikidata"": ""Q157645"", ""operator:wikipedia"": ""de:Deutsche Post AG"", ""ref"": ""Oberfeldstr. 178, 12683 Berlin""}",1263269467815213,images_filtered/postbox_node_7195131285_img_1263269467815213.jpg,52.5170321,13.555254899972,0,1658038750000,24.9
node/7195202987,52.5292876,13.5919467,"{""amenity"": ""post_box"", ""collection_times"": ""Mo-Fr 18:00"", ""operator"": ""PIN Mail"", ""operator:type"": ""private"", ""operator:wikidata"": ""Q1342288"", ""operator:wikipedia"": ""de:PIN Mail""}",1237700103671516,images_filtered/postbox_node_7195202987_img_1237700103671516.jpg,52.529192299972,13.5920924,0,1659256971000,42.9
node/7195202987,52.5292876,13.5919467,"{""amenity"": ""post_box"", ""collection_times"": ""Mo-Fr 18:00"", ""operator"": ""PIN Mail"", ""operator:type"": ""private"", ""operator:wikidata"": ""Q1342288"", ""operator:wikipedia"": ""de:PIN Mail""}",138574648249869,images_filtered/postbox_node_7195202987_img_138574648249869.jpg,52.529319268746,13.592116969863,293.34185791016,1549963225307,40.3
node/7195324285,52.5139573,13.6165846,"{""amenity"": ""post_box"", ""collection_times"": ""Mo-Fr 14:45; Sa 14:00"", ""operator"": ""Deutsche Post"", ""operator:wikidata"": ""Q157645"", ""operator:wikipedia"": ""de:Deutsche Post AG"", ""ref"": ""Florastr. 1, 12623 Berlin""}",246855270887888,images_filtered/postbox_node_7195324285_img_246855270887888.jpg,52.5138042,13.616770999972,0,1640683800000,36.5
node/7196882685,52.4745756,13.5719998,"{""amenity"": ""post_box"", ""collection_times"": ""Mo-Fr 16:30; Sa 12:15"", ""operator"": ""Deutsche Post"", ""operator:wikidata"": ""Q157645"", ""ref"": ""Hoppendorfer Str./Mühltaler Str., 12555 Berlin""}",1798810710456743,images_filtered/postbox_node_7196882685_img_1798810710456743.jpg,52.4744875,13.571954299972,0,1659251551000,17.5
node/7195310785,52.5193878,13.61657,"{""amenity"": ""post_box"", ""collection_times"": ""Mo-Fr 16:00; Sa 14:00"", ""operator"": ""Deutsche Post"", ""operator:wikidata"": ""Q157645"", ""ref"": ""Hönower Str. 167, 12623 Berlin""}",1179705049287920,images_filtered/postbox_node_7195310785_img_1179705049287920.jpg,52.5193237,13.616565899972,0,1667636023000,2.2
node/7195310785,52.5193878,13.61657,"{""amenity"": ""post_box"", ""collection_times"": ""Mo-Fr 16:00; Sa 14:00"", ""operator"": ""Deutsche Post"", ""operator:wikidata"": ""Q157645"", ""ref"": ""Hönower Str. 167, 12623 Berlin""}",828571018188204,images_filtered/postbox_node_7195310785_img_828571018188204.jpg,52.519278499972,13.6166297,0,1667636017000,18.4
node/7197575085,52.4156011,13.4710848,"{""amenity"": ""post_box"", ""collection_times"": ""Mo-Fr 15:30; Sa 14:15"", ""operator"": ""Deutsche Post"", ""operator:wikidata"": ""Q157645"", ""operator:wikipedia"": ""de:Deutsche Post AG"", ""ref"": ""Straße 231 Nr. 121, 12355 Berlin""}",1032164031560863,images_filtered/postbox_node_7197575085_img_1032164031560863.jpg,52.415412899972,13.470706099972,0,1726412062000,50.8
node/7197720592,52.4297464,13.4534703,"{""amenity"": ""post_box"", ""check_date"": ""2024-10-08"", ""check_date:collection_times"": ""2024-10-08"", ""collection_times"": ""Mo-Fr 17:15; Sa 13:00"", ""colour"": ""yellow"", ""material"": ""metal"", ""note"": ""Briefkasten ist von der Straßenseite nicht zu sehen!"", ""operator"": ""Deutsche Post"", ""operator:wikidata"": ""Q157645"", ""operator:wikipedia"": ""de:Deutsche Post AG"", ""post_box:type"": ""wall"", ""postal_code"": ""12351"", ""ref"": ""Johannisthaler Chaussee 326 D, 12351 Berlin""}",1397838524484884,images_filtered/postbox_node_7197720592_img_1397838524484884.jpg,52.4295244,13.4534781,52.223,1701081488000,53.5
node/7298566985,52.4748523,13.5590874,"{""amenity"": ""post_box"", ""collection_times"": ""Mo-Fr 16:15; Sa 13:30"", ""operator"": ""Deutsche Post"", ""operator:wikidata"": ""Q157645"", ""ref"": ""Köpenicker Str. 302, 12683 Berlin""}",1363215244034755,images_filtered/postbox_node_7298566985_img_1363215244034755.jpg,52.4746767,13.559288699972,3.5667061420672,1568807947000,38.5
node/7298675687,52.4488964,13.6243304,"{""amenity"": ""post_box"", ""collection_times"": ""Mo-Fr 16:15; Sa 12:30"", ""operator"": ""Deutsche Post"", ""operator:wikidata"": ""Q157645"", ""operator:wikipedia"": ""de:Deutsche Post AG"", ""ref"": ""Bölschestr. 124, 12587 Berlin""}",145610217574898,images_filtered/postbox_node_7298675687_img_145610217574898.jpg,52.448767937132,13.62444269626,290.84757828712,1434131159372,41.1
node/7298675687,52.4488964,13.6243304,"{""amenity"": ""post_box"", ""collection_times"": ""Mo-Fr 16:15; Sa 12:30"", ""operator"": ""Deutsche Post"", ""operator:wikidata"": ""Q157645"", ""operator:wikipedia"": ""de:Deutsche Post AG"", ""ref"": ""Bölschestr. 124, 12587 Berlin""}",1858803494272519,images_filtered/postbox_node_7298675687_img_1858803494272519.jpg,52.448763343762,13.62444294943,305.66697001457,1434131156080,27.1
node/7298697685,52.4538442,13.6325068,"{""amenity"": ""post_box"", ""collection_times"": ""Mo-Fr 17:30; Sa 13:15"", ""operator"": ""Deutsche Post"", ""operator:wikidata"": ""Q157645"", ""operator:wikipedia"": ""de:Deutsche Post AG"", ""ref"": ""Breestpromenade 32, 12587 Berlin""}",1154552178339200,images_filtered/postbox_node_7298697685_img_1154552178339200.jpg,52.453665333333,13.63245435,359.2529269526,1588406073850,10.9
node/7298697685,52.4538442,13.6325068,"{""amenity"": ""post_box"", ""collection_times"": ""Mo-Fr 17:30; Sa 13:15"", ""operator"": ""Deutsche Post"", ""operator:wikidata"": ""Q157645"", ""operator:wikipedia"": ""de:Deutsche Post AG"", ""ref"": ""Breestpromenade 32, 12587 Berlin""}",1155782934921371,images_filtered/postbox_node_7298697685_img_1155782934921371.jpg,52.453636359259,13.632415041121,0.70516967773438,1620472479135,14.4
node/7298697685,52.4538442,13.6325068,"{""amenity"": ""post_box"", ""collection_times"": ""Mo-Fr 17:30; Sa 13:15"", ""operator"": ""Deutsche Post"", ""operator:wikidata"": ""Q157645"", ""operator:wikipedia"": ""de:Deutsche Post AG"", ""ref"": ""Breestpromenade 32, 12587 Berlin""}",1144849406689105,images_filtered/postbox_node_7298697685_img_1144849406689105.jpg,52.453961,13.63266,228.00952863693,1710314233224,9.4
node/7298682085,52.4472719,13.6241495,"{""amenity"": ""post_box"", ""check_date:collection_times"": ""2026-05-03"", ""collection_times"": ""Mo-Fr 17:15; Sa 13:00"", ""operator"": ""Deutsche Post"", ""operator:wikidata"": ""Q157645"", ""operator:wikipedia"": ""de:Deutsche Post AG"", ""ref"": ""Bölschestr. 136, 12587 Berlin""}",1031691741872029,images_filtered/postbox_node_7298682085_img_1031691741872029.jpg,52.447407,13.624422,257,1722346525113,26.1
node/7298682085,52.4472719,13.6241495,"{""amenity"": ""post_box"", ""check_date:collection_times"": ""2026-05-03"", ""collection_times"": ""Mo-Fr 17:15; Sa 13:00"", ""operator"": ""Deutsche Post"", ""operator:wikidata"": ""Q157645"", ""operator:wikipedia"": ""de:Deutsche Post AG"", ""ref"": ""Bölschestr. 136, 12587 Berlin""}",1020832346482658,images_filtered/postbox_node_7298682085_img_1020832346482658.jpg,52.447394,13.624438,292,1730719541865,56.8
node/7299284085,52.3796486,13.6235195,"{""amenity"": ""post_box"", ""check_date:collection_times"": ""2025-07-15"", ""collection_times"": ""Mo-Fr 17:15; Sa 12:45"", ""operator"": ""Deutsche Post"", ""operator:wikidata"": ""Q157645"", ""operator:wikipedia"": ""de:Deutsche Post AG"", ""ref"": ""Waldstr. 107, 12527 Berlin""}",1397502234028311,images_filtered/postbox_node_7299284085_img_1397502234028311.jpg,52.3795237,13.623672799972,0,1650703666000,36.8
node/7352595887,52.4537823,13.4516739,"{""amenity"": ""post_box"", ""check_date"": ""2026-08-10"", ""check_date:collection_times"": ""2026-08-10"", ""collection_times"": ""Mo-Fr 17:15; Sa 14:30"", ""colour"": ""yellow"", ""drive_through"": ""no"", ""material"": ""metal"", ""operator"": ""Deutsche Post"", ""operator:wikidata"": ""Q157645"", ""operator:wikipedia"": ""de:Deutsche Post AG"", ""post_box:apertures"": ""2"", ""ref"": ""Leidener Str./Buschkrugallee, 12359 Berlin"", ""support"": ""pole""}",1160068495965613,images_filtered/postbox_node_7352595887_img_1160068495965613.jpg,52.4538515,13.4520584,247.721,1758459073000,5.8
node/7299540786,52.4552668,13.5144676,"{""amenity"": ""post_box"", ""check_date:collection_times"": ""2025-01-29"", ""collection_times"": ""Mo-Fr 15:45; Sa 11:00"", ""operator"": ""Deutsche Post"", ""operator:wikidata"": ""Q157645"", ""operator:wikipedia"": ""de:Deutsche Post AG"", ""ref"": ""Hasselwerder Str. 3, 12439 Berlin""}",1140395927161977,images_filtered/postbox_node_7299540786_img_1140395927161977.jpg,52.455154,13.514057,108,1739268735246,42.3
node/7299540786,52.4552668,13.5144676,"{""amenity"": ""post_box"", ""check_date:collection_times"": ""2025-01-29"", ""collection_times"": ""Mo-Fr 15:45; Sa 11:00"", ""operator"": ""Deutsche Post"", ""operator:wikidata"": ""Q157645"", ""operator:wikipedia"": ""de:Deutsche Post AG"", ""ref"": ""Hasselwerder Str. 3, 12439 Berlin""}",1300140730387498,images_filtered/postbox_node_7299540786_img_1300140730387498.jpg,52.4552071,13.5143588,0,1596199154000,48.0
node/7299540786,52.4552668,13.5144676,"{""amenity"": ""post_box"", ""check_date:collection_times"": ""2025-01-29"", ""collection_times"": ""Mo-Fr 15:45; Sa 11:00"", ""operator"": ""Deutsche Post"", ""operator:wikidata"": ""Q157645"", ""operator:wikipedia"": ""de:Deutsche Post AG"", ""ref"": ""Hasselwerder Str. 3, 12439 Berlin""}",1188320651920931,images_filtered/postbox_node_7299540786_img_1188320651920931.jpg,52.4551805,13.5142385,0,1654876013588,58.3
node/7438355339,52.4816333,13.316715,"{""amenity"": ""post_box"", ""collection_times"": ""Mo-Fr"", ""operator"": ""PIN Mail"", ""operator:type"": ""private"", ""operator:wikidata"": ""Q1342288"", ""operator:wikipedia"": ""de:PIN Mail""}",1099657264686314,images_filtered/postbox_node_7438355339_img_1099657264686314.jpg,52.4815551,13.3170694,275.051,1707301354000,14.9
node/7572647285,52.4266818,13.4694055,"{""amenity"": ""post_box"", ""collection_times"": ""Mo-Fr 17:15; Sa 13:00"", ""operator"": ""Deutsche Post"", ""operator:wikidata"": ""Q157645"", ""operator:wikipedia"": ""de:Deutsche Post AG"", ""ref"": ""Fritz-Erler-Allee 114-116, 12351 Berlin""}",903355715953024,images_filtered/postbox_node_7572647285_img_903355715953024.jpg,52.4267505,13.4694128,134.361,1772371841000,49.3
node/7572742385,52.4148819,13.4944275,"{""amenity"": ""post_box"", ""check_date"": ""2020-09-12"", ""collection_times"": ""Mo-Fr 20:00"", ""colour"": ""green"", ""operator"": ""PIN Mail"", ""operator:type"": ""private"", ""operator:wikidata"": ""Q1342288"", ""operator:wikipedia"": ""de:PIN Mail"", ""post_box:apertures"": ""1"", ""post_box:type"": ""pillar""}",211639411586705,images_filtered/postbox_node_7572742385_img_211639411586705.jpg,52.414776799972,13.4943451,0,1682757109000,25.6
node/7572942185,52.4027184,13.5425051,"{""amenity"": ""post_box"", ""collection_times"": ""Mo-Fr 16:45, Sa 11:45"", ""operator"": ""Deutsche Post"", ""operator:wikidata"": ""Q157645"", ""operator:wikipedia"": ""de:Deutsche Post AG"", ""post_box:type"": ""pillar"", ""ref"": ""Coloniaallee 23, 12524 Berlin""}",527263098654335,images_filtered/postbox_node_7572942185_img_527263098654335.jpg,52.402465809981,13.542217869944,2,1580989291000,32.8
node/7572499685,52.4521885,13.4491411,"{""amenity"": ""post_box"", ""check_date"": ""2024-10-16"", ""check_date:collection_times"": ""2024-10-16"", ""collection_times"": ""Mo-Fr 18:00"", ""colour"": ""green"", ""operator"": ""PIN Mail"", ""operator:type"": ""private"", ""operator:wikidata"": ""Q1342288"", ""operator:wikipedia"": ""de:PIN Mail"", ""post_box:type"": ""pillar""}",1095979294233230,images_filtered/postbox_node_7572499685_img_1095979294233230.jpg,52.45237386,13.44876765,92.05899553345,1403289634000,37.1
node/7572499685,52.4521885,13.4491411,"{""amenity"": ""post_box"", ""check_date"": ""2024-10-16"", ""check_date:collection_times"": ""2024-10-16"", ""collection_times"": ""Mo-Fr 18:00"", ""colour"": ""green"", ""operator"": ""PIN Mail"", ""operator:type"": ""private"", ""operator:wikidata"": ""Q1342288"", ""operator:wikipedia"": ""de:PIN Mail"", ""post_box:type"": ""pillar""}",1079828266889876,images_filtered/postbox_node_7572499685_img_1079828266889876.jpg,52.4523657,13.4489265,89.402,1727611630000,54.2
node/7526832834,52.5529681,13.4146283,"{""amenity"": ""post_box"", ""check_date:collection_times"": ""2022-09-30"", ""collection_times"": ""Mo-Fr 17:00"", ""collection_times:signed"": ""no"", ""operator"": ""Pin AG""}",1004163990266827,images_filtered/postbox_node_7526832834_img_1004163990266827.jpg,52.552700699999,13.414447194719,0,1655046783885,22.4
node/7526832834,52.5529681,13.4146283,"{""amenity"": ""post_box"", ""check_date:collection_times"": ""2022-09-30"", ""collection_times"": ""Mo-Fr 17:00"", ""collection_times:signed"": ""no"", ""operator"": ""Pin AG""}",1001938164590737,images_filtered/postbox_node_7526832834_img_1001938164590737.jpg,52.5527657,13.414691499972,0,1691833742500,10.8
node/7574573086,52.4531135,13.456254,"{""amenity"": ""post_box"", ""check_date"": ""2024-09-14"", ""check_date:collection_times"": ""2024-09-14"", ""collection_times"": ""Mo-Fr 17:00"", ""operator"": ""PIN Mail"", ""operator:type"": ""private"", ""operator:wikidata"": ""Q1342288"", ""operator:wikipedia"": ""de:PIN Mail"", ""post_box:type"": ""pillar"", ""postal_code"": ""12359""}",1092963461355463,images_filtered/postbox_node_7574573086_img_1092963461355463.jpg,52.4531063,13.456149699972,64.77795449434,1665910643000,18.8
node/7574573086,52.4531135,13.456254,"{""amenity"": ""post_box"", ""check_date"": ""2024-09-14"", ""check_date:collection_times"": ""2024-09-14"", ""collection_times"": ""Mo-Fr 17:00"", ""operator"": ""PIN Mail"", ""operator:type"": ""private"", ""operator:wikidata"": ""Q1342288"", ""operator:wikipedia"": ""de:PIN Mail"", ""post_box:type"": ""pillar"", ""postal_code"": ""12359""}",1426302098417596,images_filtered/postbox_node_7574573086_img_1426302098417596.jpg,52.4533145,13.4564039,255.458,1752075246000,51.0
node/7575408886,52.4239282,13.4218389,"{""amenity"": ""post_box"", ""check_date"": ""2021-05-25"", ""collection_times"": ""Mo-Fr 16:45; Sa 13:15"", ""operator"": ""Deutsche Post"", ""operator:wikidata"": ""Q157645"", ""operator:wikipedia"": ""de:Deutsche Post AG"", ""post_box:apertures"": ""1"", ""post_box:type"": ""pillar"", ""postal_code"": ""12349"", ""ref"": ""Breitunger Weg/Bienwaldring, 12349 Berlin"", ""support"": ""ground""}",1361995162774558,images_filtered/postbox_node_7575408886_img_1361995162774558.jpg,52.4238418,13.422236,310.297,1778338065000,20.7
node/7575702985,52.4298342,13.4547136,"{""amenity"": ""post_box"", ""collection_times"": ""Mo-Fr 14:45,16:45; Sa 13:45"", ""operator"": ""Deutsche Post"", ""operator:wikidata"": ""Q157645"", ""operator:wikipedia"": ""de:Deutsche Post AG"", ""ref"": ""Johannisthaler Chaussee 317, 12351 Berlin""}",1017587709349599,images_filtered/postbox_node_7575702985_img_1017587709349599.jpg,52.4298147,13.4544487,53.955,1700322046000,29.2
node/7577097986,52.4458459,13.5156243,"{""amenity"": ""post_box"", ""operator"": ""PIN Mail"", ""operator:type"": ""private"", ""operator:wikidata"": ""Q1342288"", ""operator:wikipedia"": ""de:PIN Mail""}",1136862510150326,images_filtered/postbox_node_7577097986_img_1136862510150326.jpg,52.4456597,13.5158424,0,1552201938000,35.5
node/7617721885,52.6077087,13.427412,"{""amenity"": ""post_box"", ""collection_times"": ""Mo-Fr 20:00"", ""operator"": ""PIN Mail"", ""operator:type"": ""private"", ""operator:wikidata"": ""Q1342288""}",128478396133562,images_filtered/postbox_node_7617721885_img_128478396133562.jpg,52.6075809,13.427550399972,0,1627405040500,33.3
node/7617721885,52.6077087,13.427412,"{""amenity"": ""post_box"", ""collection_times"": ""Mo-Fr 20:00"", ""operator"": ""PIN Mail"", ""operator:type"": ""private"", ""operator:wikidata"": ""Q1342288""}",1019255835505826,images_filtered/postbox_node_7617721885_img_1019255835505826.jpg,52.6075347,13.427423499972,0,1627405039500,2.3
node/7617832889,52.6305585,13.4997789,"{""amenity"": ""post_box"", ""collection_times"": ""Mo-Fr 13:00; Sa 11:00"", ""operator"": ""Deutsche Post"", ""operator:wikidata"": ""Q157645"", ""operator:wikipedia"": ""de:Deutsche Post AG"", ""post_box:apertures"": ""1"", ""post_box:type"": ""pillar"", ""ref"": ""Karower Chaussee 29, 13125 Berlin""}",116820681400094,images_filtered/postbox_node_7617832889_img_116820681400094.jpg,52.630394699972,13.499597299972,0,1684153857500,33.9
node/7617905787,52.6422589,13.5025442,"{""amenity"": ""post_box"", ""collection_times"": ""Mo-Fr 16:00; Sa 11:45"", ""operator"": ""Deutsche Post"", ""operator:wikidata"": ""Q157645"", ""ref"": ""Röntgentalerweg 34-36, 13125 Berlin""}",1519350555460192,images_filtered/postbox_node_7617905787_img_1519350555460192.jpg,52.6420225,13.502138,49.948,1714558587000,3.8
node/7619207685,52.5980129,13.4332794,"{""amenity"": ""post_box"", ""collection_times"": ""Mo-Fr 15:00; Sa 12:00; Su 09:00"", ""operator"": ""Deutsche Post"", ""operator:wikidata"": ""Q157645"", ""operator:wikipedia"": ""de:Deutsche Post AG"", ""ref"": ""Berliner Str. 8, 13127 Berlin""}",1008536048086728,images_filtered/postbox_node_7619207685_img_1008536048086728.jpg,52.597858817366,13.433537241084,349.26212235071,1745144575026,34.7
node/7619222785,52.6142234,13.4068321,"{""amenity"": ""post_box"", ""collection_times"": ""Mo-Sa 09:00"", ""operator"": ""Deutsche Post"", ""operator:wikidata"": ""Q157645"", ""ref"": ""Buchholzer Str. 69, 13159 Berlin""}",1094267931892650,images_filtered/postbox_node_7619222785_img_1094267931892650.jpg,52.614106499972,13.406806299972,0,1708170439500,7.6
node/7619222785,52.6142234,13.4068321,"{""amenity"": ""post_box"", ""collection_times"": ""Mo-Sa 09:00"", ""operator"": ""Deutsche Post"", ""operator:wikidata"": ""Q157645"", ""ref"": ""Buchholzer Str. 69, 13159 Berlin""}",1079467726760319,images_filtered/postbox_node_7619222785_img_1079467726760319.jpg,52.614065199972,13.406831,0,1693661110500,0.2
node/7619618685,52.5879425,13.427996,"{""amenity"": ""post_box"", ""check_date:collection_times"": ""2024-06-15"", ""collection_times"": ""Mo-Fr 16:00; Sa 12:00"", ""operator"": ""Deutsche Post"", ""operator:wikidata"": ""Q157645"", ""operator:wikipedia"": ""de:Deutsche Post AG"", ""ref"": ""Blankenburger Str. 149, 13127 Berlin""}",1002065623916128,images_filtered/postbox_node_7619618685_img_1002065623916128.jpg,52.588104796645,13.428414054227,228.61837892002,1632654243212,8.8
node/7619627786,52.5807278,13.4022512,"{""amenity"": ""post_box"", ""check_date:collection_times"": ""2026-03-03"", ""collection_times"": ""Mo-Fr 18:00"", ""operator"": ""PIN Mail"", ""operator:type"": ""private"", ""operator:wikidata"": ""Q1342288"", ""operator:wikipedia"": ""de:PIN Mail""}",1759995921222871,images_filtered/postbox_node_7619627786_img_1759995921222871.jpg,52.58074640767,13.402383131919,250.30442229035,1748106545226,6.6
node/7622165185,52.5635701,13.3275949,"{""amenity"": ""post_box"", ""collection_times"": ""Mo-Fr 19:00"", ""operator"": ""PIN Mail"", ""operator:type"": ""private"", ""operator:wikidata"": ""Q1342288"", ""operator:wikipedia"": ""de:PIN Mail""}",1017266555909256,images_filtered/postbox_node_7622165185_img_1017266555909256.jpg,52.563467299972,13.327428499972,0,1683460370000,44.5
node/7656902385,52.601929,13.3427094,"{""amenity"": ""post_box"", ""collection_times"": ""Mo-Fr 17:00; Sa 13:30"", ""operator"": ""Deutsche Post"", ""operator:wikidata"": ""Q157645"", ""operator:wikipedia"": ""de:Deutsche Post AG"", ""ref"": ""Herbsteiner Str. 26, 13435 Berlin""}",2908022519525101,images_filtered/postbox_node_7656902385_img_2908022519525101.jpg,52.602044194986,13.342761145917,232.76301089651,1619443299856,37.5
node/7656970285,52.6008187,13.3625721,"{""amenity"": ""post_box"", ""collection_times"": ""Mo-Fr 16:30; Sa 13:00"", ""operator"": ""Deutsche Post"", ""operator:wikidata"": ""Q157645"", ""operator:wikipedia"": ""de:Deutsche Post AG"", ""ref"": ""Wesendorfer Str. 2, 13439 Berlin""}",1098905773930074,images_filtered/postbox_node_7656970285_img_1098905773930074.jpg,52.600896377165,13.362273126853,149.59009321154,1582982974674,36.4
node/7658215485,52.6170014,13.3166285,"{""amenity"": ""post_box"", ""check_date:collection_times"": ""2026-08-24"", ""collection_times"": ""Mo-Fr 16:00; Sa 13:00"", ""operator"": ""Deutsche Post"", ""operator:wikidata"": ""Q157645"", ""ref"": ""Berliner Str. 23a, 13467 Berlin""}",1344854995896702,images_filtered/postbox_node_7658215485_img_1344854995896702.jpg,52.61685,13.316669444444,327,1618395461000,23.7
node/7658195085,52.606918,13.3250161,"{""amenity"": ""post_box"", ""check_date:collection_times"": ""2024-04-01"", ""collection_times"": ""Mo-Fr 16:00; Sa 13:00"", ""operator"": ""Deutsche Post"", ""operator:wikidata"": ""Q157645"", ""operator:wikipedia"": ""de:Deutsche Post AG"", ""ref"": ""Oraniendamm 6-10, 13469 Berlin""}",1135925146913024,images_filtered/postbox_node_7658195085_img_1135925146913024.jpg,52.606688888889,13.324847222222,0,1618395162000,24.1
node/7658235685,52.6387331,13.3053434,"{""amenity"": ""post_box"", ""collection_times"": ""Mo-Fr 17:00; Sa 13:00"", ""operator"": ""Deutsche Post"", ""operator:wikidata"": ""Q157645"", ""ref"": ""Oranienburger Ch. 64, 13465 Berlin""}",516629769344593,images_filtered/postbox_node_7658235685_img_516629769344593.jpg,52.638798421111,13.3052351975,163.765488,1524936230000,28.9
node/7658638999,52.5905992,13.2243987,"{""amenity"": ""post_box"", ""collection_times"": ""Mo-Fr 17:00; Sa 13:30"", ""operator"": ""Deutsche Post"", ""operator:wikidata"": ""Q157645"", ""operator:wikipedia"": ""de:Deutsche Post AG"", ""ref"": ""Sandhauser Str. 40, 13505 Berlin""}",560312535319388,images_filtered/postbox_node_7658638999_img_560312535319388.jpg,52.590729631533,13.224230306235,180.41684816918,1630762209084,38.5
node/7660403385,52.5573927,13.3355801,"{""amenity"": ""post_box"", ""collection_times"": ""Mo-Fr 16:00; Sa 11:30"", ""operator"": ""Deutsche Post"", ""operator:wikidata"": ""Q157645"", ""operator:wikipedia"": ""de:Deutsche Post AG"", ""ref"": ""Petersallee 25, 13351 Berlin""}",1041430287557057,images_filtered/postbox_node_7660403385_img_1041430287557057.jpg,52.5572607,13.335516999972,0,1724496358000,16.2
node/7664091885,52.556914,13.4710153,"{""amenity"": ""post_box"", ""check_date:collection_times"": ""2026-06-11"", ""collection_times"": ""Mo-Fr 16:15; Sa 11:30"", ""operator"": ""Deutsche Post"", ""operator:wikidata"": ""Q157645"", ""operator:wikipedia"": ""de:Deutsche Post AG"", ""ref"": ""Bernkasteler Str. 8/9, 13088 Berlin""}",4461418783886226,images_filtered/postbox_node_7664091885_img_4461418783886226.jpg,52.55712553398,13.471335684893,254.94579001896,1588867840083,32.3
node/7705327785,52.5348081,13.4542322,"{""amenity"": ""post_box"", ""check_date:collection_times"": ""2024-08-28"", ""collection_times"": ""Mo-Fr 17:00; Sa 12:15"", ""operator"": ""Deutsche Post"", ""operator:wikidata"": ""Q157645"", ""operator:wikipedia"": ""de:Deutsche Post AG"", ""ref"": ""Storkower Str. 133, 10407 Berlin""}",3915148165233390,images_filtered/postbox_node_7705327785_img_3915148165233390.jpg,52.535071908545,13.453870648531,140.41394170303,1586263307766,0.2
node/7699630383,52.4565038,13.4371338,"{""amenity"": ""post_box"", ""check_date"": ""2024-08-08"", ""check_date:collection_times"": ""2024-08-08"", ""collection_times"": ""Mo-Fr 18:00"", ""operator"": ""PIN Mail"", ""operator:type"": ""private"", ""operator:wikidata"": ""Q1342288"", ""operator:wikipedia"": ""de:PIN Mail"", ""post_box:apertures"": ""1"", ""post_box:type"": ""pillar"", ""support"": ""ground""}",1522756194789631,images_filtered/postbox_node_7699630383_img_1522756194789631.jpg,52.4564159,13.4371743,351.13009105648,1637169100000,6.8
node/7706711986,52.5581075,13.3323234,"{""amenity"": ""post_box"", ""collection_times"": ""Mo-Fr 16:00; Sa 11:30"", ""operator"": ""Deutsche Post"", ""operator:wikidata"": ""Q157645"", ""operator:wikipedia"": ""de:Deutsche Post AG"", ""ref"": ""Togostr. 30, 13351 Berlin""}",1293065548554835,images_filtered/postbox_node_7706711986_img_1293065548554835.jpg,52.558035598641,13.331943884413,126.65095170033,1727277669703,54.0
node/7706783085,52.5257619,13.3232178,"{""amenity"": ""post_box"", ""collection_times"": ""Mo-Fr"", ""operator"": ""PIN Mail"", ""operator:type"": ""private"", ""operator:wikidata"": ""Q1342288"", ""operator:wikipedia"": ""de:PIN Mail""}",1078098284543372,images_filtered/postbox_node_7706783085_img_1078098284543372.jpg,52.5256752,13.3234483,284.444,1780840510000,17.3
node/7706736485,52.5553078,13.3065546,"{""amenity"": ""post_box"", ""collection_times"": ""Mo-Fr 17:30; Sa 14:00"", ""operator"": ""Deutsche Post"", ""operator:wikidata"": ""Q157645"", ""ref"": ""Kurt-Schumacher-Damm 158, 13405 Berlin""}",1907578369634779,images_filtered/postbox_node_7706736485_img_1907578369634779.jpg,52.5554329,13.3065713,208.366,1679140697000,23.7
node/7706736485,52.5553078,13.3065546,"{""amenity"": ""post_box"", ""collection_times"": ""Mo-Fr 17:30; Sa 14:00"", ""operator"": ""Deutsche Post"", ""operator:wikidata"": ""Q157645"", ""ref"": ""Kurt-Schumacher-Damm 158, 13405 Berlin""}",173567237881476,images_filtered/postbox_node_7706736485_img_173567237881476.jpg,52.5554434,13.3065939,209.79569234876,1465647895276,19.8
node/7706712985,52.5591325,13.3369473,"{""amenity"": ""post_box"", ""collection_times"": ""Mo-Fr 14:00, 16:00; Sa 12:00"", ""last_checked"": ""2020-10-10"", ""operator"": ""Deutsche Post"", ""operator:wikidata"": ""Q157645"", ""operator:wikipedia"": ""de:Deutsche Post AG"", ""ref"": ""Müllerstr. 78, 13349 Berlin""}",1018619778670889,images_filtered/postbox_node_7706712985_img_1018619778670889.jpg,52.5589274,13.337292899972,0,1562002455000,45.7
node/7706712985,52.5591325,13.3369473,"{""amenity"": ""post_box"", ""collection_times"": ""Mo-Fr 14:00, 16:00; Sa 12:00"", ""last_checked"": ""2020-10-10"", ""operator"": ""Deutsche Post"", ""operator:wikidata"": ""Q157645"", ""operator:wikipedia"": ""de:Deutsche Post AG"", ""ref"": ""Müllerstr. 78, 13349 Berlin""}",1260325174571208,images_filtered/postbox_node_7706712985_img_1260325174571208.jpg,52.558961841327,13.33723981866,295.85260196592,1679910860216,18.0
node/7707089085,52.4291676,13.4703139,"{""amenity"": ""post_box"", ""check_date"": ""2026-09-11"", ""collection_times"": ""Mo-Fr 14:30, Sa 13:30"", ""operator"": ""Deutsche Post"", ""operator:wikidata"": ""Q157645"", ""operator:wikipedia"": ""de:Deutsche Post AG"", ""post_box:apertures"": ""1"", ""post_box:type"": ""pillar"", ""postal_code"": ""12351"", ""ref"": ""Lipschitzallee 20-22, 12351 Berlin"", ""support"": ""ground""}",1867941930350477,images_filtered/postbox_node_7707089085_img_1867941930350477.jpg,52.4290194,13.4705111,13.571,1725179948853,52.6
node/7707089085,52.4291676,13.4703139,"{""amenity"": ""post_box"", ""check_date"": ""2026-09-11"", ""collection_times"": ""Mo-Fr 14:30, Sa 13:30"", ""operator"": ""Deutsche Post"", ""operator:wikidata"": ""Q157645"", ""operator:wikipedia"": ""de:Deutsche Post AG"", ""post_box:apertures"": ""1"", ""post_box:type"": ""pillar"", ""postal_code"": ""12351"", ""ref"": ""Lipschitzallee 20-22, 12351 Berlin"", ""support"": ""ground""}",1247064036872730,images_filtered/postbox_node_7707089085_img_1247064036872730.jpg,52.4294046,13.4706084,217.501,1772371731000,0.4
node/7709843085,52.5374993,13.3416145,"{""amenity"": ""post_box"", ""operator"": ""PIN Mail"", ""operator:type"": ""private"", ""operator:wikidata"": ""Q1342288""}",1033956889359713,images_filtered/postbox_node_7709843085_img_1033956889359713.jpg,52.5376459491,13.34195061588,260.39695739746,1785066082568,26.0
node/7710257455,52.4196775,13.3071412,"{""amenity"": ""post_box"", ""collection_times"": ""Mo-Fr 16:00; Sa 13:15"", ""operator"": ""Deutsche Post"", ""operator:wikidata"": ""Q157645"", ""operator:wikipedia"": ""de:Deutsche Post AG""}",1009867050353922,images_filtered/postbox_node_7710257455_img_1009867050353922.jpg,52.419725,13.30703,89.833090305328,1695116097383,35.2
node/7796625885,52.563819,13.1615573,"{""amenity"": ""post_box"", ""collection_times"": ""Mo-Fr 16:00; Sa 13:00"", ""operator"": ""Deutsche Post"", ""operator:wikidata"": ""Q157645"", ""ref"": ""Radelandstr. 199-203, 13589 Berlin""}",1201876638031217,images_filtered/postbox_node_7796625885_img_1201876638031217.jpg,52.564058,13.161285,111.579,1741443469000,33.7
node/7798227485,52.5528577,13.1737258,"{""amenity"": ""post_box"", ""collection_times"": ""Mo-Fr 16:00; Sa 12:30"", ""operator"": ""Deutsche Post"", ""operator:wikidata"": ""Q157645"", ""operator:wikipedia"": ""de:Deutsche Post AG"", ""ref"": ""Frankenwaldstr. 24, 13589 Berlin""}",203025844758736,images_filtered/postbox_node_7798227485_img_203025844758736.jpg,52.552651868207,13.173519804604,18.931823730469,1546087667191,12.4
node/7798192985,52.5419762,13.1832658,"{""amenity"": ""post_box"", ""check_date:collection_times"": ""2024-05-21"", ""collection_times"": ""Mo-Fr 17:00"", ""operator"": ""PIN Mail"", ""operator:type"": ""private"", ""operator:wikidata"": ""Q1342288""}",260116132570826,images_filtered/postbox_node_7798192985_img_260116132570826.jpg,52.542196987246,13.18347187714,181.96401168175,1621854184712,27.6
node/7798173485,52.5331833,13.1568588,"{""amenity"": ""post_box"", ""collection_times:signed"": ""no"", ""operator"": ""PIN Mail"", ""operator:type"": ""private"", ""operator:wikidata"": ""Q1342288""}",193837935912673,images_filtered/postbox_node_7798173485_img_193837935912673.jpg,52.533136388889,13.156775,-1,1430645045000,48.4
node/7798173485,52.5331833,13.1568588,"{""amenity"": ""post_box"", ""collection_times:signed"": ""no"", ""operator"": ""PIN Mail"", ""operator:type"": ""private"", ""operator:wikidata"": ""Q1342288""}",469379081013544,images_filtered/postbox_node_7798173485_img_469379081013544.jpg,52.533077185014,13.157003295389,264.0080871582,1594212529701,56.4
node/7798173485,52.5331833,13.1568588,"{""amenity"": ""post_box"", ""collection_times:signed"": ""no"", ""operator"": ""PIN Mail"", ""operator:type"": ""private"", ""operator:wikidata"": ""Q1342288""}",4520235868005658,images_filtered/postbox_node_7798173485_img_4520235868005658.jpg,52.533011963813,13.15647533035,86.292633056641,1594209814159,32.6
node/7798258585,52.5494177,13.1738726,"{""amenity"": ""post_box"", ""check_date:collection_times"": ""2026-09-11"", ""collection_times"": ""Mo-Fr 16:00; Sa 13:00"", ""operator"": ""Deutsche Post"", ""operator:wikidata"": ""Q157645"", ""operator:wikipedia"": ""de:Deutsche Post AG"", ""ref"": ""Falkenseer Ch. 227, 13583 Berlin""}",129516299250463,images_filtered/postbox_node_7798258585_img_129516299250463.jpg,52.549557010692,13.173507135374,97.082306963413,1621853963715,25.0
node/7798877085,52.5101109,13.2807254,"{""amenity"": ""post_box"", ""collection_times"": ""Mo-Fr 18:00"", ""operator"": ""PIN Mail"", ""operator:type"": ""private"", ""operator:wikidata"": ""Q1342288"", ""operator:wikipedia"": ""de:PIN Mail""}",1048325336708425,images_filtered/postbox_node_7798877085_img_1048325336708425.jpg,52.5100993,13.2808165,257.23,1723470528480,24.6
node/7800107085,52.5041232,13.2590502,"{""amenity"": ""post_box"", ""collection_times"": ""Mo-Fr 16:00; Sa 13:30"", ""operator"": ""Deutsche Post"", ""operator:wikidata"": ""Q157645"", ""ref"": ""Neidenburger Allee 16, 14055 Berlin""}",1089256768368448,images_filtered/postbox_node_7800107085_img_1089256768368448.jpg,52.504157699998,13.2591355,186.64159297943,1661615933109,49.8
node/7800107085,52.5041232,13.2590502,"{""amenity"": ""post_box"", ""collection_times"": ""Mo-Fr 16:00; Sa 13:30"", ""operator"": ""Deutsche Post"", ""operator:wikidata"": ""Q157645"", ""ref"": ""Neidenburger Allee 16, 14055 Berlin""}",1364093514701716,images_filtered/postbox_node_7800107085_img_1364093514701716.jpg,52.5042734,13.25917,182.883,1750928093000,23.0
node/7798622485,52.5389026,13.3220667,"{""amenity"": ""post_box"", ""collection_times"": ""Mo-Fr 16:00; Sa 12:00"", ""operator"": ""Deutsche Post"", ""operator:wikidata"": ""Q157645"", ""ref"": ""Friedrich-Olbricht-Damm 16, 13627 Berlin""}",1044384284889164,images_filtered/postbox_node_7798622485_img_1044384284889164.jpg,52.538795999972,13.322209199972,0,1787310858000,39.1
node/7798622485,52.5389026,13.3220667,"{""amenity"": ""post_box"", ""collection_times"": ""Mo-Fr 16:00; Sa 12:00"", ""operator"": ""Deutsche Post"", ""operator:wikidata"": ""Q157645"", ""ref"": ""Friedrich-Olbricht-Damm 16, 13627 Berlin""}",1008777365542609,images_filtered/postbox_node_7798622485_img_1008777365542609.jpg,52.538854399972,13.322018899972,0,1787310860000,31.1
node/7798622485,52.5389026,13.3220667,"{""amenity"": ""post_box"", ""collection_times"": ""Mo-Fr 16:00; Sa 12:00"", ""operator"": ""Deutsche Post"", ""operator:wikidata"": ""Q157645"", ""ref"": ""Friedrich-Olbricht-Damm 16, 13627 Berlin""}",1051435434349465,images_filtered/postbox_node_7798622485_img_1051435434349465.jpg,52.538807387513,13.322105035198,308.41134643555,1787310789118,37.8
node/7800560385,52.4599665,13.126172,"{""amenity"": ""post_box"", ""collection_times"": ""Mo-Fr 16:00; Sa 12:00"", ""operator"": ""Deutsche Post"", ""operator:wikidata"": ""Q157645"", ""ref"": ""Selbitzer Str./Zingerleweg, 14089 Berlin""}",5185287044892337,images_filtered/postbox_node_7800560385_img_5185287044892337.jpg,52.4597168,13.1265072,0,1656229154000,39.3
node/7801085885,52.5500795,13.2002713,"{""amenity"": ""post_box"", ""check_date"": ""2026-07-16"", ""collection_times"": ""Mo-Fr 16:00; Sa 13:00"", ""operator"": ""Deutsche Post"", ""operator:wikidata"": ""Q157645"", ""operator:wikipedia"": ""de:Deutsche Post AG"", ""ref"": ""Schönwalder Str. 74, 13585 Berlin""}",1813747356137673,images_filtered/postbox_node_7801085885_img_1813747356137673.jpg,52.5498354,13.2005259,347.307,1741449639000,19.7
node/7801085885,52.5500795,13.2002713,"{""amenity"": ""post_box"", ""check_date"": ""2026-07-16"", ""collection_times"": ""Mo-Fr 16:00; Sa 13:00"", ""operator"": ""Deutsche Post"", ""operator:wikidata"": ""Q157645"", ""operator:wikipedia"": ""de:Deutsche Post AG"", ""ref"": ""Schönwalder Str. 74, 13585 Berlin""}",1262137427516257,images_filtered/postbox_node_7801085885_img_1262137427516257.jpg,52.5499633,13.200223299972,0,1569067301000,14.1
node/7803111885,52.5066301,13.2931769,"{""amenity"": ""post_box"", ""check_date:collection_times"": ""2024-12-03"", ""collection_times"": ""Mo-Fr 18:00"", ""operator"": ""PIN Mail"", ""operator:type"": ""private"", ""operator:wikidata"": ""Q1342288""}",1066149148353514,images_filtered/postbox_node_7803111885_img_1066149148353514.jpg,52.5067174,13.2930743,87.172,1751550145000,57.3
node/7834682785,52.5329563,13.345763,"{""amenity"": ""post_box"", ""check_date:collection_times"": ""2025-01-12"", ""collection_times"": ""Mo-Fr 17:15; Sa 12:15"", ""operator"": ""Deutsche Post"", ""operator:wikidata"": ""Q157645"", ""operator:wikipedia"": ""de:Deutsche Post AG"", ""ref"": ""Stephanstr. 40, 10559 Berlin""}",1411214816138950,images_filtered/postbox_node_7834682785_img_1411214816138950.jpg,52.532693199972,13.345933,0,1703768400000,21.5
node/7836777785,52.4983049,13.4184785,"{""access"": ""yes"", ""addr:floor"": ""0"", ""amenity"": ""post_box"", ""check_date"": ""2026-08-23"", ""check_date:collection_times"": ""2026-08-23"", ""collection_times"": ""Mo-Fr 17:00; Sa 14:00"", ""colour"": ""yellow"", ""covered"": ""no"", ""drive_through"": ""no"", ""indoor"": ""no"", ""level"": ""0"", ""material"": ""steel"", ""operator"": ""Deutsche Post"", ""operator:wikidata"": ""Q157645"", ""operator:wikipedia"": ""de:Deutsche Post AG"", ""post_box:apertures"": ""2"", ""post_box:type"": ""lamp"", ""ref"": ""Kottbusser Str. 3, 10999 Berlin"", ""source"": ""survey"", ""support"": ""pole""}",1180275639841697,images_filtered/postbox_node_7836777785_img_1180275639841697.jpg,52.4981967,13.418901,340.664,1719734213000,47.8
node/7836656186,52.5037775,13.3760838,"{""amenity"": ""post_box"", ""check_date:collection_times"": ""2026-09-15"", ""collection_times"": ""Mo-Fr 17:15; Sa 14:15"", ""operator"": ""Deutsche Post"", ""operator:wikidata"": ""Q157645"", ""operator:wikipedia"": ""de:Deutsche Post AG"", ""ref"": ""Hafenplatz 7, 10963 Berlin""}",1254111800217136,images_filtered/postbox_node_7836656186_img_1254111800217136.jpg,52.503854557921,13.376491935936,207.29198540617,1776010288897,45.5
node/7839674048,52.4898527,13.4084258,"{""amenity"": ""post_box"", ""check_date"": ""2024-09-08"", ""check_date:collection_times"": ""2023-12-15"", ""collection_times"": ""Mo-Fr 18:00"", ""colour"": ""green"", ""operator"": ""PIN Mail"", ""operator:type"": ""private"", ""operator:wikidata"": ""Q1342288"", ""operator:wikipedia"": ""de:PIN Mail"", ""post_box:type"": ""pillar""}",137218511683373,images_filtered/postbox_node_7839674048_img_137218511683373.jpg,52.489946675536,13.408843483788,214.64945970818,1598373804474,35.1
node/7839674048,52.4898527,13.4084258,"{""amenity"": ""post_box"", ""check_date"": ""2024-09-08"", ""check_date:collection_times"": ""2023-12-15"", ""collection_times"": ""Mo-Fr 18:00"", ""colour"": ""green"", ""operator"": ""PIN Mail"", ""operator:type"": ""private"", ""operator:wikidata"": ""Q1342288"", ""operator:wikipedia"": ""de:PIN Mail"", ""post_box:type"": ""pillar""}",1510187933070133,images_filtered/postbox_node_7839674048_img_1510187933070133.jpg,52.4897135,13.4084606,38.966,1695473231000,47.6
node/7837466285,52.5130676,13.4122175,"{""amenity"": ""post_box"", ""collection_times"": ""Mo-Fr 13:15,15:45,17:45; Sa 14:45; Su 14:15"", ""operator"": ""PIN Mail"", ""operator:type"": ""private"", ""operator:wikidata"": ""Q1342288""}",1002287394725237,images_filtered/postbox_node_7837466285_img_1002287394725237.jpg,52.513087266174,13.412418030215,239.67722084846,1724416109640,21.2
node/7878457585,52.4483001,13.2362278,"{""amenity"": ""post_box"", ""collection_times"": ""Mo-Fr 17:00; Sa 14:00"", ""operator"": ""Deutsche Post"", ""operator:wikidata"": ""Q157645"", ""operator:wikipedia"": ""de:Deutsche Post AG"", ""ref"": ""Täubchenstr./Wasserkäfersteig, 14163 Berlin""}",546292694843149,images_filtered/postbox_node_7878457585_img_546292694843149.jpg,52.4480363,13.2359102,19.102,1745398744000,17.2
node/7878435285,52.4409499,13.2234635,"{""amenity"": ""post_box"", ""collection_times"": ""Mo-Fr 16:00; Sa 13:30"", ""operator"": ""Deutsche Post"", ""operator:wikidata"": ""Q157645"", ""ref"": ""Schlickweg/Am Schlachtensee, 14129 Berlin""}",153382910127451,images_filtered/postbox_node_7878435285_img_153382910127451.jpg,52.441031690556,13.223678357778,207.565472,1524401538000,30.5
node/7880441085,52.4918206,13.2806263,"{""amenity"": ""post_box"", ""collection_times"": ""Mo-Fr 16:00; Sa 14:15"", ""operator"": ""Deutsche Post"", ""operator:wikidata"": ""Q157645"", ""operator:wikipedia"": ""de:Deutsche Post AG"", ""ref"": ""Koenigsallee 12, 14193 Berlin""}",215454766723867,images_filtered/postbox_node_7880441085_img_215454766723867.jpg,52.491627999972,13.280811899972,0,1498595076000,30.4
node/7880617585,52.4459752,13.2669837,"{""amenity"": ""post_box"", ""collection_times"": ""Mo-Fr 16:00; Sa 13:15"", ""operator"": ""Deutsche Post"", ""operator:wikidata"": ""Q157645"", ""operator:wikipedia"": ""de:Deutsche Post AG"", ""ref"": ""Sophie-Charlotte-Str./Waltraudstr., 14169 Berlin""}",246584143928203,images_filtered/postbox_node_7880617585_img_246584143928203.jpg,52.44588932557,13.266989441266,47.401428222656,1502983463001,49.7
node/7880917786,52.4159631,13.2769801,"{""amenity"": ""post_box"", ""check_date:collection_times"": ""2026-04-07"", ""collection_times"": ""Mo-Fr 16:00; Sa 12:30"", ""operator"": ""Deutsche Post"", ""operator:wikidata"": ""Q157645"", ""operator:wikipedia"": ""de:Deutsche Post AG"", ""ref"": ""Persantestr./Störstr., 14167 Berlin""}",317162356419536,images_filtered/postbox_node_7880917786_img_317162356419536.jpg,52.415871140089,13.27700962001,302.79139286528,1516459127000,46.1
node/7880876385,52.4260153,13.2913484,"{""amenity"": ""post_box"", ""collection_times"": ""Mo-Fr 15:15; Sa 12:30"", ""operator"": ""Deutsche Post"", ""operator:wikidata"": ""Q157645"", ""operator:wikipedia"": ""de:Deutsche Post AG"", ""ref"": ""Carstennstr. 36b, 12205 Berlin""}",128164152640456,images_filtered/postbox_node_7880876385_img_128164152640456.jpg,52.426267477543,13.291442516918,155.55212481801,1506255708885,37.3
node/7880678188,52.4328396,13.2822061,"{""amenity"": ""post_box"", ""collection_times"": ""Mo-Fr 15:15; Sa 12:15"", ""operator"": ""Deutsche Post"", ""operator:wikidata"": ""Q157645"", ""operator:wikipedia"": ""de:Deutsche Post AG"", ""ref"": ""Finckensteinallee/Schottmüllerstr., 12205 Berlin""}",1190761551564096,images_filtered/postbox_node_7880678188_img_1190761551564096.jpg,52.4328813,13.2820837,81.092,1688215454000,38.1
node/7881141485,52.4372478,13.261944,"{""amenity"": ""post_box"", ""check_date:collection_times"": ""2024-02-12"", ""collection_times"": ""Mo-Fr 18:00"", ""operator"": ""PIN Mail"", ""operator:type"": ""private"", ""operator:wikidata"": ""Q1342288"", ""operator:wikipedia"": ""de:PIN Mail""}",120466673934704,images_filtered/postbox_node_7881141485_img_120466673934704.jpg,52.437108799972,13.2618813,0,1649861359000,15.4
node/7923624786,52.4068408,13.4120653,"{""amenity"": ""post_box"", ""collection_times"": ""Mo-Fr 17:15; Sa 14:30"", ""operator"": ""Deutsche Post"", ""operator:wikidata"": ""Q157645"", ""ref"": ""Griembergweg/Angermünder Str., 12305 Berlin""}",129411715847210,images_filtered/postbox_node_7923624786_img_129411715847210.jpg,52.4070303,13.4123262,277.79703474045,1486739363105,57.8
node/7923624786,52.4068408,13.4120653,"{""amenity"": ""post_box"", ""collection_times"": ""Mo-Fr 17:15; Sa 14:30"", ""operator"": ""Deutsche Post"", ""operator:wikidata"": ""Q157645"", ""ref"": ""Griembergweg/Angermünder Str., 12305 Berlin""}",502253070797064,images_filtered/postbox_node_7923624786_img_502253070797064.jpg,52.4066444,13.4122665,282.26331019402,1486739353164,45.7
node/7923624786,52.4068408,13.4120653,"{""amenity"": ""post_box"", ""collection_times"": ""Mo-Fr 17:15; Sa 14:30"", ""operator"": ""Deutsche Post"", ""operator:wikidata"": ""Q157645"", ""ref"": ""Griembergweg/Angermünder Str., 12305 Berlin""}",1154735859288015,images_filtered/postbox_node_7923624786_img_1154735859288015.jpg,52.4070951,13.4122862,183.951,1742379896000,24.0
node/7881294685,52.4126553,13.3005475,"{""amenity"": ""post_box"", ""collection_times"": ""Mo-Fr 16:00; Sa 13:15"", ""operator"": ""Deutsche Post"", ""operator:wikidata"": ""Q157645"", ""operator:wikipedia"": ""de:Deutsche Post AG"", ""ref"": ""Dorstener Str./Ostpreußendamm, 12207 Berlin""}",1029418408047319,images_filtered/postbox_node_7881294685_img_1029418408047319.jpg,52.4126284,13.3002123,54.62,1689095933000,27.9
node/7881294685,52.4126553,13.3005475,"{""amenity"": ""post_box"", ""collection_times"": ""Mo-Fr 16:00; Sa 13:15"", ""operator"": ""Deutsche Post"", ""operator:wikidata"": ""Q157645"", ""operator:wikipedia"": ""de:Deutsche Post AG"", ""ref"": ""Dorstener Str./Ostpreußendamm, 12207 Berlin""}",1028639388300379,images_filtered/postbox_node_7881294685_img_1028639388300379.jpg,52.412709,13.300419,67.830665588379,1695117083527,56.6
node/7922997185,52.4946553,13.4092135,"{""amenity"": ""post_box"", ""check_date"": ""2022-08-31"", ""collection_times"": ""Mo-Fr 17:30; Sa 14:30"", ""colour"": ""yellow"", ""operator"": ""Deutsche Post"", ""operator:wikidata"": ""Q157645"", ""operator:wikipedia"": ""de:Deutsche Post AG"", ""post_box:apertures"": ""2"", ""post_box:type"": ""lamp"", ""ref"": ""Dieffenbachstr. 1, 10967 Berlin"", ""support"": ""pole""}",130327649128450,images_filtered/postbox_node_7922997185_img_130327649128450.jpg,52.494654,13.409344,275.0148,1493653130356,4.1
node/7885148723,52.4982974,13.3348591,"{""amenity"": ""post_box"", ""check_date"": ""2024-07-17"", ""check_date:collection_times"": ""2024-07-17"", ""collection_times"": ""Mo-Fr 15:45,17:15; Sa 16:15"", ""note"": ""zwei Briefkästen nebeneinander"", ""operator"": ""Deutsche Post"", ""operator:wikidata"": ""Q157645"", ""operator:wikipedia"": ""de:Deutsche Post AG"", ""post_box:apertures"": ""2"", ""post_box:type"": ""lamp"", ""ref"": ""Geisbergstr. 20, 10777 Berlin"", ""support"": ""pole""}",1040871533293836,images_filtered/postbox_node_7885148723_img_1040871533293836.jpg,52.498105899972,13.3352062,0,1658939239000,47.8
node/7923782685,52.3913025,13.401949,"{""amenity"": ""post_box"", ""check_date:collection_times"": ""2024-10-11"", ""collection_times"": ""Mo-Fr 15:00; Sa 13:15"", ""operator"": ""Deutsche Post"", ""operator:wikidata"": ""Q157645"", ""operator:wikipedia"": ""de:Deutsche Post AG"", ""ref"": ""John-Locke-Str. 27, 12305 Berlin""}",171003311584567,images_filtered/postbox_node_7923782685_img_171003311584567.jpg,52.39137265312,13.401752922184,167.07342529297,1553167699457,46.7
node/7923736485,52.3855145,13.4250842,"{""amenity"": ""post_box"", ""check_date"": ""2021-05-18"", ""collection_times"": ""Mo-Fr 16:15; Sa 14:15"", ""operator"": ""Deutsche Post"", ""operator:wikidata"": ""Q157645"", ""operator:wikipedia"": ""de:Deutsche Post AG"", ""post_box:apertures"": ""1"", ""post_box:type"": ""pillar"", ""postal_code"": ""12309"", ""ref"": ""Pechsteinstr. 7a, 12309 Berlin"", ""support"": ""ground""}",192558146111056,images_filtered/postbox_node_7923736485_img_192558146111056.jpg,52.385656099972,13.424807599972,170,1557324836000,40.0
node/7923736485,52.3855145,13.4250842,"{""amenity"": ""post_box"", ""check_date"": ""2021-05-18"", ""collection_times"": ""Mo-Fr 16:15; Sa 14:15"", ""operator"": ""Deutsche Post"", ""operator:wikidata"": ""Q157645"", ""operator:wikipedia"": ""de:Deutsche Post AG"", ""post_box:apertures"": ""1"", ""post_box:type"": ""pillar"", ""postal_code"": ""12309"", ""ref"": ""Pechsteinstr. 7a, 12309 Berlin"", ""support"": ""ground""}",158322406162864,images_filtered/postbox_node_7923736485_img_158322406162864.jpg,52.3856789,13.424739,170,1557324835000,42.0
node/7925037886,52.4110744,13.3500833,"{""amenity"": ""post_box"", ""brand"": ""Deutsche Post"", ""check_date"": ""2024-11-01"", ""collection_times"": ""Mo-Fr 15:15; Sa 12:45"", ""colour"": ""yellow"", ""operator"": ""Deutsche Post"", ""operator:wikidata"": ""Q157645"", ""operator:wikipedia"": ""de:Deutsche Post AG"", ""post_box:type"": ""pillar"", ""ref"": ""Waldsassener Str. 15, 12279 Berlin"", ""wheelchair"": ""yes""}",619929229751746,images_filtered/postbox_node_7925037886_img_619929229751746.jpg,52.410916499972,13.350014899972,0,1662293154000,14.8
node/7925156085,52.4185862,13.3095724,"{""amenity"": ""post_box"", ""collection_times"": ""Mo-Fr 16:15; Sa 13:00; Su off"", ""operator"": ""Deutsche Post"", ""operator:wikidata"": ""Q157645"", ""operator:wikipedia"": ""de:Deutsche Post AG"", ""ref"": ""Schwatlostr. 23-24, 12207 Berlin""}",1163579215139443,images_filtered/postbox_node_7925156085_img_1163579215139443.jpg,52.4188497,13.3098553,235.951,1761732012000,22.7
node/7925456985,52.4393699,13.3160586,"{""amenity"": ""post_box"", ""collection_times"": ""Mo-Fr 17:45; Sa 12:15; Su 10:30"", ""operator"": ""Deutsche Post"", ""operator:wikidata"": ""Q157645"", ""operator:wikipedia"": ""de:Deutsche Post AG"", ""ref"": ""Hindenburgdamm 99, 12203 Berlin""}",1080634587049972,images_filtered/postbox_node_7925456985_img_1080634587049972.jpg,52.4392301,13.3161911,13.635,1729938409000,43.7
node/7925328886,52.4282776,13.2645241,"{""amenity"": ""post_box"", ""collection_times"": ""Mo-Fr 16:00; Sa 13:00"", ""operator"": ""Deutsche Post"", ""operator:wikidata"": ""Q157645"", ""operator:wikipedia"": ""de:Deutsche Post AG"", ""ref"": ""Prinz-Handjery-Str./Knesebeckstr., 14167 Berlin""}",307089907542686,images_filtered/postbox_node_7925328886_img_307089907542686.jpg,52.4280887,13.264595399972,0,1497713082000,13.0
node/7925328886,52.4282776,13.2645241,"{""amenity"": ""post_box"", ""collection_times"": ""Mo-Fr 16:00; Sa 13:00"", ""operator"": ""Deutsche Post"", ""operator:wikidata"": ""Q157645"", ""operator:wikipedia"": ""de:Deutsche Post AG"", ""ref"": ""Prinz-Handjery-Str./Knesebeckstr., 14167 Berlin""}",2828267544153977,images_filtered/postbox_node_7925328886_img_2828267544153977.jpg,52.4280101,13.2646356,0,1497713079000,14.3
node/7925328886,52.4282776,13.2645241,"{""amenity"": ""post_box"", ""collection_times"": ""Mo-Fr 16:00; Sa 13:00"", ""operator"": ""Deutsche Post"", ""operator:wikidata"": ""Q157645"", ""operator:wikipedia"": ""de:Deutsche Post AG"", ""ref"": ""Prinz-Handjery-Str./Knesebeckstr., 14167 Berlin""}",311844850309157,images_filtered/postbox_node_7925328886_img_311844850309157.jpg,52.428200799972,13.2645326,0,1497713087000,3.9
node/7972784685,52.4664815,13.3669319,"{""amenity"": ""post_box"", ""collection_times"": ""Mo-Fr 18:00"", ""colour"": ""green"", ""operator"": ""PIN Mail"", ""operator:type"": ""private"", ""operator:wikidata"": ""Q1342288""}",1300459643794951,images_filtered/postbox_node_7972784685_img_1300459643794951.jpg,52.466323199972,13.367099899972,0,1640531327000,32.9
node/7968410790,52.5121546,13.3769527,"{""amenity"": ""post_box"", ""check_date"": ""2026-06-12"", ""collection_times"": ""Mo-Fr 17:30; Sa 16:30"", ""note"": ""Zwei Briefkästen nebeneinander"", ""operator"": ""Deutsche Post"", ""operator:wikidata"": ""Q157645"", ""operator:wikipedia"": ""de:Deutsche Post AG"", ""post_box:apertures"": ""2"", ""post_box:type"": ""lamp"", ""postal_code"": ""10117"", ""ref"": ""Ebertstr. 1, 10117 Berlin"", ""support"": ""pole"", ""wheelchair"": ""yes""}",1021502145536408,images_filtered/postbox_node_7968410790_img_1021502145536408.jpg,52.511961300002,13.377176099998,347.85098409653,1693402462992,23.0
node/7968489586,52.4845962,13.3536031,"{""amenity"": ""post_box"", ""check_date:collection_times"": ""2024-04-26"", ""collection_times"": ""Mo-Fr 17:00"", ""operator"": ""PIN Mail"", ""operator:type"": ""private"", ""operator:wikidata"": ""Q1342288"", ""operator:wikipedia"": ""de:PIN Mail""}",1057928531865364,images_filtered/postbox_node_7968489586_img_1057928531865364.jpg,52.484627699999,13.353436200002,76.871658325195,1698759559219,30.3
node/7973405635,52.4242744,13.3638075,"{""amenity"": ""post_box"", ""brand"": ""Deutsche Post"", ""check_date"": ""2024-12-15"", ""collection_times"": ""Mo-Fr 16:15; Sa 12:15"", ""colour"": ""yellow"", ""operator"": ""Deutsche Post"", ""operator:wikidata"": ""Q157645"", ""operator:wikipedia"": ""de:Deutsche Post AG"", ""post_box:apertures"": ""2"", ""post_box:type"": ""lamp"", ""ref"": ""Falkenhausenweg/Wichurastr., 12249 Berlin""}",1749729166281566,images_filtered/postbox_node_7973405635_img_1749729166281566.jpg,52.4244253,13.3635045,111.55,1785662962000,17.7
node/7973340513,52.4164416,13.3615051,"{""amenity"": ""post_box"", ""brand"": ""Deutsche Post"", ""check_date"": ""2024-11-01"", ""collection_times"": ""Mo-Fr 14:00,17:00; Sa 14:00; Su 10:00"", ""colour"": ""yellow"", ""operator"": ""Deutsche Post"", ""operator:wikidata"": ""Q157645"", ""operator:wikipedia"": ""de:Deutsche Post AG"", ""post_box:type"": ""pillar"", ""ref"": ""Malteserstraße 170-172, 12277 Berlin"", ""wheelchair"": ""yes""}",1208005636343058,images_filtered/postbox_node_7973340513_img_1208005636343058.jpg,52.416238599972,13.361365799972,0,1625993564428,22.7
node/7973340513,52.4164416,13.3615051,"{""amenity"": ""post_box"", ""brand"": ""Deutsche Post"", ""check_date"": ""2024-11-01"", ""collection_times"": ""Mo-Fr 14:00,17:00; Sa 14:00; Su 10:00"", ""colour"": ""yellow"", ""operator"": ""Deutsche Post"", ""operator:wikidata"": ""Q157645"", ""operator:wikipedia"": ""de:Deutsche Post AG"", ""post_box:type"": ""pillar"", ""ref"": ""Malteserstraße 170-172, 12277 Berlin"", ""wheelchair"": ""yes""}",1216208622229426,images_filtered/postbox_node_7973340513_img_1216208622229426.jpg,52.416187899972,13.361504099972,0,1625993561429,0.1
node/8277622777,52.4528113,13.3415332,"{""amenity"": ""post_box"", ""collection_times"": ""Mo-Fr 15:45, Sa 12:15"", ""operator"": ""Deutsche Post"", ""operator:wikidata"": ""Q157645"", ""operator:wikipedia"": ""de:Deutsche Post AG"", ""ref"": ""Walsroder Str./Wilseder Str., 12169 Berlin""}",1150753065427682,images_filtered/postbox_node_8277622777_img_1150753065427682.jpg,52.452880555556,13.341422222222,91,1607085009000,44.7
node/7976194385,52.4877008,13.343571,"{""amenity"": ""post_box"", ""check_date:collection_times"": ""2023-11-11"", ""collection_times"": ""Mo-Fr 17:15; Sa 16:30"", ""operator"": ""Deutsche Post"", ""operator:wikidata"": ""Q157645"", ""operator:wikipedia"": ""de:Deutsche Post AG"", ""ref"": ""Apostel-Paulus-Str. 22, 10825 Berlin""}",1848105035367185,images_filtered/postbox_node_7976194385_img_1848105035367185.jpg,52.487852777778,13.343866666667,258,1442066690000,28.2
node/8443107017,52.5175156,13.6320002,"{""amenity"": ""post_box"", ""check_date:collection_times"": ""2025-04-12"", ""collection_times"": ""Mo-Fr 14:45; Sa 13:30"", ""operator"": ""Deutsche Post"", ""operator:wikidata"": ""Q157645"", ""operator:wikipedia"": ""de:Deutsche Post AG""}",225712089950005,images_filtered/postbox_node_8443107017_img_225712089950005.jpg,52.517421,13.6317792,41.454,1679833612000,13.4
node/8277691668,52.4507628,13.3398822,"{""amenity"": ""post_box"", ""collection_times"": ""Mo-Fr 08:30,15:45,17:30,21:00, Sa 12:00, Su 21:00"", ""operator"": ""Deutsche Post"", ""operator:wikidata"": ""Q157645"", ""operator:wikipedia"": ""de:Deutsche Post AG"", ""ref"": ""Steglitzer Damm 22, 12169 Berlin""}",288141796321812,images_filtered/postbox_node_8277691668_img_288141796321812.jpg,52.450861111111,13.339825,102,1454759934000,58.5
node/8277691668,52.4507628,13.3398822,"{""amenity"": ""post_box"", ""collection_times"": ""Mo-Fr 08:30,15:45,17:30,21:00, Sa 12:00, Su 21:00"", ""operator"": ""Deutsche Post"", ""operator:wikidata"": ""Q157645"", ""operator:wikipedia"": ""de:Deutsche Post AG"", ""ref"": ""Steglitzer Damm 22, 12169 Berlin""}",1216080982183384,images_filtered/postbox_node_8277691668_img_1216080982183384.jpg,52.45097951,13.33982968,229.07154846191,1402504435000,57.5
node/8464276493,52.4697732,13.4632819,"{""amenity"": ""post_box"", ""check_date"": ""2021-02-25"", ""collection_times"": ""Mo-Fr 14:30,17:45,20:45; Sa 12:00; Su 20:45"", ""colour"": ""yellow"", ""material"": ""metal"", ""note"": ""Hier stehen tatsächlich zwei identische Briefkästen nebeneinander."", ""operator"": ""Deutsche Post"", ""operator:wikidata"": ""Q157645"", ""operator:wikipedia"": ""de:Deutsche Post AG"", ""post_box:apertures"": ""1"", ""post_box:type"": ""pillar"", ""postal_code"": ""12057"", ""ref"": ""Grenzallee 4-6, 12057 Berlin"", ""support"": ""ground""}",1320535739280391,images_filtered/postbox_node_8464276493_img_1320535739280391.jpg,52.469786,13.4636,274,1762263198046,7.8
node/8464276493,52.4697732,13.4632819,"{""amenity"": ""post_box"", ""check_date"": ""2021-02-25"", ""collection_times"": ""Mo-Fr 14:30,17:45,20:45; Sa 12:00; Su 20:45"", ""colour"": ""yellow"", ""material"": ""metal"", ""note"": ""Hier stehen tatsächlich zwei identische Briefkästen nebeneinander."", ""operator"": ""Deutsche Post"", ""operator:wikidata"": ""Q157645"", ""operator:wikipedia"": ""de:Deutsche Post AG"", ""post_box:apertures"": ""1"", ""post_box:type"": ""pillar"", ""postal_code"": ""12057"", ""ref"": ""Grenzallee 4-6, 12057 Berlin"", ""support"": ""ground""}",1027717761138307,images_filtered/postbox_node_8464276493_img_1027717761138307.jpg,52.469808273066,13.463416798053,226.01107977853,1636798188195,20.9
node/8675822036,52.4304628,13.5718459,"{""amenity"": ""post_box"", ""operator"": ""PIN AG""}",130567439117677,images_filtered/postbox_node_8675822036_img_130567439117677.jpg,52.430258899972,13.571817499972,0,1551017586000,4.9
node/8756979868,52.5251101,13.5572152,"{""amenity"": ""post_box"", ""check_date:collection_times"": ""2025-03-29"", ""collection_times"": ""Mo-Fr 18:00"", ""operator"": ""PIN Mail"", ""operator:type"": ""private"", ""operator:wikidata"": ""Q1342288""}",1178344735926038,images_filtered/postbox_node_8756979868_img_1178344735926038.jpg,52.52486551651,13.556912150247,75.676727294922,1600853857878,38.7
node/8829762217,52.4537676,13.3167797,"{""amenity"": ""post_box"", ""collection_times"": ""Mo-Fr 20:00"", ""operator"": ""PIN Mail"", ""operator:type"": ""private"", ""operator:wikidata"": ""Q1342288"", ""operator:wikipedia"": ""de:PIN Mail""}",1049454612129092,images_filtered/postbox_node_8829762217_img_1049454612129092.jpg,52.453783333333,13.316613888889,59.4,1518971082000,39.5
node/9167450331,52.5464582,13.4429772,"{""amenity"": ""post_box"", ""brand"": ""pin"", ""collection_times"": ""Mo-Fr 18:00"", ""drive_through"": ""no"", ""indoor"": ""yes"", ""opening_hours"": ""24/7"", ""operator"": ""PIN Mail"", ""operator:type"": ""private"", ""operator:wikidata"": ""Q1342288"", ""operator:wikipedia"": ""de:PIN Mail""}",221277036128694,images_filtered/postbox_node_9167450331_img_221277036128694.jpg,52.546200561386,13.443393521023,300.16085380909,1591446482647,15.3
node/9246411133,52.5316812,13.3211332,"{""amenity"": ""post_box"", ""collection_times"": ""Mo-Fr 17:00"", ""operator"": ""PIN Mail"", ""operator:type"": ""private"", ""operator:wikidata"": ""Q1342288""}",1273595299765317,images_filtered/postbox_node_9246411133_img_1273595299765317.jpg,52.5314788,13.3207228,0,1565117165000,51.0
node/9246411133,52.5316812,13.3211332,"{""amenity"": ""post_box"", ""collection_times"": ""Mo-Fr 17:00"", ""operator"": ""PIN Mail"", ""operator:type"": ""private"", ""operator:wikidata"": ""Q1342288""}",1057478630421517,images_filtered/postbox_node_9246411133_img_1057478630421517.jpg,52.531580699972,13.320852699972,0,1787835408000,59.5
node/9246411133,52.5316812,13.3211332,"{""amenity"": ""post_box"", ""collection_times"": ""Mo-Fr 17:00"", ""operator"": ""PIN Mail"", ""operator:type"": ""private"", ""operator:wikidata"": ""Q1342288""}",1135057296982466,images_filtered/postbox_node_9246411133_img_1135057296982466.jpg,52.5315299,13.320976699972,0,1568982587000,32.2
node/9488133726,52.4562092,13.3389036,"{""amenity"": ""post_box"", ""brand"": ""pin"", ""collection_times"": ""Mo-Fr 18:00; Sa,Su,PH off"", ""colour"": ""#1f8b25"", ""operator"": ""PIN Mail"", ""operator:type"": ""private"", ""operator:wikidata"": ""Q1342288"", ""post_box:type"": ""pillar"", ""support"": ""ground""}",1355714318148405,images_filtered/postbox_node_9488133726_img_1355714318148405.jpg,52.456391666667,13.338911111111,183,1439322030000,1.6
node/9329820746,52.4966848,13.523736,"{""amenity"": ""post_box"", ""collection_times"": ""Mo-Fr 20:00"", ""collection_times:signed"": ""no"", ""operator"": ""PIN Mail"", ""operator:type"": ""private"", ""operator:wikidata"": ""Q1342288""}",1020680275697298,images_filtered/postbox_node_9329820746_img_1020680275697298.jpg,52.496712881884,13.523316,60.91997385025,1698819284260,35.3
node/9678308904,52.5774589,13.3577993,"{""amenity"": ""post_box""}",1862184620656528,images_filtered/postbox_node_9678308904_img_1862184620656528.jpg,52.5773426,13.3578685,0,1639393943500,19.9
node/9887385604,52.5151482,13.4850423,"{""amenity"": ""post_box"", ""collection_times"": ""Mo-Fr 16:30; Sa 11:30"", ""operator"": ""PIN Mail"", ""operator:type"": ""private"", ""operator:wikidata"": ""Q1342288"", ""post_box:type"": ""pillar""}",2020699061609768,images_filtered/postbox_node_9887385604_img_2020699061609768.jpg,52.515004199972,13.485171799972,0,1688656130500,28.7
node/9887385604,52.5151482,13.4850423,"{""amenity"": ""post_box"", ""collection_times"": ""Mo-Fr 16:30; Sa 11:30"", ""operator"": ""PIN Mail"", ""operator:type"": ""private"", ""operator:wikidata"": ""Q1342288"", ""post_box:type"": ""pillar""}",651605073675932,images_filtered/postbox_node_9887385604_img_651605073675932.jpg,52.514990099972,13.4851665,0,1688656131000,25.6
node/9887385605,52.5151396,13.4850394,"{""amenity"": ""post_box"", ""check_date:collection_times"": ""2024-09-01"", ""collection_times"": ""Mo-Fr 16:30; Sa 11:30"", ""operator"": ""Deutsche Post"", ""operator:wikidata"": ""Q157645"", ""post_box:type"": ""pillar""}",2020699061609768,images_filtered/postbox_node_9887385605_img_2020699061609768.jpg,52.515004199972,13.485171799972,0,1688656130500,30.8
node/9887385605,52.5151396,13.4850394,"{""amenity"": ""post_box"", ""check_date:collection_times"": ""2024-09-01"", ""collection_times"": ""Mo-Fr 16:30; Sa 11:30"", ""operator"": ""Deutsche Post"", ""operator:wikidata"": ""Q157645"", ""post_box:type"": ""pillar""}",227839626887287,images_filtered/postbox_node_9887385605_img_227839626887287.jpg,52.5149313,13.485153999972,0,1688656133000,18.5
node/9981771080,52.5275607,13.5389791,"{""amenity"": ""post_box"", ""collection_times"": ""Mo-Fr 18:00"", ""operator"": ""PIN Mail"", ""operator:type"": ""private"", ""operator:wikidata"": ""Q1342288""}",5440789475968550,images_filtered/postbox_node_9981771080_img_5440789475968550.jpg,52.5273832,13.539131899972,0,1660111197000,27.6
node/10172891518,52.482777,13.6018724,"{""amenity"": ""post_box"", ""collection_times"": ""Mo-Fr 17:00"", ""operator"": ""PIN Mail"", ""operator:type"": ""private"", ""operator:wikidata"": ""Q1342288""}",1377259026457756,images_filtered/postbox_node_10172891518_img_1377259026457756.jpg,52.482575699972,13.6014739,0,1686637755000,50.3
node/10172891518,52.482777,13.6018724,"{""amenity"": ""post_box"", ""collection_times"": ""Mo-Fr 17:00"", ""operator"": ""PIN Mail"", ""operator:type"": ""private"", ""operator:wikidata"": ""Q1342288""}",1264150510654182,images_filtered/postbox_node_10172891518_img_1264150510654182.jpg,52.4827364,13.6018068,0,1562868338000,44.5
node/10203528168,52.5266072,13.5233524,"{""amenity"": ""post_box"", ""operator"": ""PIN Mail"", ""operator:type"": ""private"", ""operator:wikidata"": ""Q1342288""}",2562776663852834,images_filtered/postbox_node_10203528168_img_2562776663852834.jpg,52.526457899972,13.523023,0,1655312783000,53.3
node/10225258981,52.4141462,13.4257396,"{""amenity"": ""post_box"", ""operator"": ""PIN Mail"", ""operator:type"": ""private"", ""operator:wikidata"": ""Q1342288""}",1207153699848122,images_filtered/postbox_node_10225258981_img_1207153699848122.jpg,52.414016899972,13.425735299972,343.70231112459,1662817679000,17.5
node/10605140755,52.4895526,13.3774855,"{""amenity"": ""post_box"", ""collection_times"": ""Mo-Fr 18:00"", ""colour"": ""green"", ""operator"": ""PIN Mail"", ""operator:type"": ""private"", ""operator:wikidata"": ""Q1342288"", ""operator:wikipedia"": ""de:PIN Mail"", ""post_box:type"": ""pillar""}",1087993616885542,images_filtered/postbox_node_10605140755_img_1087993616885542.jpg,52.4895318,13.377531899972,0,1785340103000,53.6
node/10823586763,52.5121,13.6307649,"{""amenity"": ""post_box"", ""collection_times"": ""Mo-Fr 17:00; Sa 13:45"", ""operator"": ""Deutsche Post"", ""operator:wikidata"": ""Q157645""}",483710793097810,images_filtered/postbox_node_10823586763_img_483710793097810.jpg,52.5120104,13.6308828,0,1642322518000,38.7
node/11364167409,52.5083548,13.4629278,"{""amenity"": ""post_box"", ""check_date:collection_times"": ""2024-11-25"", ""collection_times"": ""Mo-Fr 18:00"", ""operator"": ""PIN Mail"", ""operator:type"": ""private"", ""operator:wikidata"": ""Q1342288""}",107032515135768,images_filtered/postbox_node_11364167409_img_107032515135768.jpg,52.5082151,13.463122699972,0,1637050773000,40.3
node/11364167409,52.5083548,13.4629278,"{""amenity"": ""post_box"", ""check_date:collection_times"": ""2024-11-25"", ""collection_times"": ""Mo-Fr 18:00"", ""operator"": ""PIN Mail"", ""operator:type"": ""private"", ""operator:wikidata"": ""Q1342288""}",1045189139222248,images_filtered/postbox_node_11364167409_img_1045189139222248.jpg,52.508372655,13.462580870833,112.448584,1526057183000,17.6
node/11364167409,52.5083548,13.4629278,"{""amenity"": ""post_box"", ""check_date:collection_times"": ""2024-11-25"", ""collection_times"": ""Mo-Fr 18:00"", ""operator"": ""PIN Mail"", ""operator:type"": ""private"", ""operator:wikidata"": ""Q1342288""}",1064866487419410,images_filtered/postbox_node_11364167409_img_1064866487419410.jpg,52.5083178,13.462972699972,0,1639147287000,36.4
node/12159563621,52.4671752,13.4891133,"{""amenity"": ""post_box"", ""check_date:collection_times"": ""2024-12-06"", ""collection_times"": ""Mo-Fr 18:00"", ""colour"": ""green"", ""operator"": ""PIN Mail"", ""operator:type"": ""private"", ""operator:wikidata"": ""Q1342288"", ""operator:wikipedia"": ""de:PIN Mail""}",3884252321623778,images_filtered/postbox_node_12159563621_img_3884252321623778.jpg,52.466911099972,13.489408299972,319.28911700129,1568806650000,6.5
node/12159563621,52.4671752,13.4891133,"{""amenity"": ""post_box"", ""check_date:collection_times"": ""2024-12-06"", ""collection_times"": ""Mo-Fr 18:00"", ""colour"": ""green"", ""operator"": ""PIN Mail"", ""operator:type"": ""private"", ""operator:wikidata"": ""Q1342288"", ""operator:wikipedia"": ""de:PIN Mail""}",302878601439867,images_filtered/postbox_node_12159563621_img_302878601439867.jpg,52.46717787,13.48952214,218.5226620286,1442313411641,50.9
node/12778624759,52.5243847,13.4012836,"{""access"": ""yes"", ""addr:floor"": ""0"", ""amenity"": ""post_box"", ""collection_times"": ""Mo-Fr"", ""colour"": ""green"", ""covered"": ""yes"", ""indoor"": ""no"", ""level"": ""0"", ""material"": ""steel"", ""operator"": ""Pin AG"", ""source"": ""survey"", ""support"": ""wall""}",1201167570331083,images_filtered/postbox_node_12778624759_img_1201167570331083.jpg,52.52443076,13.40091232,160.10665464401,1438803840645,58.6
node/12930988099,52.4826019,13.5277241,"{""access"": ""yes"", ""addr:floor"": ""0"", ""amenity"": ""post_box"", ""collection_times"": ""Mo-Fr"", ""colour"": ""green"", ""covered"": ""yes"", ""indoor"": ""no"", ""level"": ""0"", ""material"": ""steel"", ""operator"": ""PIN AG"", ""post_box:type"": ""pillar"", ""source"": ""survey"", ""support"": ""ground""}",590376559706506,images_filtered/postbox_node_12930988099_img_590376559706506.jpg,52.482455399972,13.5278766,0,1678269156000,32.4
node/12930988099,52.4826019,13.5277241,"{""access"": ""yes"", ""addr:floor"": ""0"", ""amenity"": ""post_box"", ""collection_times"": ""Mo-Fr"", ""colour"": ""green"", ""covered"": ""yes"", ""indoor"": ""no"", ""level"": ""0"", ""material"": ""steel"", ""operator"": ""PIN AG"", ""post_box:type"": ""pillar"", ""source"": ""survey"", ""support"": ""ground""}",203646105648913,images_filtered/postbox_node_12930988099_img_203646105648913.jpg,52.4823717,13.5278667,0,1678269154000,20.7
node/13004427253,52.4815737,13.4347367,"{""amenity"": ""post_box"", ""check_date"": ""2025-12-20"", ""collection_times"": ""Mo-Fr 16:30"", ""colour"": ""yellow"", ""covered"": ""no"", ""material"": ""metal"", ""note"": ""Hier stehen tatsächlich zwei identische Briefkästen nebeneinander."", ""operator"": ""Deutsche Post"", ""operator:wikidata"": ""Q157645"", ""operator:wikipedia"": ""de:Deutsche Post AG"", ""post_box:type"": ""pillar"", ""support"": ""ground""}",1110498619709671,images_filtered/postbox_node_13004427253_img_1110498619709671.jpg,52.4813969,13.434753099972,0,1643708107000,3.2
node/13004427253,52.4815737,13.4347367,"{""amenity"": ""post_box"", ""check_date"": ""2025-12-20"", ""collection_times"": ""Mo-Fr 16:30"", ""colour"": ""yellow"", ""covered"": ""no"", ""material"": ""metal"", ""note"": ""Hier stehen tatsächlich zwei identische Briefkästen nebeneinander."", ""operator"": ""Deutsche Post"", ""operator:wikidata"": ""Q157645"", ""operator:wikipedia"": ""de:Deutsche Post AG"", ""post_box:type"": ""pillar"", ""support"": ""ground""}",1094473213243735,images_filtered/postbox_node_13004427253_img_1094473213243735.jpg,52.48143879236,13.434729147715,320.82688903809,1786283409131,41.1
node/13004427253,52.4815737,13.4347367,"{""amenity"": ""post_box"", ""check_date"": ""2025-12-20"", ""collection_times"": ""Mo-Fr 16:30"", ""colour"": ""yellow"", ""covered"": ""no"", ""material"": ""metal"", ""note"": ""Hier stehen tatsächlich zwei identische Briefkästen nebeneinander."", ""operator"": ""Deutsche Post"", ""operator:wikidata"": ""Q157645"", ""operator:wikipedia"": ""de:Deutsche Post AG"", ""post_box:type"": ""pillar"", ""support"": ""ground""}",1069731653776989,images_filtered/postbox_node_13004427253_img_1069731653776989.jpg,52.481338299972,13.4348212,306.1208542842,1637171439000,41.5
node/13011588186,52.5430567,13.4165802,"{""amenity"": ""post_box"", ""operator"": ""Hermes"", ""operator:wikidata"": ""Q1613532""}",276546494194899,images_filtered/postbox_node_13011588186_img_276546494194899.jpg,52.5429607,13.416741099972,0,1603792611500,45.5
node/13846942409,52.466774,13.3932366,"{""amenity"": ""post_box"", ""colour"": ""green"", ""operator"": ""PIN Mail""}",1003418347063470,images_filtered/postbox_node_13846942409_img_1003418347063470.jpg,52.466595368937,13.393490599559,311.69463234243,1494304556000,7.4
node/13846942409,52.466774,13.3932366,"{""amenity"": ""post_box"", ""colour"": ""green"", ""operator"": ""PIN Mail""}",1170494953375462,images_filtered/postbox_node_13846942409_img_1170494953375462.jpg,52.466659315056,13.393275513516,305.34356689453,1581678699303,43.0
