osm_id,lat,lon,tags
node/61299313,52.4369274,13.2823774,"{""amenity"": ""post_box"", ""collection_times"": ""Mo-Fr 15:00; Sa 12:15"", ""operator"": ""Deutsche Post"", ""operator:wikidata"": ""Q157645"", ""operator:wikipedia"": ""de:Deutsche Post AG"", ""ref"": ""Lotzestr./Curtiusstr., 12205 Berlin""}"
node/68247888,52.5254154,13.5442452,"{""amenity"": ""post_box"", ""collection_times"": ""Mo-Fr 15:15; Sa 13:30"", ""operator"": ""Deutsche Post"", ""operator:wikidata"": ""Q157645"", ""operator:wikipedia"": ""de:Deutsche Post AG"", ""ref"": ""Allee der Kosmonauten 61, 12681 Berlin""}"
node/29794880,52.524022,13.3525663,"{""access"": ""yes"", ""addr:floor"": ""0"", ""amenity"": ""post_box"", ""check_date"": ""2026-03-17"", ""check_date:collection_times"": ""2026-03-17"", ""collection_times"": ""Mo-Fr 15:00; Sa 12:45"", ""covered"": ""no"", ""drive_through"": ""no"", ""indoor"": ""no"", ""level"": ""0"", ""material"": ""steel"", ""operator"": ""Deutsche Post"", ""operator:wikidata"": ""Q157645"", ""operator:wikipedia"": ""de:Deutsche Post AG"", ""post_box:type"": ""lamp"", ""ref"": ""Alt-Moabit 113, 10557 Berlin"", ""source"": ""survey"", ""support"": ""pole""}"
node/60848446,52.5319726,13.4687709,"{""amenity"": ""post_box"", ""check_date:collection_times"": ""2023-12-24"", ""collection_times"": ""Mo-Fr 16:45; Sa 12:15"", ""operator"": ""Deutsche Post"", ""operator:wikidata"": ""Q157645"", ""operator:wikipedia"": ""de:Deutsche Post AG"", ""ref"": ""Judith-Auer-Str. 2, 10369 Berlin""}"
node/73690822,52.5057284,13.3458948,"{""amenity"": ""post_box"", ""check_date:collection_times"": ""2026-08-24"", ""collection_times"": ""Mo-Fr 17:00; Sa 16:15"", ""operator"": ""Deutsche Post"", ""operator:wikidata"": ""Q157645"", ""operator:wikipedia"": ""de:Deutsche Post AG"", ""ref"": ""Burggrafenstr. 1, 10787 Berlin""}"
node/68363410,52.4982937,13.4469544,"{""access"": ""yes"", ""amenity"": ""post_box"", ""check_date"": ""2026-02-28"", ""check_date:collection_times"": ""2026-02-28"", ""collection_times"": ""Mo-Fr 14:30; Sa 14:00"", ""colour"": ""yellow"", ""covered"": ""no"", ""drive_through"": ""no"", ""indoor"": ""no"", ""level"": ""0"", ""material"": ""steel"", ""operator"": ""Deutsche Post"", ""operator:wikidata"": ""Q157645"", ""operator:wikipedia"": ""de:Deutsche Post AG"", ""post_box:apertures"": ""2"", ""post_box:type"": ""lamp"", ""ref"": ""Schlesische Str. 21, 10997 Berlin"", ""source"": ""survey"", ""support"": ""ground""}"
node/73696600,52.5097557,13.3589821,"{""amenity"": ""post_box"", ""check_date"": ""2025-10-20"", ""check_date:collection_times"": ""2025-10-20"", ""collection_times"": ""Mo-Fr 17:00; Sa 16:15"", ""operator"": ""Deutsche Post"", ""operator:wikidata"": ""Q157645"", ""operator:wikipedia"": ""de:Deutsche Post AG"", ""ref"": ""Tiergartenstr. 24, 10785 Berlin""}"
node/69225994,52.511188,13.4060374,"{""amenity"": ""post_box"", ""collection_times"": ""Mo-Fr 13:15,15:45,17:45,20:15; Sa 14:45; Su 21:00"", ""direction"": ""170"", ""operator"": ""Deutsche Post"", ""operator:wikidata"": ""Q157645"", ""operator:wikipedia"": ""de:Deutsche Post AG"", ""ref"": ""Wallstr. 15, 10179 Berlin"", ""wheelchair"": ""yes""}"
node/76464728,52.4840645,13.3203822,"{""amenity"": ""post_box"", ""collection_times"": ""Mo-Fr 17:00; Sa 16:00"", ""operator"": ""Deutsche Post"", ""operator:wikidata"": ""Q157645"", ""operator:wikipedia"": ""de:Deutsche Post AG"", ""ref"": ""Blissestr. 21, 10713 Berlin""}"
node/76596302,52.5395517,13.452109,"{""amenity"": ""post_box"", ""collection_times"": ""Mo-Fr 17:00; Sa 12:00"", ""operator"": ""Deutsche Post"", ""operator:wikidata"": ""Q157645"", ""operator:wikipedia"": ""de:Deutsche Post AG"", ""ref"": ""Hanns-Eisler-Str. 93, 10409 Berlin""}"
node/76595941,52.54308,13.442233,"{""amenity"": ""post_box"", ""collection_times"": ""Mo-Fr 18:15; Sa 12:00; Su 09:00"", ""operator"": ""Deutsche Post"", ""operator:wikidata"": ""Q157645"", ""operator:wikipedia"": ""de:Deutsche Post AG"", ""ref"": ""Thomas-Mann-Straße 1, 10409 Berlin"", ""wheelchair"": ""yes""}"
node/78434633,52.5721286,13.3082253,"{""amenity"": ""post_box"", ""collection_times"": ""Mo-Fr 17:00; Sa 13:00"", ""operator"": ""Deutsche Post"", ""operator:wikidata"": ""Q157645"", ""operator:wikipedia"": ""de:Deutsche Post AG"", ""ref"": ""Auguste-Victoria-A. 52, 13403 Berlin""}"
node/81362500,52.50941,13.2708024,"{""access"": ""yes"", ""amenity"": ""post_box"", ""collection_times"": ""Mo-Fr 17:00; Sa 12:30"", ""covered"": ""no"", ""description"": ""Autobriefkasten"", ""drive_through"": ""yes"", ""operator"": ""Deutsche Post"", ""operator:wikidata"": ""Q157645"", ""operator:wikipedia"": ""de:Deutsche Post AG"", ""ref"": ""Heerstr. 2, 14055 Berlin""}"
node/78252182,52.5220276,13.4006284,"{""access"": ""yes"", ""addr:floor"": ""0"", ""amenity"": ""post_box"", ""check_date"": ""2025-10-15"", ""check_date:collection_times"": ""2025-10-15"", ""collection_times"": ""Mo-Fr 17:00; Sa 16:00"", ""colour"": ""yellow"", ""drive_through"": ""no"", ""indoor"": ""no"", ""level"": ""0"", ""material"": ""metal"", ""operator"": ""Deutsche Post"", ""operator:wikidata"": ""Q157645"", ""operator:wikipedia"": ""de:Deutsche Post AG"", ""post_box:apertures"": ""4"", ""post_box:type"": ""pillar"", ""postal_code"": ""10178"", ""ref"": ""Burgstr. 29, 10178 Berlin"", ""source"": ""survey"", ""support"": ""pole""}"
node/78668857,52.5253225,13.5572599,"{""amenity"": ""post_box"", ""check_date:collection_times"": ""2025-03-29"", ""collection_times"": ""Mo-Fr 16:45; Sa 14:00"", ""operator"": ""Deutsche Post"", ""operator:wikidata"": ""Q157645"", ""operator:wikipedia"": ""de:Deutsche Post AG"", ""ref"": ""Oberfeldstr./Kornmandelweg, 12683 Berlin""}"
node/84644786,52.5053537,13.3813925,"{""amenity"": ""post_box"", ""check_date"": ""2026-06-12"", ""collection_times"": ""Mo-Fr 17:15; Sa 14:15"", ""operator"": ""Deutsche Post"", ""operator:wikidata"": ""Q157645"", ""operator:wikipedia"": ""de:Deutsche Post AG"", ""ref"": ""Stresemannstr. 92, 10963 Berlin"", ""wheelchair"": ""yes""}"
node/139665595,52.5410346,13.1466038,"{""amenity"": ""post_box"", ""collection_times"": ""Mo-Fr 16:00; Sa 13:00"", ""operator"": ""Deutsche Post"", ""operator:wikidata"": ""Q157645"", ""ref"": ""Heidebergplan 3, 13591 Berlin""}"
node/109439480,52.587371,13.3248544,"{""amenity"": ""post_box"", ""check_date:collection_times"": ""2023-09-26"", ""collection_times"": ""Mo-Fr 14:00,16:00; Sa 13:00"", ""operator"": ""Deutsche Post"", ""operator:wikidata"": ""Q157645"", ""operator:wikipedia"": ""de:Deutsche Post AG"", ""ref"": ""Am Nordgraben/Eichborndamm, 13437 Berlin""}"
node/89275193,52.5132158,13.406821,"{""amenity"": ""post_box"", ""check_date"": ""2025-04-01"", ""collection_times"": ""Mo-Fr 15:00,17:00; Sa 16:00"", ""operator"": ""Deutsche Post"", ""operator:wikidata"": ""Q157645"", ""operator:wikipedia"": ""de:Deutsche Post AG"", ""ref"": ""Fischerinsel 6, 10179 Berlin"", ""wheelchair"": ""yes""}"
node/151012676,52.5137981,13.5546334,"{""amenity"": ""post_box"", ""check_date"": ""2020-11-01"", ""check_date:collection_times"": ""2024-01-07"", ""collection_times"": ""Mo-Fr 15:15; Sa 13:45"", ""operator"": ""Deutsche Post"", ""operator:wikidata"": ""Q157645"", ""operator:wikipedia"": ""de:Deutsche Post AG"", ""ref"": ""Oberfeldstraße 196, 12683 Berlin""}"
node/151012580,52.5279419,13.5391019,"{""amenity"": ""post_box"", ""check_date"": ""2026-04-28"", ""check_date:collection_times"": ""2026-04-28"", ""collection_times"": ""Mo-Fr 16:00; Sa 13:45"", ""operator"": ""Deutsche Post"", ""operator:wikidata"": ""Q157645"", ""operator:wikipedia"": ""de:Deutsche Post AG"", ""ref"": ""Helene-Weigel-Platz 5, 12681 Berlin""}"
node/186467347,52.416142,13.5793661,"{""amenity"": ""post_box"", ""brand"": ""Deutsche Post"", ""collection_times"": ""Mo-Fr 17:45; Sa 13:45"", ""operator"": ""Deutsche Post"", ""operator:wikidata"": ""Q157645"", ""operator:wikipedia"": ""de:Deutsche Post AG"", ""postal_code"": ""12527"", ""ref"": ""Wassersportallee 24, 12527 Berlin""}"
node/203620739,52.5420278,13.5424031,"{""amenity"": ""post_box"", ""collection_times"": ""Mo-Fr 14:15,18:00,20:45; Sa 14:15; Su 09:45,20:45"", ""covered"": ""yes"", ""operator"": ""Deutsche Post"", ""operator:wikidata"": ""Q157645"", ""ref"": ""Märkische Allee 176-178, 12681 Berlin""}"
node/254128142,52.4919239,13.3192956,"{""amenity"": ""post_box"", ""check_date:collection_times"": ""2026-04-01"", ""collection_times"": ""Mo-Fr 17:00; Sa 16:30"", ""operator"": ""Deutsche Post"", ""operator:wikidata"": ""Q157645"", ""operator:wikipedia"": ""de:Deutsche Post AG"", ""ref"": ""Hohenzollerndamm 188, 10713 Berlin""}"
node/254307066,52.5025343,13.3245777,"{""access"": ""yes"", ""addr:floor"": ""0"", ""amenity"": ""post_box"", ""collection_times"": ""Mo-Fr 15:15,16:30,17:30,18:30; Sa 15:45"", ""covered"": ""no"", ""drive_through"": ""no"", ""indoor"": ""no"", ""level"": ""0"", ""material"": ""steel"", ""operator"": ""Deutsche Post"", ""operator:wikidata"": ""Q157645"", ""operator:wikipedia"": ""de:Deutsche Post AG"", ""post_box:type"": ""pillar"", ""ref"": ""Kurfürstendamm 33, 10719 Berlin"", ""source"": ""survey""}"
node/254862379,52.4658127,13.4649436,"{""amenity"": ""post_box"", ""check_date"": ""2020-08-03"", ""collection_times"": ""Mo-Fr 14:00, 16:30; Sa 14:45"", ""operator"": ""Deutsche Post"", ""operator:wikidata"": ""Q157645"", ""operator:wikipedia"": ""de:Deutsche Post AG"", ""post_box:type"": ""lamp"", ""postal_code"": ""12057"", ""ref"": ""Neuköllnische Allee 83, 12057 Berlin""}"
node/255327998,52.5188086,13.2769374,"{""amenity"": ""post_box"", ""check_date:collection_times"": ""2025-03-18"", ""collection_times"": ""Mo-Fr 16:00; Sa 13:00"", ""operator"": ""Deutsche Post"", ""operator:wikidata"": ""Q157645"", ""operator:wikipedia"": ""de:Deutsche Post AG"", ""ref"": ""Spandauer Damm 130, 14050 Berlin""}"
node/257981428,52.524102,13.4798047,"{""amenity"": ""post_box"", ""collection_times"": ""Mo-Fr 16:45; Sa 12:00"", ""operator"": ""Deutsche Post"", ""operator:wikidata"": ""Q157645"", ""operator:wikipedia"": ""de:Deutsche Post AG"", ""ref"": ""Möllendorffstr. 46-52, 10367 Berlin""}"
node/258889259,52.5659984,13.5787758,"{""amenity"": ""post_box"", ""collection_times"": ""Mo-Fr 15:45, Sa 13:30"", ""operator"": ""Deutsche Post"", ""operator:wikidata"": ""Q157645"", ""operator:wikipedia"": ""de:Deutsche Post AG"", ""ref"": ""Havemannstr./Rabensteiner Str., 12689 Berlin""}"
node/261736987,52.5177367,13.5060746,"{""amenity"": ""post_box"", ""check_date:collection_times"": ""2026-07-08"", ""collection_times"": ""Mo-Fr 17:15; Sa 11:45"", ""operator"": ""Deutsche Post"", ""operator:wikidata"": ""Q157645"", ""operator:wikipedia"": ""de:Deutsche Post AG"", ""ref"": ""Gotlindestr. 17, 10365 Berlin""}"
node/262353465,52.5150759,13.462477,"{""amenity"": ""post_box"", ""check_date:collection_times"": ""2026-06-16"", ""collection_times"": ""Mo-Fr 17:30; Sa 14:30"", ""operator"": ""Deutsche Post"", ""operator:wikidata"": ""Q157645"", ""operator:wikipedia"": ""de:Deutsche Post AG"", ""ref"": ""Frankfurter Allee 41, 10247 Berlin""}"
node/263704561,52.5108683,13.5041272,"{""amenity"": ""post_box"", ""check_date:collection_times"": ""2025-05-20"", ""collection_times"": ""Mo-Fr 16:30, Sa 11:30"", ""operator"": ""Deutsche Post"", ""operator:wikidata"": ""Q157645"", ""operator:wikipedia"": ""de:Deutsche Post AG"", ""ref"": ""Frankfurter Allee 281, 10317 Berlin""}"
node/263704567,52.5145065,13.4681121,"{""amenity"": ""post_box"", ""check_date:collection_times"": ""2026-03-17"", ""collection_times"": ""Mo-Fr 17:30; Sa 14:30; Su 09:00"", ""operator"": ""Deutsche Post"", ""operator:wikidata"": ""Q157645"", ""operator:wikipedia"": ""de:Deutsche Post AG"", ""ref"": ""Frankfurter Allee 71-77, 10247 Berlin""}"
node/266629573,52.5124358,13.5890024,"{""amenity"": ""post_box"", ""collection_times"": ""Mo-Fr 14:00,16:45, Sa 14:00; PH off"", ""drive_through"": ""no"", ""operator"": ""Deutsche Post"", ""operator:wikidata"": ""Q157645"", ""operator:wikipedia"": ""de:Deutsche Post AG"", ""ref"": ""Heinrich-Grüber-Str. (Bus-Bahnhof), 12621 Berlin""}"
node/260919529,52.5259714,13.3985329,"{""access"": ""yes"", ""addr:floor"": ""0"", ""amenity"": ""post_box"", ""check_date:collection_times"": ""2024-02-10"", ""collection_times"": ""Mo-Fr 15:30,17:00,21:15; Sa 14:00; Su 21:15"", ""colour"": ""yellow"", ""covered"": ""no"", ""direction"": ""346"", ""drive_through"": ""no"", ""indoor"": ""no"", ""level"": ""0"", ""material"": ""steel"", ""operator"": ""Deutsche Post"", ""operator:wikidata"": ""Q157645"", ""operator:wikipedia"": ""de:Deutsche Post AG"", ""post_box:type"": ""pillar"", ""ref"": ""Große Hamburger Str. 5-11, 10115 Berlin"", ""source"": ""survey"", ""support"": ""ground""}"
node/267183891,52.5360317,13.427199,"{""amenity"": ""post_box"", ""collection_times"": ""Mo-Fr 17:15; Sa 12:30"", ""operator"": ""Deutsche Post"", ""operator:wikidata"": ""Q157645"", ""operator:wikipedia"": ""de:Deutsche Post AG"", ""ref"": ""Winsstr. 45, 10405 Berlin""}"
node/267390138,52.5697832,13.2072664,"{""amenity"": ""post_box"", ""check_date:collection_times"": ""2024-12-15"", ""collection_times"": ""Mo-Fr 16:00; Sa 12:30"", ""operator"": ""Deutsche Post"", ""operator:wikidata"": ""Q157645"", ""ref"": ""Birkenweg 28, 13587 Berlin""}"
node/268220702,52.4724411,13.4461634,"{""amenity"": ""post_box"", ""check_date"": ""2026-05-04"", ""check_date:collection_times"": ""2026-05-04"", ""collection_times"": ""Mo-Fr 16:00; Sa 13:15"", ""operator"": ""Deutsche Post"", ""operator:wikidata"": ""Q157645"", ""operator:wikipedia"": ""de:Deutsche Post AG"", ""post_box:type"": ""pillar"", ""postal_code"": ""12055"", ""ref"": ""Böhmische Straße 58, 12055 Berlin""}"
node/267630577,52.5001329,13.4435785,"{""amenity"": ""post_box"", ""check_date"": ""2026-09-13"", ""check_date:collection_times"": ""2026-09-13"", ""collection_times"": ""Mo-Fr 17:00; Sa 14:00"", ""colour"": ""yellow"", ""drive_through"": ""no"", ""material"": ""metal"", ""operator"": ""Deutsche Post"", ""operator:wikidata"": ""Q157645"", ""operator:wikipedia"": ""de:Deutsche Post AG"", ""post_box:apertures"": ""2"", ""post_box:type"": ""lamp"", ""postal_code"": ""10997"", ""ref"": ""Schlesische Str. 8, 10997 Berlin"", ""support"": ""pole"", ""wheelchair"": ""limited""}"
node/268859410,52.4639836,13.5179372,"{""amenity"": ""post_box"", ""collection_times"": ""Mo-Fr 14:45; Sa 13:00"", ""operator"": ""Deutsche Post"", ""operator:wikidata"": ""Q157645"", ""operator:wikipedia"": ""de:Deutsche Post AG"", ""post_box:type"": ""lamp"", ""ref"": ""Griechische Allee 22, 12459 Berlin"", ""support"": ""pole""}"
node/268981801,52.5002423,13.4008774,"{""amenity"": ""post_box"", ""collection_times"": ""Mo-Fr 17:30; Sa 14:30"", ""operator"": ""Deutsche Post"", ""operator:wikidata"": ""Q157645"", ""operator:wikipedia"": ""de:Deutsche Post AG"", ""ref"": ""Alexandrinenstr. 122, 10969 Berlin""}"
node/269668603,52.5093298,13.4483292,"{""amenity"": ""post_box"", ""check_date"": ""2026-03-19"", ""check_date:collection_times"": ""2026-03-19"", ""collection_times"": ""Mo-Fr 17:45; Sa 12:45"", ""operator"": ""Deutsche Post"", ""operator:wikidata"": ""Q157645"", ""operator:wikipedia"": ""de:Deutsche Post AG"", ""ref"": ""Marchlewskistr. 95, 10243 Berlin""}"
node/268981762,52.5053284,13.4053406,"{""amenity"": ""post_box"", ""collection_times"": ""Mo-Fr 17:00, Sa 13:45"", ""operator"": ""Deutsche Post"", ""operator:wikidata"": ""Q157645"", ""operator:wikipedia"": ""de:Deutsche Post AG"", ""postal_code"": ""10969"", ""ref"": ""Alexandrinenstraße 90, 10969 Berlin""}"
node/268981831,52.4948952,13.4149576,"{""amenity"": ""post_box"", ""check_date"": ""2026-07-08"", ""check_date:collection_times"": ""2026-07-08"", ""collection_times"": ""Mo-Fr 15:00; Sa 14:00"", ""operator"": ""Deutsche Post"", ""operator:wikidata"": ""Q157645"", ""operator:wikipedia"": ""de:Deutsche Post AG"", ""post_box:type"": ""lamp"", ""postal_code"": ""10967"", ""ref"": ""Planufer 87, 10967 Berlin""}"
node/270727256,52.5433787,13.3755473,"{""amenity"": ""post_box"", ""check_date:collection_times"": ""2024-08-24"", ""collection_times"": ""Mo-Fr 17:00; Sa 12:00"", ""operator"": ""Deutsche Post"", ""operator:wikidata"": ""Q157645"", ""operator:wikipedia"": ""de:Deutsche Post AG"", ""ref"": ""Gerichtstr. 12, 13347 Berlin""}"
node/270814735,52.427653,13.2149394,"{""amenity"": ""post_box"", ""check_date"": ""2024-11-20"", ""collection_times"": ""Mo-Fr 16:00; Sa 14:15; Su,PH off"", ""colour"": ""#e2a300"", ""operator"": ""Deutsche Post"", ""operator:wikidata"": ""Q157645"", ""post_box:type"": ""lamp"", ""ref"": ""Potsdamer Chaussee 33, 14129 Berlin"", ""support"": ""post""}"
node/270957770,52.5519971,13.3668721,"{""amenity"": ""post_box"", ""check_date:collection_times"": ""2025-04-09"", ""collection_times"": ""Mo-Fr 15:00; Sa 12:00"", ""operator"": ""Deutsche Post"", ""operator:wikidata"": ""Q157645"", ""operator:wikipedia"": ""de:Deutsche Post AG"", ""ref"": ""Reinickendorfer Str. 71, 13347 Berlin""}"
node/271288585,52.4932599,13.3835202,"{""amenity"": ""post_box"", ""check_date"": ""2025-04-14"", ""check_date:collection_times"": ""2025-04-14"", ""collection_times"": ""Mo-Fr 15:45; Sa 14:00"", ""colour"": ""yellow"", ""operator"": ""Deutsche Post"", ""operator:wikidata"": ""Q157645"", ""operator:wikipedia"": ""de:Deutsche Post AG"", ""post_box:apertures"": ""2"", ""post_box:type"": ""lamp"", ""ref"": ""Großbeerenstr. 61, 10965 Berlin"", ""support"": ""pole""}"
node/271400529,52.5372033,13.1898285,"{""amenity"": ""post_box"", ""collection_times"": ""Mo-Fr 16:00; Sa 13:00"", ""operator"": ""Deutsche Post"", ""operator:wikidata"": ""Q157645"", ""operator:wikipedia"": ""de:Deutsche Post AG"", ""ref"": ""Borkzeile 7, 13583 Berlin""}"
node/271411058,52.49585,13.2684275,"{""amenity"": ""post_box"", ""collection_times"": ""Mo-Fr 16:00; Sa 13:30"", ""operator"": ""Deutsche Post"", ""operator:wikidata"": ""Q157645"", ""operator:wikipedia"": ""de:Deutsche Post AG"", ""ref"": ""Eichkampstr./Lärchenweg, 14055 Berlin""}"
node/269477888,52.5084707,13.4147011,"{""amenity"": ""post_box"", ""check_date:collection_times"": ""2026-08-12"", ""collection_times"": ""Mo-Fr 17:00; Sa 14:00"", ""operator"": ""Deutsche Post"", ""operator:wikidata"": ""Q157645"", ""operator:wikipedia"": ""de:Deutsche Post AG"", ""ref"": ""Heinrich-Heine-Str. 13, 1179 Berlin""}"
node/271419840,52.5258504,13.3085076,"{""amenity"": ""post_box"", ""collection_times"": ""Mo-Fr 17:30; Sa 14:30"", ""operator"": ""Deutsche Post"", ""operator:wikidata"": ""Q157645"", ""operator:wikipedia"": ""de:Deutsche Post AG"", ""ref"": ""Kaiserin-Augusta-Allee 45, 10589 Berlin""}"
node/271419828,52.5125173,13.2817695,"{""amenity"": ""post_box"", ""collection_times"": ""Mo-Fr 15:30; Sa 12:30"", ""operator"": ""Deutsche Post"", ""operator:wikidata"": ""Q157645"", ""operator:wikipedia"": ""de:Deutsche Post AG"", ""ref"": ""Königin-Elisabeth-Str. 24, 14059 Berlin""}"
node/271419846,52.525868,13.3163909,"{""amenity"": ""post_box"", ""collection_times"": ""Mo-Fr 17:15; Sa 12:15"", ""operator"": ""Deutsche Post"", ""operator:wikidata"": ""Q157645"", ""operator:wikipedia"": ""de:Deutsche Post AG"", ""ref"": ""Kaiserin-Augusta-Allee 30, 10553 Berlin""}"
node/271419849,52.5288613,13.3174775,"{""amenity"": ""post_box"", ""collection_times"": ""Mo-Fr 17:30; Sa 12:30"", ""operator"": ""Deutsche Post"", ""operator:wikidata"": ""Q157645"", ""operator:wikipedia"": ""de:Deutsche Post AG"", ""ref"": ""Huttenstr. 26, 10553 Berlin""}"
node/271713665,52.5362896,13.2018337,"{""amenity"": ""post_box"", ""check_date:collection_times"": ""2026-08-26"", ""collection_times"": ""Mo-Fr 16:30; Sa 12:00"", ""operator"": ""Deutsche Post"", ""operator:wikidata"": ""Q157645"", ""operator:wikipedia"": ""de:Deutsche Post AG"", ""ref"": ""Carl-Schurz-Str. 17, 13597 Berlin""}"
node/272236957,52.5218484,13.3283257,"{""amenity"": ""post_box"", ""check_date"": ""2026-08-13"", ""check_date:collection_times"": ""2026-08-13"", ""collection_times"": ""Mo-Fr 17:00; Sa 14:00"", ""operator"": ""Deutsche Post"", ""operator:wikidata"": ""Q157645"", ""operator:wikipedia"": ""de:Deutsche Post AG"", ""ref"": ""Franklinstr. 16-17, 10587 Berlin""}"
node/273749236,52.4611594,13.3450595,"{""amenity"": ""post_box"", ""collection_times"": ""Mo-Fr 14:00,16:00; Sa 12:30"", ""operator"": ""Deutsche Post"", ""operator:wikidata"": ""Q157645"", ""operator:wikipedia"": ""de:Deutsche Post AG"", ""ref"": ""Thorwaldsenstr./Göttinger Str., 12157 Berlin""}"
node/272706302,52.5168345,13.4539521,"{""amenity"": ""post_box"", ""collection_times"": ""Mo-Fr 15:30,17:30; Sa 14:30"", ""collection_times:signed"": ""no"", ""operator"": ""Deutsche Post"", ""operator:wikidata"": ""Q157645"", ""operator:wikipedia"": ""de:Deutsche Post AG"", ""ref"": ""Petersburger Str. 99, 10249 Berlin""}"
node/273437186,52.5160796,13.4551362,"{""amenity"": ""post_box"", ""check_date:collection_times"": ""2026-08-20"", ""collection_times"": ""Mo-Fr 17:30; Sa 14:30"", ""operator"": ""Deutsche Post"", ""operator:wikidata"": ""Q157645"", ""operator:wikipedia"": ""de:Deutsche Post AG"", ""ref"": ""Frankfurter Allee 1, 10247 Berlin""}"
node/274280296,52.4654706,13.4422596,"{""amenity"": ""post_box"", ""check_date"": ""2020-11-18"", ""collection_times"": ""Mo-Fr 14:00,16:45; Sa 15:00"", ""operator"": ""Deutsche Post"", ""operator:wikidata"": ""Q157645"", ""operator:wikipedia"": ""de:Deutsche Post AG"", ""post_box:apertures"": ""2"", ""post_box:type"": ""lamp"", ""postal_code"": ""12057"", ""ref"": ""Karl-Marx-Str. 262, 12057 Berlin"", ""support"": ""pole""}"
node/276667542,52.438385,13.3439613,"{""amenity"": ""post_box"", ""brand"": ""Deutsche Post"", ""check_date:collection_times"": ""2026-08-09"", ""collection_times"": ""Mo-Fr 16:00; Sa 13:45"", ""colour"": ""yellow"", ""operator"": ""Deutsche Post"", ""operator:wikidata"": ""Q157645"", ""operator:wikipedia"": ""de:Deutsche Post AG"", ""post_box:apertures"": ""2"", ""post_box:type"": ""lamp"", ""ref"": ""Leonorenstr. 70, 12247 Berlin"", ""wheelchair"": ""yes""}"
node/276759089,52.4692072,13.4327812,"{""amenity"": ""post_box"", ""check_date"": ""2024-03-20"", ""collection_times"": ""Mo-Fr 14:00,16:30; Sa 12:45"", ""colour"": ""yellow"", ""operator"": ""Deutsche Post"", ""operator:wikidata"": ""Q157645"", ""operator:wikipedia"": ""de:Deutsche Post AG"", ""post_box:apertures"": ""1"", ""post_box:type"": ""pillar"", ""postal_code"": ""12051"", ""ref"": ""Altenbraker Str./Nogatstr., 12051 Berlin""}"
node/277105186,52.4973383,13.3903212,"{""amenity"": ""post_box"", ""collection_times"": ""Mo-Fr 15:15,18:15,21:00; Sa 14:00; Su 21:00"", ""count"": ""2"", ""last_checked"": ""2020-08-23"", ""operator"": ""Deutsche Post"", ""operator:wikidata"": ""Q157645"", ""operator:wikipedia"": ""de:Deutsche Post AG"", ""ref"": ""Tempelhofer Ufer 1, 10961 Berlin""}"
node/275367138,52.5462204,13.3597632,"{""access"": ""yes"", ""addr:floor"": ""0"", ""amenity"": ""post_box"", ""collection_times"": ""Mo-Fr 16:00; Sa 12:00"", ""covered"": ""no"", ""drive_through"": ""no"", ""indoor"": ""no"", ""level"": ""0"", ""material"": ""steel"", ""operator"": ""Deutsche Post"", ""operator:wikidata"": ""Q157645"", ""operator:wikipedia"": ""de:Deutsche Post AG"", ""post_box:type"": ""pillar"", ""ref"": ""Müllerstr. 25, 13353 Berlin"", ""source"": ""survey"", ""support"": ""poles""}"
node/278145373,52.4663821,13.1198345,"{""amenity"": ""post_box"", ""collection_times"": ""Mo-Fr 16:00; Sa 12:00"", ""operator"": ""Deutsche Post"", ""operator:wikidata"": ""Q157645"", ""ref"": ""Seekorso 20, 14089 Berlin""}"
node/278214376,52.5431679,13.356052,"{""amenity"": ""post_box"", ""check_date"": ""2025-04-16"", ""check_date:collection_times"": ""2025-04-16"", ""collection_times"": ""Mo-Fr 15:00; Sa 11:00"", ""operator"": ""Deutsche Post"", ""operator:wikidata"": ""Q157645"", ""operator:wikipedia"": ""de:Deutsche Post AG"", ""ref"": ""Triftstr. 57, 13353 Berlin""}"
node/278900663,52.4273249,13.3555984,"{""amenity"": ""post_box"", ""brand"": ""Deutsche Post"", ""check_date"": ""2024-12-15"", ""collection_times"": ""Mo-Fr 15:45; Sa 13:30"", ""colour"": ""yellow"", ""operator"": ""Deutsche Post"", ""operator:wikidata"": ""Q157645"", ""operator:wikipedia"": ""de:Deutsche Post AG"", ""post_box:apertures"": ""1"", ""post_box:type"": ""pillar"", ""ref"": ""Malteserstr. 74-100, 12249 Berlin""}"
node/278506909,52.5392913,13.2721755,"{""amenity"": ""post_box"", ""check_date:collection_times"": ""2026-08-20"", ""collection_times"": ""Mo-Fr 16:00; Sa 12:30"", ""operator"": ""Deutsche Post"", ""operator:wikidata"": ""Q157645"", ""operator:wikipedia"": ""de:Deutsche Post AG"", ""ref"": ""Goebelstr. 117, 13627 Berlin""}"
node/280053185,52.4801126,13.3119619,"{""amenity"": ""post_box"", ""check_date:collection_times"": ""2025-05-19"", ""collection_times"": ""Mo-Fr 15:45,17:45; Sa 16:45"", ""layer"": ""2"", ""operator"": ""Deutsche Post"", ""operator:wikidata"": ""Q157645"", ""ref"": ""Mecklenburgische Str. 22, 10713 Berlin""}"
node/280245192,52.5597218,13.3487504,"{""amenity"": ""post_box"", ""check_date"": ""2025-01-22"", ""check_date:collection_times"": ""2025-01-22"", ""collection_times"": ""Mo-Fr 16:00; Sa 12:00"", ""operator"": ""Deutsche Post"", ""operator:wikidata"": ""Q157645"", ""operator:wikipedia"": ""de:Deutsche Post AG"", ""ref"": ""Bristolstr. 11, 13349 Berlin""}"
node/280296897,52.4378695,13.3485374,"{""amenity"": ""post_box"", ""check_date:collection_times"": ""2026-08-09"", ""collection_times"": ""Mo-Fr 16:00; Sa 13:45"", ""operator"": ""Deutsche Post"", ""operator:wikidata"": ""Q157645"", ""operator:wikipedia"": ""de:Deutsche Post AG"", ""postal_code"": ""12247"", ""ref"": ""Kaiser-Wilhelm-Straße/Bruchwitzstraße, 12247 Berlin""}"
node/280296898,52.436039,13.3451038,"{""amenity"": ""post_box"", ""collection_times"": ""Mo-Fr 14:00,16:30; Sa 13:45"", ""operator"": ""Deutsche Post"", ""operator:wikidata"": ""Q157645"", ""operator:wikipedia"": ""de:Deutsche Post AG"", ""ref"": ""Kaiser-Wilhelm-Str. 78, 12247 Berlin""}"
node/280444173,52.4445106,13.3550806,"{""amenity"": ""post_box"", ""collection_times"": ""Mo-Fr 16:15; Sa 13:15"", ""operator"": ""Deutsche Post"", ""operator:wikidata"": ""Q157645"", ""operator:wikipedia"": ""de:Deutsche Post AG"", ""ref"": ""Attilastr. 89, 12247 Berlin""}"
node/280750595,52.5522136,13.5768192,"{""amenity"": ""post_box"", ""collection_times"": ""Mo-Fr 15:45, 16:45; Sa 14:45"", ""note"": ""Standort ist korrekt! Auch wenn die Deutsche Post was anderes anzeigt."", ""operator"": ""Deutsche Post"", ""operator:wikidata"": ""Q157645"", ""operator:wikipedia"": ""de:Deutsche Post AG"", ""ref"": ""Grumsiner Str./Glambecker Ring, 12679 Berlin""}"
node/280936536,52.5482004,13.4644395,"{""amenity"": ""post_box"", ""collection_times"": ""Mo-Fr 16:00; Sa 12:00"", ""drive_through"": ""no"", ""operator"": ""Deutsche Post"", ""operator:wikidata"": ""Q157645"", ""operator:wikipedia"": ""de:Deutsche Post AG"", ""ref"": ""Gounodstr. 95, 13088 Berlin""}"
node/280834163,52.5384065,13.3623872,"{""amenity"": ""post_box"", ""check_date"": ""2024-11-01"", ""check_date:collection_times"": ""2024-11-01"", ""collection_times"": ""Mo-Fr 17:00; Sa 12:00"", ""operator"": ""Deutsche Post"", ""operator:wikidata"": ""Q157645"", ""ref"": ""Fennstr. 32, 13353 Berlin""}"
node/281206929,52.511975,13.4971626,"{""amenity"": ""post_box"", ""check_date:collection_times"": ""2026-04-04"", ""collection_times"": ""Mo-Fr 17:30; Sa 11:45; Su 09:00"", ""drive_through"": ""no"", ""operator"": ""Deutsche Post"", ""operator:wikidata"": ""Q157645"", ""operator:wikipedia"": ""de:Deutsche Post AG"", ""ref"": ""Frankfurter Allee 243, 10365 Berlin""}"
node/281775178,52.5561939,13.4405029,"{""amenity"": ""post_box"", ""collection_times"": ""Mo-Fr 15:30; Sa 12:00"", ""operator"": ""Deutsche Post"", ""operator:wikidata"": ""Q157645"", ""operator:wikipedia"": ""de:Deutsche Post AG"", ""ref"": ""Gustav-Adolf-Str. 136, 13086 Berlin""}"
node/282936924,52.5120332,13.4485313,"{""amenity"": ""post_box"", ""check_date"": ""2025-11-11"", ""check_date:collection_times"": ""2025-11-11"", ""collection_times"": ""Mo-Fr 17:45; Sa 12:45; Su 09:00"", ""operator"": ""Deutsche Post"", ""operator:wikidata"": ""Q157645"", ""operator:wikipedia"": ""de:Deutsche Post AG"", ""ref"": ""Gubener Str. 47, 10243 Berlin""}"
node/282685481,52.5268457,13.4809208,"{""amenity"": ""post_box"", ""check_date:collection_times"": ""2024-12-13"", ""collection_times"": ""Mo-Fr 16:45,20:30, Sa 12:00, Su 21:15"", ""operator"": ""Deutsche Post"", ""operator:wikidata"": ""Q157645"", ""operator:wikipedia"": ""de:Deutsche Post AG"", ""ref"": ""Herzbergstr. 157, 10367 Berlin""}"
node/283165265,52.448762,13.4501975,"{""amenity"": ""post_box"", ""check_date"": ""2024-10-18"", ""check_date:collection_times"": ""2024-10-18"", ""collection_times"": ""Mo-Fr 17:00; Sa 15:15"", ""colour"": ""yellow"", ""drive_through"": ""no"", ""operator"": ""Deutsche Post"", ""operator:wikidata"": ""Q157645"", ""operator:wikipedia"": ""de:Deutsche Post AG"", ""post_box:apertures"": ""2"", ""post_box:type"": ""lamp"", ""ref"": ""Fritz-Reuter-Allee/Hanne-Nüte, 12359 Berlin"", ""support"": ""pole""}"
node/282936928,52.5131152,13.4569814,"{""amenity"": ""post_box"", ""collection_times"": ""Mo-Fr 17:00; Sa 12:00"", ""operator"": ""Deutsche Post"", ""operator:wikidata"": ""Q157645"", ""operator:wikipedia"": ""de:Deutsche Post AG"", ""ref"": ""Boxhagener Str. 110, 10245 Berlin""}"
node/283572715,52.5150231,13.4985491,"{""amenity"": ""post_box"", ""check_date:collection_times"": ""2026-04-16"", ""collection_times"": ""Mo-Fr 17:30; Sa 11:45"", ""drive_through"": ""no"", ""operator"": ""Deutsche Post"", ""operator:wikidata"": ""Q157645"", ""operator:wikipedia"": ""de:Deutsche Post AG"", ""ref"": ""Siegfriedstr. 14, 10365 Berlin""}"
node/287891744,52.6373462,13.2683051,"{""amenity"": ""post_box"", ""collection_times"": ""Mo-Fr 16:00; Sa 13:00"", ""operator"": ""Deutsche Post"", ""operator:wikidata"": ""Q157645"", ""ref"": ""Neubrückerstr. 86, 13465 Berlin""}"
node/287525717,52.495319,13.4302148,"{""amenity"": ""post_box"", ""check_date"": ""2025-10-14"", ""check_date:collection_times"": ""2025-10-14"", ""collection_times"": ""Mo-Fr 17:15, Sa 14:15"", ""colour"": ""yellow"", ""operator"": ""Deutsche Post"", ""operator:wikidata"": ""Q157645"", ""operator:wikipedia"": ""de:Deutsche Post AG"", ""post_box:apertures"": ""2"", ""post_box:type"": ""lamp"", ""ref"": ""Ohlauer Str. 27, 10999 Berlin"", ""support"": ""pole""}"
node/283577069,52.5334111,13.4745902,"{""amenity"": ""post_box"", ""collection_times"": ""Mo-Fr 16:45; Sa 12:00"", ""operator"": ""Deutsche Post"", ""operator:wikidata"": ""Q157645"", ""operator:wikipedia"": ""de:Deutsche Post AG"", ""ref"": ""Landsberger Allee 193, 10369 Berlin""}"
node/288105779,52.5301359,13.4322725,"{""amenity"": ""post_box"", ""check_date:collection_times"": ""2026-03-14"", ""collection_times"": ""Mo-Fr 16:45; Sa 12:00"", ""operator"": ""Deutsche Post"", ""operator:wikidata"": ""Q157645"", ""operator:wikipedia"": ""de:Deutsche Post AG"", ""ref"": ""Bötzowstr. 14, 10407 Berlin""}"
node/289667554,52.5544256,13.4058742,"{""amenity"": ""post_box"", ""check_date"": ""2025-04-22"", ""check_date:collection_times"": ""2025-04-22"", ""collection_times"": ""Mo-Fr 17:00, Sa 12:15"", ""operator"": ""Deutsche Post"", ""operator:wikidata"": ""Q157645"", ""operator:wikipedia"": ""de:Deutsche Post AG"", ""postal_code"": ""10439"", ""ref"": ""Bornholmer Straße 18, 10439 Berlin""}"
node/292721950,52.4257729,13.6419137,"{""amenity"": ""post_box"", ""check_date:collection_times"": ""2025-08-07"", ""collection_times"": ""Mo-Fr 17:00; Sa 14:15"", ""operator"": ""Deutsche Post"", ""ref"": ""Müggelheimer Damm (Hotel Müggelsee), 12559 Berlin""}"
node/291403940,52.4712318,13.1232571,"{""amenity"": ""post_box"", ""collection_times"": ""Mo-Fr 16:00; Sa 12:00"", ""operator"": ""Deutsche Post"", ""operator:wikidata"": ""Q157645"", ""ref"": ""Ritterfelddamm 203, 14089 Berlin""}"
node/293128565,52.5062792,13.3176677,"{""amenity"": ""post_box"", ""collection_times"": ""Mo-Fr 16:30,17:15; Sa 16:30"", ""operator"": ""Deutsche Post"", ""operator:wikidata"": ""Q157645"", ""operator:wikipedia"": ""de:Deutsche Post AG"", ""ref"": ""Schlüterstr. 63, 10625 Berlin""}"
node/291099608,52.5319638,13.3925654,"{""amenity"": ""post_box"", ""check_date"": ""2025-07-26"", ""check_date:collection_times"": ""2025-07-26"", ""collection_times"": ""Mo-Fr 17:15; Sa 14:15"", ""operator"": ""Deutsche Post"", ""operator:wikidata"": ""Q157645"", ""operator:wikipedia"": ""de:Deutsche Post AG"", ""ref"": ""Invalidenstr. 141, 10115 Berlin""}"
node/293135363,52.611946,13.483272,"{""amenity"": ""post_box"", ""collection_times"": ""Mo-Fr 15:30; Sa 10:45"", ""drive_through"": ""no"", ""operator"": ""Deutsche Post"", ""operator:wikidata"": ""Q157645"", ""ref"": ""Alt-Karow 15, 13125 Berlin""}"
node/294774674,52.5180014,13.4368079,"{""amenity"": ""post_box"", ""collection_times"": ""Mo-Fr 17:45; Sa 14:45"", ""operator"": ""Deutsche Post"", ""operator:wikidata"": ""Q157645"", ""operator:wikipedia"": ""de:Deutsche Post AG"", ""ref"": ""Koppenstraße 38, 10243 Berlin"", ""wheelchair"": ""limited""}"
node/296132386,52.4217051,13.3394268,"{""amenity"": ""post_box"", ""collection_times"": ""Mo-Fr 15:30; Sa 13:15"", ""operator"": ""Deutsche Post"", ""operator:wikidata"": ""Q157645"", ""operator:wikipedia"": ""de:Deutsche Post AG"", ""ref"": ""Geraer Str./Apoldaer Str., 12249 Berlin""}"
node/294800800,52.4115002,13.3377891,"{""amenity"": ""post_box"", ""collection_times"": ""Mo-Fr 15:30; Sa 13:00"", ""operator"": ""Deutsche Post"", ""operator:wikidata"": ""Q157645"", ""operator:wikipedia"": ""de:Deutsche Post AG"", ""ref"": ""Lichterfelder Ring/Stanzer Zeile, 12209 Berlin""}"
node/296914093,52.4133994,13.3154613,"{""amenity"": ""post_box"", ""collection_times"": ""Mo-Fr 15:45; Sa 13:15"", ""operator"": ""Deutsche Post"", ""operator:wikidata"": ""Q157645"", ""operator:wikipedia"": ""de:Deutsche Post AG"", ""ref"": ""Fahrenheitstr. 7, 12207 Berlin""}"
node/296134227,52.4236719,13.3290334,"{""amenity"": ""post_box"", ""collection_times"": ""Mo-Fr 13:45,17:30; Sa 13:45"", ""operator"": ""Deutsche Post"", ""operator:wikidata"": ""Q157645"", ""operator:wikipedia"": ""de:Deutsche Post AG"", ""ref"": ""Oberhofer Weg 27, 12209 Berlin""}"
node/292931465,52.5055984,13.4321127,"{""amenity"": ""post_box"", ""check_date"": ""2025-08-23"", ""check_date:collection_times"": ""2025-08-23"", ""collection_times"": ""Mo-Fr 14:30; Sa 13:45"", ""colour"": ""yellow"", ""note"": ""Keine Ausweisung der Leerungszeiten (Stand 08/2022)"", ""operator"": ""Deutsche Post"", ""operator:wikidata"": ""Q157645"", ""operator:wikipedia"": ""de:Deutsche Post AG"", ""post_box:apertures"": ""2"", ""post_box:type"": ""lamp"", ""ref"": ""Köpenicker Str. 160, 10997 Berlin"", ""support"": ""pole""}"
node/297209466,52.4164293,13.3245354,"{""amenity"": ""post_box"", ""check_date:collection_times"": ""2026-04-05"", ""collection_times"": ""Mo-Fr 15:45; Sa 13:30"", ""operator"": ""Deutsche Post"", ""operator:wikidata"": ""Q157645"", ""operator:wikipedia"": ""de:Deutsche Post AG"", ""ref"": ""Saaleckplatz, 12209 Berlin""}"
node/297800568,52.4322116,13.3255006,"{""amenity"": ""post_box"", ""check_date:collection_times"": ""2026-08-29"", ""collection_times"": ""Mo-Fr 16:30; Sa 12:45"", ""operator"": ""Deutsche Post"", ""operator:wikidata"": ""Q157645"", ""operator:wikipedia"": ""de:Deutsche Post AG"", ""ref"": ""Promenadenstr./Marienplatz, 12207 Berlin""}"
node/297455462,52.557577,13.3398509,"{""amenity"": ""post_box"", ""check_date:collection_times"": ""2025-07-20"", ""collection_times"": ""Mo-Fr 16:00; Sa 12:00"", ""operator"": ""Deutsche Post"", ""operator:wikidata"": ""Q157645"", ""operator:wikipedia"": ""de:Deutsche Post AG"", ""ref"": ""Liverpoolerstr. 1, 13349 Berlin""}"
node/297800790,52.4324407,13.3291579,"{""amenity"": ""post_box"", ""check_date:collection_times"": ""2026-08-29"", ""collection_times"": ""Mo-Fr 16:30; Sa 12:30"", ""operator"": ""Deutsche Post"", ""operator:wikidata"": ""Q157645"", ""operator:wikipedia"": ""de:Deutsche Post AG"", ""ref"": ""Jungfernstieg 18-19, 12207 Berlin""}"
node/297800808,52.4296499,13.3265326,"{""amenity"": ""post_box"", ""check_date"": ""2025-10-25"", ""collection_times"": ""Mo-Fr 16:30; Sa 12:45"", ""operator"": ""Deutsche Post"", ""operator:wikidata"": ""Q157645"", ""operator:wikipedia"": ""de:Deutsche Post AG"", ""post_box:apertures"": ""2"", ""post_box:type"": ""lamp"", ""ref"": ""Jungfernstieg/Bahnhofstr., 12207 Berlin""}"
node/297801317,52.4289293,13.3282385,"{""amenity"": ""post_box"", ""collection_times"": ""Mo-Fr 17:30; Sa 14:00"", ""operator"": ""Deutsche Post"", ""operator:wikidata"": ""Q157645"", ""operator:wikipedia"": ""de:Deutsche Post AG"", ""ref"": ""Lankwitzer Str. 24, 12209 Berlin""}"
node/298369978,52.5169343,13.4616822,"{""amenity"": ""post_box"", ""check_date:collection_times"": ""2025-01-29"", ""collection_times"": ""Mo-Fr 17:15; Sa 14:15"", ""drive_through"": ""no"", ""operator"": ""Deutsche Post"", ""operator:wikidata"": ""Q157645"", ""operator:wikipedia"": ""de:Deutsche Post AG"", ""ref"": ""Rigaer Str. 24, 10247 Berlin""}"
node/298664337,52.411071,13.3086035,"{""amenity"": ""post_box"", ""check_date:collection_times"": ""2025-03-07"", ""collection_times"": ""Mo-Fr 16:00; Sa 13:00"", ""operator"": ""Deutsche Post"", ""operator:wikidata"": ""Q157645"", ""operator:wikipedia"": ""de:Deutsche Post AG"", ""ref"": ""Fürstenstr./S-Bahnhof Lichterfelde Süd, 12207 Berlin""}"
node/300797709,52.5109791,13.6144401,"{""amenity"": ""post_box"", ""collection_times"": ""Mo-Fr 14:45; Sa 13:15"", ""operator"": ""Deutsche Post"", ""operator:wikidata"": ""Q157645"", ""operator:wikipedia"": ""de:Deutsche Post AG"", ""ref"": ""Fritz-Reuter-Straße 8-9, 12623 Berlin""}"
node/301688838,52.5341537,13.4415495,"{""amenity"": ""post_box"", ""check_date:collection_times"": ""2025-03-15"", ""collection_times"": ""Mo-Fr 16:45; Sa 12:00"", ""operator"": ""Deutsche Post"", ""operator:wikidata"": ""Q157645"", ""operator:wikipedia"": ""de:Deutsche Post AG"", ""ref"": ""John-Schehr-Str. 56, 10407 Berlin""}"
node/301688672,52.537635,13.435043,"{""amenity"": ""post_box"", ""collection_times"": ""Sa 12:00; Mo-Fr 12:00"", ""operator"": ""Deutsche Post"", ""operator:wikidata"": ""Q157645"", ""operator:wikipedia"": ""de:Deutsche Post AG"", ""ref"": ""Greifswalder Str. 52, 10405 Berlin""}"
node/301012268,52.5536506,13.3759421,"{""amenity"": ""post_box"", ""check_date:collection_times"": ""2024-02-29"", ""collection_times"": ""Mo-Fr 15:00; Sa 12:00"", ""last_checked"": ""2020-07-12"", ""operator"": ""Deutsche Post"", ""operator:wikidata"": ""Q157645"", ""operator:wikipedia"": ""de:Deutsche Post AG"", ""ref"": ""Exerzierstr. 5, 13357 Berlin""}"
node/301144746,52.5519132,13.3819359,"{""amenity"": ""post_box"", ""collection_times"": ""Mo-Fr 15:30; Sa 12:00"", ""operator"": ""Deutsche Post"", ""operator:wikidata"": ""Q157645"", ""operator:wikipedia"": ""de:Deutsche Post AG"", ""ref"": ""Badstr. 55, 13357 Berlin""}"
node/303071080,52.491366,13.3454407,"{""amenity"": ""post_box"", ""collection_times"": ""Mo-Fr 17:00; Sa 16:15"", ""operator"": ""Deutsche Post"", ""operator:wikidata"": ""Q157645"", ""operator:wikipedia"": ""de:Deutsche Post AG"", ""ref"": ""Freisinger Str. 20, 10779 Berlin""}"
node/304367347,52.540316,13.1743504,"{""amenity"": ""post_box"", ""collection_times"": ""Mo-Fr 16:00; Sa 13:00"", ""operator"": ""Deutsche Post"", ""operator:wikidata"": ""Q157645"", ""ref"": ""Seegefelder Str. 176, 13583 Berlin""}"
node/301724759,52.5334859,13.4045362,"{""amenity"": ""post_box"", ""collection_times"": ""Mo-Fr 17:30; Sa 12:45"", ""operator"": ""Deutsche Post"", ""operator:wikidata"": ""Q157645"", ""operator:wikipedia"": ""de:Deutsche Post AG"", ""ref"": ""Kastanienallee 53, 10119 Berlin""}"
node/304001472,52.5358898,13.4506388,"{""amenity"": ""post_box"", ""collection_times"": ""Mo-Fr 17:00; Sa 12:15"", ""operator"": ""Deutsche Post"", ""operator:wikidata"": ""Q157645"", ""operator:wikipedia"": ""de:Deutsche Post AG"", ""ref"": ""Storkower Str. 114, 10407 Berlin""}"
node/304367349,52.5418814,13.1643764,"{""amenity"": ""post_box"", ""collection_times"": ""Mo-Fr 16:00,21:15; Sa 13:00; Su 21:15"", ""operator"": ""Deutsche Post"", ""operator:wikidata"": ""Q157645"", ""ref"": ""Seegefelder Weg 246, 13591 Berlin""}"
node/302530421,52.526332,13.4468552,"{""amenity"": ""post_box"", ""check_date:collection_times"": ""2026-05-16"", ""collection_times"": ""Mo-Fr 17:45; Sa 14:45"", ""operator"": ""Deutsche Post"", ""operator:wikidata"": ""Q157645"", ""operator:wikipedia"": ""de:Deutsche Post AG"", ""ref"": ""Landsberger Allee 77, 10249 Berlin""}"
node/306422631,52.4515056,13.2825835,"{""amenity"": ""post_box"", ""collection_times"": ""Mo-Fr 15:30; Sa 12:45"", ""operator"": ""Deutsche Post"", ""operator:wikidata"": ""Q157645"", ""operator:wikipedia"": ""de:Deutsche Post AG"", ""ref"": ""Löhleinstr. (U-Bahnhof Thielplatz), 14195 Berlin""}"
node/306355621,52.527049,13.519081,"{""amenity"": ""post_box"", ""collection_times"": ""Mo-Fr 14:00; Sa 13:15"", ""operator"": ""Deutsche Post"", ""operator:wikidata"": ""Q157645"", ""operator:wikipedia"": ""de:Deutsche Post AG"", ""ref"": ""Rhinstr./vor AdK, 12681 Berlin""}"
node/306634718,52.5029262,13.3279039,"{""amenity"": ""post_box"", ""check_date:collection_times"": ""2024-08-30"", ""collection_times"": ""Mo-Fr 15:15,17:00,18:00,20:45; Sa 16:00; Su 09:00,21:45"", ""operator"": ""Deutsche Post"", ""operator:wikidata"": ""Q157645"", ""operator:wikipedia"": ""de:Deutsche Post AG"", ""ref"": ""Kurfürstendamm 217, 10719 Berlin""}"
node/307609368,52.5276493,13.589165,"{""amenity"": ""post_box"", ""collection_times"": ""Mo-Fr 16:00; Sa 13:30"", ""operator"": ""Deutsche Post"", ""operator:wikidata"": ""Q157645"", ""operator:wikipedia"": ""de:Deutsche Post AG"", ""ref"": ""Hellersdorfer Str. 121, 12619 Berlin""}"
node/306635348,52.5049241,13.3316921,"{""amenity"": ""post_box"", ""collection_times"": ""Mo-Fr 17:00; Sa 16:45"", ""operator"": ""Deutsche Post"", ""operator:wikidata"": ""Q157645"", ""operator:wikipedia"": ""de:Deutsche Post AG"", ""ref"": ""Joachimstaler Str. 41, 10623 Berlin""}"
node/308633762,52.5095202,13.3902358,"{""amenity"": ""post_box"", ""check_date"": ""2026-02-22"", ""check_date:collection_times"": ""2026-02-22"", ""collection_times"": ""Mo-Fr 18:00; Sa 15:45"", ""operator"": ""Deutsche Post"", ""operator:wikidata"": ""Q157645"", ""operator:wikipedia"": ""de:Deutsche Post AG"", ""post_box:type"": ""pillar"", ""postal_code"": ""10117"", ""ref"": ""Krausenstraße 70, 10117 Berlin""}"
node/308817072,52.5508098,13.4098734,"{""addr:housenumber"": ""39"", ""addr:street"": ""Schivelbeiner Straße"", ""amenity"": ""post_box"", ""check_date:collection_times"": ""2026-03-07"", ""collection_times"": ""Mo-Fr 17:15; Sa 12:30"", ""name"": ""Briefkasten"", ""operator"": ""Deutsche Post"", ""operator:wikidata"": ""Q157645"", ""operator:wikipedia"": ""de:Deutsche Post AG"", ""ref"": ""Schivelbeiner Str. 39, 10439 Berlin""}"
node/309894131,52.552872,13.4027863,"{""amenity"": ""post_box"", ""check_date"": ""2024-12-08"", ""check_date:collection_times"": ""2024-12-08"", ""collection_times"": ""Mo-Fr 17:15; Sa 12:30"", ""operator"": ""Deutsche Post"", ""operator:wikidata"": ""Q157645"", ""operator:wikipedia"": ""de:Deutsche Post AG"", ""ref"": ""Ueckermünder Str. 17, 10439 Berlin""}"
node/308578882,52.5144992,13.3893352,"{""amenity"": ""post_box"", ""check_date"": ""2026-02-03"", ""check_date:collection_times"": ""2026-02-03"", ""collection_times"": ""Mo-Fr 17:15; Sa 16:00"", ""operator"": ""Deutsche Post"", ""operator:wikidata"": ""Q157645"", ""operator:wikipedia"": ""de:Deutsche Post AG"", ""post_box:type"": ""lamp"", ""postal_code"": ""10117"", ""ref"": ""Friedrichstraße 78, 10117 Berlin""}"
node/310679983,52.5032749,13.3039366,"{""amenity"": ""post_box"", ""check_date:collection_times"": ""2026-03-18"", ""collection_times"": ""Mo-Fr 15:15; Sa 16:00"", ""operator"": ""Deutsche Post"", ""operator:wikidata"": ""Q157645"", ""operator:wikipedia"": ""de:Deutsche Post AG"", ""ref"": ""Dahlmannstr. 33, 10629 Berlin""}"
node/310818117,52.5457199,13.3449729,"{""amenity"": ""post_box"", ""check_date"": ""2024-12-05"", ""check_date:collection_times"": ""2024-12-05"", ""collection_times"": ""Mo-Fr 16:00; Sa 11:45"", ""operator"": ""Deutsche Post"", ""operator:wikidata"": ""Q157645"", ""operator:wikipedia"": ""de:Deutsche Post AG"", ""ref"": ""Amrumer Str. 32, 13353 Berlin""}"
node/311318001,52.564345,13.3731801,"{""amenity"": ""post_box"", ""check_date"": ""2021-03-05"", ""collection_times"": ""Mo-Fr 16:00, Sa 12:00"", ""operator"": ""Deutsche Post"", ""operator:wikidata"": ""Q157645"", ""operator:wikipedia"": ""de:Deutsche Post AG"", ""ref"": ""Pankower Allee 63, 13409 Berlin""}"
node/311552877,52.5695294,13.3612176,"{""amenity"": ""post_box"", ""brand"": ""Deutsche Post"", ""check_date"": ""2025-02-14"", ""collection_times"": ""Mo-Fr 14:00,17:15,22:00; Sa 13:00; Su 09:00,22:00"", ""operator"": ""Deutsche Post"", ""operator:wikidata"": ""Q157645"", ""operator:wikipedia"": ""de:Deutsche Post AG"", ""postal_code"": ""13409"", ""ref"": ""Residenzstr. 24, 13409 Berlin""}"
node/311554185,52.5663931,13.3847855,"{""amenity"": ""post_box"", ""check_date"": ""2026-04-23"", ""check_date:collection_times"": ""2026-04-23"", ""collection_times"": ""Mo-Fr 16:00; Sa 12:00"", ""operator"": ""Deutsche Post"", ""operator:wikidata"": ""Q157645"", ""operator:wikipedia"": ""de:Deutsche Post AG"", ""ref"": ""Koloniestr. 69, 13359 Berlin""}"
node/311928543,52.5266292,13.3412508,"{""amenity"": ""post_box"", ""collection_times"": ""Mo-Fr 17:30; Sa 12:30"", ""operator"": ""Deutsche Post"", ""operator:wikidata"": ""Q157645"", ""operator:wikipedia"": ""de:Deutsche Post AG"", ""ref"": ""Turmstr. 31, 10551 Berlin""}"
node/312392973,52.4996782,13.3246528,"{""amenity"": ""post_box"", ""collection_times"": ""Mo-Fr 15:30,17:15,18:00; Sa 16:15"", ""operator"": ""Deutsche Post"", ""operator:wikidata"": ""Q157645"", ""operator:wikipedia"": ""de:Deutsche Post AG"", ""ref"": ""Uhlandstr. 35, 10719 Berlin""}"
node/312477756,52.520849,13.4566655,"{""amenity"": ""post_box"", ""collection_times"": ""Mo-Fr 17:15; Sa 14:15"", ""drive_through"": ""no"", ""operator"": ""Deutsche Post"", ""operator:wikidata"": ""Q157645"", ""operator:wikipedia"": ""de:Deutsche Post AG"", ""ref"": ""Eldenaer Str. 6, 10247 Berlin""}"
node/312698904,52.4941262,13.399868,"{""amenity"": ""post_box"", ""check_date"": ""2025-10-12"", ""check_date:collection_times"": ""2025-10-12"", ""collection_times"": ""Mo-Fr 17:30; Sa 14:30"", ""colour"": ""yellow"", ""operator"": ""Deutsche Post"", ""operator:wikidata"": ""Q157645"", ""operator:wikipedia"": ""de:Deutsche Post AG"", ""post_box:apertures"": ""2"", ""post_box:type"": ""lamp"", ""postal_code"": ""10961"", ""ref"": ""Blücherstr. 60, 10961 Berlin"", ""support"": ""pole""}"
node/313075461,52.506126,13.295343,"{""amenity"": ""post_box"", ""collection_times"": ""Mo-Fr 16:30; Sa 12:30"", ""operator"": ""Deutsche Post"", ""operator:wikidata"": ""Q157645"", ""operator:wikipedia"": ""de:Deutsche Post AG"", ""ref"": ""Amtsgerichtsplatz 1, 14057 Berlin""}"
node/313142486,52.5238151,13.4397785,"{""amenity"": ""post_box"", ""check_date:collection_times"": ""2026-01-06"", ""collection_times"": ""Mo-Fr 16:30; Sa 14:15"", ""operator"": ""Deutsche Post"", ""operator:wikidata"": ""Q157645"", ""operator:wikipedia"": ""de:Deutsche Post AG"", ""ref"": ""Matthiasstr. 12, 10249 Berlin""}"
node/313235599,52.4249245,13.3154599,"{""amenity"": ""post_box"", ""collection_times"": ""Mo-Fr 16:30; Sa 13:00"", ""operator"": ""Deutsche Post"", ""operator:wikidata"": ""Q157645"", ""operator:wikipedia"": ""de:Deutsche Post AG"", ""ref"": ""Ostpreußendamm 54, 12207 Berlin""}"
node/313942476,52.5386251,13.6029181,"{""amenity"": ""post_box"", ""collection_times"": ""Mo-Fr 16:30,21:15; Sa 11:30; Su 21:15"", ""operator"": ""Deutsche Post"", ""operator:wikidata"": ""Q157645"", ""operator:wikipedia"": ""de:Deutsche Post AG"", ""ref"": ""Janusz-Korczak-Str. 19, 12627 Berlin""}"
node/311553985,52.5479796,13.3748128,"{""amenity"": ""post_box"", ""check_date"": ""2026-05-21"", ""check_date:collection_times"": ""2026-05-21"", ""collection_times"": ""Mo-Fr 15:30; Sa 11:00"", ""operator"": ""Deutsche Post"", ""operator:wikidata"": ""Q157645"", ""operator:wikipedia"": ""de:Deutsche Post AG"", ""ref"": ""Pankstr. 27, 13357 Berlin""}"
node/315789926,52.496323,13.317979,"{""amenity"": ""post_box"", ""collection_times"": ""Mo-Fr 15:30; Sa 16:15"", ""direction"": ""10"", ""operator"": ""Deutsche Post"", ""operator:wikidata"": ""Q157645"", ""operator:wikipedia"": ""de:Deutsche Post AG"", ""ref"": ""Düsseldorfer Str. 22, 10707 Berlin""}"
node/315346958,52.4354645,13.312867,"{""amenity"": ""post_box"", ""collection_times"": ""Mo-Fr 15:45; Sa 12:45"", ""operator"": ""Deutsche Post"", ""operator:wikidata"": ""Q157645"", ""operator:wikipedia"": ""de:Deutsche Post AG"", ""ref"": ""Karwendelstr./Ringstr., 12203 Berlin""}"
node/315795271,52.4973673,13.3229365,"{""amenity"": ""post_box"", ""collection_times"": ""Mo-Fr 15:30; Sa 16:15"", ""operator"": ""Deutsche Post"", ""operator:wikidata"": ""Q157645"", ""operator:wikipedia"": ""de:Deutsche Post AG"", ""ref"": ""Pariser Str. 15, 10719 Berlin""}"
node/315817588,52.4855205,13.3547258,"{""amenity"": ""post_box"", ""collection_times"": ""Mo-Fr 18:00; Sa 14:45; Su 09:00"", ""operator"": ""Deutsche Post"", ""operator:wikidata"": ""Q157645"", ""operator:wikipedia"": ""de:Deutsche Post AG"", ""ref"": ""Hauptstr. 27, 10827 Berlin""}"
node/315821769,52.4890013,13.3592165,"{""amenity"": ""post_box"", ""collection_times"": ""Mo-Fr 17:15; Sa 14:00"", ""operator"": ""Deutsche Post"", ""operator:wikidata"": ""Q157645"", ""operator:wikipedia"": ""de:Deutsche Post AG"", ""ref"": ""Hauptstr. 154, 10827 Berlin""}"
node/317612988,52.5164577,13.445167,"{""amenity"": ""post_box"", ""check_date"": ""2025-06-30"", ""check_date:collection_times"": ""2025-06-30"", ""collection_times"": ""Mo-Fr 17:00; Sa 12:00"", ""operator"": ""Deutsche Post"", ""operator:wikidata"": ""Q157645"", ""operator:wikipedia"": ""de:Deutsche Post AG"", ""ref"": ""Karl-Marx-Allee 106, 10243 Berlin""}"
node/319105079,52.4748783,13.4277987,"{""amenity"": ""post_box"", ""check_date"": ""2026-01-04"", ""check_date:collection_times"": ""2026-01-04"", ""collection_times"": ""Mo-Fr 16:30; Sa 12:45"", ""colour"": ""yellow"", ""operator"": ""Deutsche Post"", ""operator:wikidata"": ""Q157645"", ""operator:wikipedia"": ""de:Deutsche Post AG"", ""post_box:apertures"": ""2"", ""post_box:type"": ""lamp"", ""postal_code"": ""12053"", ""ref"": ""Leykestr./Hermannstr., 12053 Berlin"", ""support"": ""pole""}"
node/319547078,52.5368827,13.2749328,"{""amenity"": ""post_box"", ""check_date:collection_times"": ""2024-12-14"", ""collection_times"": ""Mo-Fr 17:00; Sa 12:30"", ""operator"": ""Deutsche Post"", ""operator:wikidata"": ""Q157645"", ""operator:wikipedia"": ""de:Deutsche Post AG"", ""ref"": ""Popitzweg 15, 13627 Berlin""}"
node/322665925,52.6103613,13.4598292,"{""amenity"": ""post_box"", ""collection_times"": ""Mo-Fr 15:30; Sa 11:00"", ""drive_through"": ""no"", ""operator"": ""Deutsche Post"", ""operator:wikidata"": ""Q157645"", ""operator:wikipedia"": ""de:Deutsche Post AG"", ""ref"": ""Streckfußstr. 7a, 13125 Berlin""}"
node/323802147,52.4250097,13.3991646,"{""amenity"": ""post_box"", ""collection_times"": ""Mo-Fr 14:00, 17:15; Sa 13:45"", ""operator"": ""Deutsche Post"", ""operator:wikidata"": ""Q157645"", ""operator:wikipedia"": ""de:Deutsche Post AG"", ""ref"": ""Tauernallee 19, 12107 Berlin""}"
node/324206543,52.5309604,13.33108,"{""amenity"": ""post_box"", ""check_date:collection_times"": ""2026-06-10"", ""collection_times"": ""Mo-Fr 17:15; Sa 12:00"", ""drive_through"": ""no"", ""operator"": ""Deutsche Post"", ""operator:wikidata"": ""Q157645"", ""operator:wikipedia"": ""de:Deutsche Post AG"", ""ref"": ""Wiclefstr. 28, 10551 Berlin""}"
node/320663743,52.5185075,13.4010923,"{""access"": ""yes"", ""addr:floor"": ""0"", ""amenity"": ""post_box"", ""check_date"": ""2026-08-18"", ""check_date:collection_times"": ""2026-08-18"", ""collection_times"": ""Mo-Fr 17:15; Sa 16:15"", ""colour"": ""yellow"", ""covered"": ""no"", ""indoor"": ""no"", ""level"": ""0"", ""material"": ""steel"", ""operator"": ""Deutsche Post"", ""operator:wikidata"": ""Q157645"", ""operator:wikipedia"": ""de:Deutsche Post AG"", ""post_box:type"": ""pillar"", ""ref"": ""Am Lustgarten 1, 10178 Berlin"", ""source"": ""survey"", ""support"": ""ground""}"
node/325161328,52.5043156,13.1801552,"{""amenity"": ""post_box"", ""collection_times"": ""Mo-Fr 16:00; Sa 12:00"", ""operator"": ""Deutsche Post"", ""operator:wikidata"": ""Q157645"", ""ref"": ""Gatower Str. 173, 13595 Berlin"", ""wheelchair"": ""yes""}"
node/332023335,52.4849156,13.3827585,"{""amenity"": ""post_box"", ""collection_times"": ""Mo-Fr 17:30, Sa 14:15"", ""operator"": ""Deutsche Post"", ""operator:wikidata"": ""Q157645"", ""operator:wikipedia"": ""de:Deutsche Post AG"", ""ref"": ""Dudenstr. 15, 10965 Berlin""}"
node/333575815,52.5006075,13.3091504,"{""amenity"": ""post_box"", ""collection_times"": ""Mo-Fr 16:30; Sa 16:15"", ""operator"": ""Deutsche Post"", ""operator:wikidata"": ""Q157645"", ""operator:wikipedia"": ""de:Deutsche Post AG"", ""ref"": ""Clausewitzstr. 5a, 10629 Berlin""}"
node/339026814,52.5175886,13.465818,"{""access"": ""yes"", ""amenity"": ""post_box"", ""check_date:collection_times"": ""2026-05-19"", ""collection_times"": ""Mo-Fr 17:30,17:30; Sa 14:30"", ""covered"": ""no"", ""drive_through"": ""no"", ""indoor"": ""no"", ""level"": ""0"", ""operator"": ""Deutsche Post"", ""operator:wikidata"": ""Q157645"", ""operator:wikipedia"": ""de:Deutsche Post AG"", ""ref"": ""Samariter Str. 13, 10247 Berlin"", ""source"": ""survey""}"
node/340126121,52.505452,13.3215558,"{""amenity"": ""post_box"", ""check_date"": ""2025-02-22"", ""check_date:collection_times"": ""2025-02-22"", ""collection_times"": ""Mo-Fr 17:00; Sa 16:45"", ""note"": ""Nachtbriefkasten"", ""operator"": ""Deutsche Post"", ""operator:wikidata"": ""Q157645"", ""operator:wikipedia"": ""de:Deutsche Post AG"", ""ref"": ""Savignyplatz 12, 10623 Berlin""}"
node/338388481,52.5233718,13.3849156,"{""access"": ""yes"", ""addr:floor"": ""0"", ""amenity"": ""post_box"", ""check_date"": ""2026-09-04"", ""collection_times"": ""Mo-Fr 17:30, Sa 16:15"", ""colour"": ""yellow"", ""indoor"": ""no"", ""level"": ""0"", ""material"": ""steel"", ""operator"": ""Deutsche Post"", ""operator:wikidata"": ""Q157645"", ""operator:wikipedia"": ""de:Deutsche Post AG"", ""post_box:type"": ""pillar"", ""ref"": ""Reinhardtstr. 17, 10117 Berlin"", ""support"": ""pole""}"
node/342129419,52.5451626,13.5749613,"{""amenity"": ""post_box"", ""collection_times"": ""Mo-Fr 16:15; Sa 13:15"", ""operator"": ""Deutsche Post"", ""operator:wikidata"": ""Q157645"", ""operator:wikipedia"": ""de:Deutsche Post AG"", ""ref"": ""Prötzeler Ring 31, 12679 Berlin""}"
node/343003475,52.4512184,13.295843,"{""amenity"": ""post_box"", ""check_date:collection_times"": ""2025-06-03"", ""collection_times"": ""Mo-Fr 15:30; Sa 13:30"", ""operator"": ""Deutsche Post"", ""operator:wikidata"": ""Q157645"", ""operator:wikipedia"": ""de:Deutsche Post AG"", ""ref"": ""Altensteinstr. 39, 14195 Berlin""}"
node/343076025,52.449176,13.2941136,"{""amenity"": ""post_box"", ""check_date:collection_times"": ""2025-07-18"", ""collection_times"": ""Mo-Fr 15:30; Sa 13:30"", ""operator"": ""Deutsche Post"", ""operator:wikidata"": ""Q157645"", ""operator:wikipedia"": ""de:Deutsche Post AG"", ""ref"": ""Reichensteiner Weg 24, 14195 Berlin""}"
node/344457068,52.5621857,13.3544194,"{""amenity"": ""post_box"", ""check_date"": ""2025-11-14"", ""collection_times"": ""Mo-Fr 14:00, 16:00, 21:45; Sa 12:00; Su 21:45"", ""operator"": ""Deutsche Post"", ""operator:wikidata"": ""Q157645"", ""operator:wikipedia"": ""de:Deutsche Post AG"", ""ref"": ""Holländerstr. 31-34, 13407 Berlin""}"
node/343561391,52.5188664,13.4131409,"{""amenity"": ""post_box"", ""collection_times"": ""Mo-Fr 15:45,17:00,20:45; Sa 14:00; Su 21:00"", ""operator"": ""Deutsche Post"", ""operator:wikidata"": ""Q157645"", ""operator:wikipedia"": ""de:Deutsche Post AG"", ""ref"": ""Littenstr. 16-17, 10179 Berlin""}"
node/338388485,52.5247043,13.3873694,"{""amenity"": ""post_box"", ""check_date"": ""2024-09-20"", ""check_date:collection_times"": ""2024-09-20"", ""collection_times"": ""Mo-Fr 12:45,15:45,17:30, Sa 16:30"", ""colour"": ""yellow"", ""drive_through"": ""no"", ""material"": ""metal"", ""operator"": ""Deutsche Post"", ""operator:wikidata"": ""Q157645"", ""operator:wikipedia"": ""de:Deutsche Post AG"", ""ref"": ""Friedrichstr. 130, 10117 Berlin"", ""support"": ""pole""}"
node/345279592,52.5103641,13.4519368,"{""amenity"": ""post_box"", ""check_date:collection_times"": ""2026-03-12"", ""collection_times"": ""Mo-Fr 17:30; Sa 12:30"", ""operator"": ""Deutsche Post"", ""operator:wikidata"": ""Q157645"", ""operator:wikipedia"": ""de:Deutsche Post AG"", ""ref"": ""Warschauer Str. 64, 10243 Berlin""}"
node/347422932,52.4419237,13.3058788,"{""amenity"": ""post_box"", ""collection_times"": ""Mo-Fr 16:15; Sa 13:15"", ""operator"": ""Deutsche Post"", ""operator:wikidata"": ""Q157645"", ""operator:wikipedia"": ""de:Deutsche Post AG"", ""ref"": ""Tietzenweg/Augustastr., 12203 Berlin""}"
node/347422945,52.4426788,13.296879,"{""amenity"": ""post_box"", ""collection_times"": ""Mo-Fr 14:15,18:00,20:45; Sa 13:00; Su 20:45"", ""operator"": ""Deutsche Post"", ""operator:wikidata"": ""Q157645"", ""operator:wikipedia"": ""de:Deutsche Post AG"", ""ref"": ""Drakestr. 46, 12205 Berlin""}"
node/348053264,52.4386758,13.2332662,"{""amenity"": ""post_box"", ""brand"": ""Deutsche Post"", ""brand:wikidata"": ""Q5266289"", ""check_date"": ""2022-03-22"", ""check_date:collection_times"": ""2024-07-17"", ""collection_times"": ""Mo-Fr 16:00,21:00; Sa 13:30; Su 21:00"", ""operator"": ""Deutsche Post"", ""operator:wikidata"": ""Q157645"", ""operator:wikipedia"": ""de:Deutsche Post AG"", ""ref"": ""Argentinische Allee 4-6, 14163 Berlin""}"
node/349011828,52.5052353,13.3019889,"{""amenity"": ""post_box"", ""check_date"": ""2026-04-18"", ""check_date:collection_times"": ""2026-04-18"", ""collection_times"": ""Mo-Fr 17:00; Sa 16:45"", ""operator"": ""Deutsche Post"", ""operator:wikidata"": ""Q157645"", ""operator:wikipedia"": ""de:Deutsche Post AG"", ""postal_code"": ""10627"", ""ref"": ""Stuttgarter Platz 38, 10627 Berlin""}"
node/348263972,52.5124364,13.4886635,"{""amenity"": ""post_box"", ""check_date:collection_times"": ""2026-05-24"", ""collection_times"": ""Mo-Fr 16:30; Sa 11:30"", ""operator"": ""Deutsche Post"", ""operator:wikidata"": ""Q157645"", ""operator:wikipedia"": ""de:Deutsche Post AG"", ""ref"": ""Frankfurter Allee 191, 10365 Berlin""}"
node/347278016,52.5365147,13.4062388,"{""amenity"": ""post_box"", ""brand"": ""Deutsche Post"", ""check_date"": ""2025-07-17"", ""check_date:collection_times"": ""2025-07-17"", ""collection_times"": ""Mo-Fr 17:15; Sa 14:15"", ""operator"": ""Deutsche Post"", ""operator:wikidata"": ""Q157645"", ""operator:wikipedia"": ""de:Deutsche Post AG"", ""ref"": ""Schwedterstr. 242, 10435 Berlin""}"
node/356881490,52.5372608,13.2605355,"{""amenity"": ""post_box"", ""collection_times"": ""Mo-Fr 17:00; Sa 12:30"", ""operator"": ""Deutsche Post"", ""operator:wikidata"": ""Q157645"", ""operator:wikipedia"": ""de:Deutsche Post AG"", ""ref"": ""Nonnendammallee 104-107, 13629 Berlin""}"
node/359064943,52.502785,13.3655918,"{""amenity"": ""post_box"", ""collection_times"": ""Mo-Fr 17:30; Sa 14:15"", ""operator"": ""Deutsche Post"", ""operator:wikidata"": ""Q157645"", ""operator:wikipedia"": ""de:Deutsche Post AG"", ""ref"": ""Potsdamer Str. 71, 10785 Berlin""}"
node/359889231,52.5238811,13.279749,"{""amenity"": ""post_box"", ""check_date:collection_times"": ""2024-08-18"", ""collection_times"": ""Mo-Fr 16:00; Sa 12:45; Su,PH off"", ""colour"": ""#e2a300"", ""operator"": ""Deutsche Post"", ""operator:wikidata"": ""Q157645"", ""operator:wikipedia"": ""de:Deutsche Post AG"", ""post_box:type"": ""pillar"", ""ref"": ""Fürstenbrunner Weg 50, 14059 Berlin"", ""support"": ""ground""}"
node/360111402,52.5057584,13.3253689,"{""amenity"": ""post_box"", ""check_date:collection_times"": ""2026-04-10"", ""collection_times"": ""Mo-Fr 17:15; Sa 16:30"", ""operator"": ""Deutsche Post"", ""operator:wikidata"": ""Q157645"", ""operator:wikipedia"": ""de:Deutsche Post AG"", ""ref"": ""Kantstr. 17, 10623 Berlin""}"
node/360464910,52.4232,13.3571571,"{""amenity"": ""post_box"", ""brand"": ""Deutsche Post"", ""check_date"": ""2025-05-01"", ""collection_times"": ""Mo-Fr 15:30; Sa 13:30"", ""colour"": ""yellow"", ""operator"": ""Deutsche Post"", ""operator:wikidata"": ""Q157645"", ""operator:wikipedia"": ""de:Deutsche Post AG"", ""post_box:apertures"": ""2"", ""post_box:type"": ""lamp"", ""ref"": ""Malteserstr.107, 12249 Berlin""}"
node/361013967,52.512422,13.325114,"{""amenity"": ""post_box"", ""check_date"": ""2025-05-03"", ""check_date:collection_times"": ""2024-05-02"", ""collection_times"": ""Mo-Fr 17:00; Sa 16:15"", ""operator"": ""Deutsche Post"", ""operator:wikidata"": ""Q157645"", ""operator:wikipedia"": ""de:Deutsche Post AG"", ""post_box:type"": ""lamp"", ""postal_code"": ""10623"", ""ref"": ""Str. des 17. Juni 145, 10623 Berlin""}"
node/361013965,52.5059937,13.3278193,"{""amenity"": ""post_box"", ""check_date"": ""2025-11-10"", ""check_date:collection_times"": ""2025-11-10"", ""collection_times"": ""Mo-Fr 17:15; Sa 16:45"", ""operator"": ""Deutsche Post"", ""operator:wikidata"": ""Q157645"", ""operator:wikipedia"": ""de:Deutsche Post AG"", ""postal_code"": ""10623"", ""ref"": ""Fasanenstr. 9-10, 10623 Berlin""}"
node/364792201,52.5118533,13.3216149,"{""amenity"": ""post_box"", ""check_date:collection_times"": ""2025-12-17"", ""collection_times"": ""Mo-Fr 17:00; Sa 16:30"", ""operator"": ""Deutsche Post"", ""operator:wikidata"": ""Q157645"", ""operator:wikipedia"": ""de:Deutsche Post AG"", ""ref"": ""Ernst-Reuter-Platz 2-6, 10587 Berlin""}"
node/361266498,52.4897873,13.4552318,"{""amenity"": ""post_box"", ""check_date"": ""2024-12-16"", ""collection_times"": ""Mo-Fr 15:00,17:00; Sa 14:00"", ""operator"": ""Deutsche Post"", ""operator:wikidata"": ""Q157645"", ""operator:wikipedia"": ""de:Deutsche Post AG"", ""post_box:type"": ""lamp"", ""postal_code"": ""12435"", ""ref"": ""Elsenstraße 107-108, 12435 Berlin""}"
node/364809015,52.5087883,13.3139966,"{""amenity"": ""post_box"", ""check_date"": ""2026-03-25"", ""check_date:collection_times"": ""2026-03-25"", ""collection_times"": ""Mo-Fr 17:15; Sa 16:30"", ""operator"": ""Deutsche Post"", ""operator:wikidata"": ""Q157645"", ""operator:wikipedia"": ""de:Deutsche Post AG"", ""ref"": ""Goethestr. 64, 10625 Berlin""}"
node/365599754,52.5716421,13.4925858,"{""amenity"": ""post_box"", ""collection_times"": ""Mo-Fr 17:15; Sa 12:15"", ""operator"": ""Deutsche Post"", ""operator:wikidata"": ""Q157645"", ""ref"": ""Reriker Str. 18, 13051 Berlin""}"
node/365711282,52.4985434,13.4797405,"{""amenity"": ""post_box"", ""check_date:collection_times"": ""2025-08-24"", ""collection_times"": ""Mo-Fr 17:00; Sa 11:00"", ""operator"": ""Deutsche Post"", ""operator:wikidata"": ""Q157645"", ""operator:wikipedia"": ""de:Deutsche Post AG"", ""ref"": ""Hauptstr. 6g, 10317 Berlin""}"
node/365632299,52.5696678,13.4957117,"{""amenity"": ""post_box"", ""collection_times"": ""Mo-Fr 17:15, 21:30; Sa 12:15; Su 21:30"", ""operator"": ""Deutsche Post"", ""operator:wikidata"": ""Q157645"", ""ref"": ""Ribnitzer Str. 26, 13051 Berlin""}"
node/365886356,52.5206808,13.335047,"{""amenity"": ""post_box"", ""check_date:collection_times"": ""2024-05-26"", ""collection_times"": ""Mo-Fr 15:30,17:30,21:00; Sa 12:30; Su 21:00"", ""drive_through"": ""no"", ""operator"": ""Deutsche Post"", ""operator:wikidata"": ""Q157645"", ""operator:wikipedia"": ""de:Deutsche Post AG"", ""ref"": ""Levetzowstr. 10, 10555 Berlin""}"
node/365903916,52.5058076,13.2993336,"{""amenity"": ""post_box"", ""check_date"": ""2026-02-23"", ""check_date:collection_times"": ""2026-02-23"", ""collection_times"": ""Mo-Fr 17:00; Sa 16:30"", ""operator"": ""Deutsche Post"", ""operator:wikidata"": ""Q157645"", ""operator:wikipedia"": ""de:Deutsche Post AG"", ""ref"": ""Windscheidstr. 17, 10627 Berlin""}"
node/366921239,52.4817072,13.5173544,"{""amenity"": ""post_box"", ""check_date:collection_times"": ""2024-04-07"", ""collection_times"": ""Mo-Fr 16:45,20:15; Sa 11:30; Su 21:00"", ""operator"": ""Deutsche Post"", ""operator:wikidata"": ""Q157645"", ""operator:wikipedia"": ""de:Deutsche Post AG"", ""ref"": ""Ehrlichstr. 48, 10318 Berlin""}"
node/367678326,52.5708442,13.3181105,"{""amenity"": ""post_box"", ""collection_times"": ""Mo-Fr 14:00; Sa 13:00"", ""operator"": ""Deutsche Post"", ""operator:wikidata"": ""Q157645"", ""operator:wikipedia"": ""de:Deutsche Post AG"", ""ref"": ""General-Barby-Str. 54, 13403 Berlin""}"
node/368889206,52.5593929,13.5129375,"{""amenity"": ""post_box"", ""collection_times"": ""Mo-Fr 17:00; Sa 12:00"", ""operator"": ""Deutsche Post"", ""operator:wikidata"": ""Q157645"", ""operator:wikipedia"": ""de:Deutsche Post AG"", ""ref"": ""Röttkenring 24, 13053 Berlin""}"
node/368890122,52.5646732,13.5073241,"{""amenity"": ""post_box"", ""brand"": ""Deutsche Post"", ""collection_times"": ""Mo-Fr 13:45,17:00,21:15; Sa 12:00; Su 21:15"", ""operator"": ""Deutsche Post"", ""operator:wikidata"": ""Q157645"", ""ref"": ""Prerower Platz 1, 13051 Berlin""}"
node/369087038,52.5078962,13.2759642,"{""amenity"": ""post_box"", ""check_date:collection_times"": ""2024-03-20"", ""collection_times"": ""Mo-Fr 16:00; Sa 13:15"", ""operator"": ""Deutsche Post"", ""operator:wikidata"": ""Q157645"", ""operator:wikipedia"": ""de:Deutsche Post AG"", ""ref"": ""Masurenallee 12-14, 14057 Berlin""}"
node/366277729,52.4947609,13.4528787,"{""amenity"": ""post_box"", ""check_date"": ""2024-12-13"", ""check_date:collection_times"": ""2024-12-13"", ""collection_times"": ""Mo-Fr 14:45,16:45, Sa 13:45"", ""operator"": ""Deutsche Post"", ""operator:wikidata"": ""Q157645"", ""operator:wikipedia"": ""de:Deutsche Post AG"", ""ref"": ""Puschkinallee 52, 12435 Berlin""}"
node/369573926,52.4908428,13.4232367,"{""amenity"": ""post_box"", ""check_date"": ""2026-07-07"", ""check_date:collection_times"": ""2024-03-15"", ""collection_times"": ""Mo-Fr 15:15,17:30,21:30, Su 21:30, Sa 14:30"", ""collection_times:signed"": ""no"", ""operator"": ""Deutsche Post"", ""operator:wikidata"": ""Q157645"", ""operator:wikipedia"": ""de:Deutsche Post AG"", ""post_box:apertures"": ""2"", ""post_box:type"": ""lamp"", ""ref"": ""Kottbusser Damm 21, 10967 Berlin""}"
node/369087046,52.5101297,13.2812702,"{""amenity"": ""post_box"", ""check_date:collection_times"": ""2026-08-15"", ""collection_times"": ""Mo-Fr 15:30; Sa 12:30"", ""operator"": ""Deutsche Post"", ""operator:wikidata"": ""Q157645"", ""operator:wikipedia"": ""de:Deutsche Post AG"", ""ref"": ""Kaiserdamm/Königin-Elisabeth-Str., 14057 Berlin""}"
node/369602117,52.5106802,13.2979806,"{""amenity"": ""post_box"", ""collection_times"": ""Mo-Fr 17:15; Sa 16:30"", ""operator"": ""Deutsche Post"", ""operator:wikidata"": ""Q157645"", ""operator:wikipedia"": ""de:Deutsche Post AG"", ""ref"": ""Bismarckstr. 68, 10627 Berlin""}"
node/370348655,52.5086399,13.4992366,"{""amenity"": ""post_box"", ""check_date:collection_times"": ""2026-08-04"", ""collection_times"": ""Mo-Fr 16:45; Sa 12:15"", ""operator"": ""Deutsche Post"", ""operator:wikidata"": ""Q157645"", ""operator:wikipedia"": ""de:Deutsche Post AG"", ""ref"": ""Wönnichstr. 18, 10317 Berlin""}"
node/371199591,52.4272022,13.2168426,"{""amenity"": ""post_box"", ""check_date"": ""2025-11-29"", ""check_date:collection_times"": ""2025-11-29"", ""collection_times"": ""Mo-Fr 16:00; Sa 14:00"", ""operator"": ""Deutsche Post"", ""operator:wikidata"": ""Q157645"", ""ref"": ""Potsdamer Chaussee 80, 14129 Berlin""}"
node/371157966,52.5431997,13.4173587,"{""amenity"": ""post_box"", ""check_date"": ""2026-01-29"", ""check_date:collection_times"": ""2024-05-06"", ""collection_times"": ""Mo-Fr 12:00,16:45, Sa 12:00"", ""operator"": ""Deutsche Post"", ""operator:wikidata"": ""Q157645"", ""operator:wikipedia"": ""de:Deutsche Post AG"", ""ref"": ""Raumerstraße 6, 10437 Berlin""}"
node/369572810,52.4997295,13.4180639,"{""amenity"": ""post_box"", ""check_date"": ""2025-08-21"", ""check_date:collection_times"": ""2023-11-01"", ""collection_times"": ""Mo-Fr 16:00,17:30,21:15; Sa 14:15; Su 21:15"", ""operator"": ""Deutsche Post"", ""operator:wikidata"": ""Q157645"", ""operator:wikipedia"": ""de:Deutsche Post AG"", ""ref"": ""Adalbertstr. 98, 10999 Berlin""}"
node/370104966,52.5462128,13.412728,"{""access"": ""yes"", ""addr:floor"": ""0"", ""amenity"": ""post_box"", ""check_date"": ""2022-12-28"", ""collection_times"": ""Mo-Fr 17:30, Sa 12:45"", ""covered"": ""no"", ""indoor"": ""no"", ""level"": ""0"", ""material"": ""steel"", ""operator"": ""Deutsche Post"", ""operator:wikidata"": ""Q157645"", ""operator:wikipedia"": ""de:Deutsche Post AG"", ""post_box:type"": ""pillar"", ""ref"": ""Schönhauser Allee 127a, 10437 Berlin"", ""source"": ""survey"", ""support"": ""ground""}"
node/371212805,52.5145486,13.1880846,"{""amenity"": ""post_box"", ""collection_times"": ""Mo-Fr 16:00; Sa 12:00"", ""operator"": ""Deutsche Post"", ""operator:wikidata"": ""Q157645"", ""operator:wikipedia"": ""de:Deutsche Post AG"", ""ref"": ""Heerstr. 271, 13595 Berlin""}"
node/373415655,52.4989177,13.3133205,"{""amenity"": ""post_box"", ""check_date:collection_times"": ""2024-07-16"", ""collection_times"": ""Mo-Fr 16:30,17:45; Sa 16:15"", ""operator"": ""Deutsche Post"", ""operator:wikidata"": ""Q157645"", ""operator:wikipedia"": ""de:Deutsche Post AG"", ""ref"": ""Bregenzer Str. 10, 10707 Berlin""}"
node/373855807,52.5450497,13.4218132,"{""access"": ""yes"", ""addr:floor"": ""0"", ""amenity"": ""post_box"", ""check_date:collection_times"": ""2026-01-29"", ""collection_times"": ""Mo-Fr 16:45; Sa 12:00"", ""colour"": ""yellow"", ""covered"": ""no"", ""indoor"": ""no"", ""level"": ""0"", ""material"": ""steel"", ""operator"": ""Deutsche Post"", ""operator:wikidata"": ""Q157645"", ""operator:wikipedia"": ""de:Deutsche Post AG"", ""post_box:type"": ""pillar"", ""ref"": ""Stargarder Str. 58, 10437 Berlin"", ""source"": ""survey"", ""support"": ""ground""}"
node/374420700,52.5055984,13.3139247,"{""amenity"": ""post_box"", ""collection_times"": ""Mo-Fr 17:00; Sa 16:45"", ""operator"": ""Deutsche Post"", ""operator:wikidata"": ""Q157645"", ""operator:wikipedia"": ""de:Deutsche Post AG"", ""ref"": ""Leibnizstr. 38, 10625 Berlin""}"
node/382879232,52.4382052,13.3151357,"{""amenity"": ""post_box"", ""collection_times"": ""Mo-Fr 13:15,16:30; Sa 12:15"", ""operator"": ""Deutsche Post"", ""operator:wikidata"": ""Q157645"", ""operator:wikipedia"": ""de:Deutsche Post AG"", ""ref"": ""Hindenburgdamm/Stockweg, 12203 Berlin""}"
node/384255969,52.5694895,13.3303675,"{""amenity"": ""post_box"", ""collection_times"": ""Mo-Fr 16:30; Sa 13:00"", ""operator"": ""Deutsche Post"", ""operator:wikidata"": ""Q157645"", ""operator:wikipedia"": ""de:Deutsche Post AG"", ""ref"": ""Humboldtstr. 42, 13407 Berlin""}"
node/384257571,52.5794045,13.3086911,"{""amenity"": ""post_box"", ""collection_times"": ""Mo-Fr 13:45,17:00,22:30; Sa 13:00; Su 22:30"", ""operator"": ""Deutsche Post"", ""operator:wikidata"": ""Q157645"", ""operator:wikipedia"": ""de:Deutsche Post AG"", ""ref"": ""Breitenbachstr. 24-29, 13509 Berlin""}"
node/372621928,52.542281,13.4119412,"{""access"": ""yes"", ""addr:floor"": ""0"", ""amenity"": ""post_box"", ""check_date"": ""2025-05-02"", ""collection_times"": ""Mo-Fr 17:30; Sa 12:45"", ""colour"": ""yellow"", ""covered"": ""no"", ""drive_through"": ""no"", ""indoor"": ""no"", ""level"": ""0"", ""material"": ""steel"", ""operator"": ""Deutsche Post"", ""operator:wikidata"": ""Q157645"", ""operator:wikipedia"": ""de:Deutsche Post AG"", ""post_box:type"": ""pillar"", ""ref"": ""Schönhauser Allee 140, 10439 Berlin"", ""source"": ""survey"", ""support"": ""pole""}"
node/384828567,52.6053783,13.2916374,"{""amenity"": ""post_box"", ""collection_times"": ""Mo-Fr 16:00; Sa 13:00"", ""operator"": ""Deutsche Post"", ""operator:wikidata"": ""Q157645"", ""ref"": ""Hermsdorferdamm 48-50, 13467 Berlin""}"
node/384828568,52.6106284,13.3094628,"{""amenity"": ""post_box"", ""collection_times"": ""Mo-Fr 16:00; Sa 13:00"", ""operator"": ""Deutsche Post"", ""operator:wikidata"": ""Q157645"", ""ref"": ""Götzestr. 3, 13467 Berlin""}"
node/384829299,52.6131425,13.311462,"{""amenity"": ""post_box"", ""check_date"": ""2025-08-08"", ""collection_times"": ""Mo-Fr 16:00; Sa 13:00"", ""operator"": ""Deutsche Post"", ""operator:wikidata"": ""Q157645"", ""operator:wikipedia"": ""de:Deutsche Post AG"", ""ref"": ""Schulzendorfer Str. 5, 13467 Berlin""}"
node/384829300,52.6108889,13.3185898,"{""amenity"": ""post_box"", ""collection_times"": ""Mo-Fr 16:00; Sa 13:00"", ""operator"": ""Deutsche Post"", ""operator:wikidata"": ""Q157645"", ""ref"": ""Oraniendamm 48, 13469 Berlin""}"
node/384837434,52.5987862,13.2919552,"{""amenity"": ""post_box"", ""collection_times"": ""Mo-Fr 17:00; Sa 13:00"", ""operator"": ""Deutsche Post"", ""operator:wikidata"": ""Q157645"", ""operator:wikipedia"": ""de:Deutsche Post AG"", ""ref"": ""Ketteler Pfad 23, 13509 Berlin""}"
node/384834109,52.6034314,13.3090044,"{""amenity"": ""post_box"", ""check_date:collection_times"": ""2024-08-22"", ""collection_times"": ""Mo-Fr 16:00; Sa 13:00"", ""operator"": ""Deutsche Post"", ""operator:wikidata"": ""Q157645"", ""post_box:apertures"": ""2"", ""post_box:type"": ""lamp"", ""ref"": ""Waidmannsluster Damm 79, 13469 Berlin"", ""support"": ""pole""}"
node/384842226,52.6028851,13.3312623,"{""amenity"": ""post_box"", ""collection_times"": ""Mo-Fr 16:00; Sa 13:30"", ""operator"": ""Deutsche Post"", ""operator:wikidata"": ""Q157645"", ""operator:wikipedia"": ""de:Deutsche Post AG"", ""ref"": ""Wittenauer Str. 1-7, 13435 Berlin""}"
node/384837969,52.5913419,13.2978906,"{""amenity"": ""post_box"", ""collection_times"": ""Mo-Fr 16:30; Sa 13:00"", ""operator"": ""Deutsche Post"", ""operator:wikidata"": ""Q157645"", ""operator:wikipedia"": ""de:Deutsche Post AG"", ""ref"": ""Bollestr. 2, 13509 Berlin""}"
node/384841555,52.6082953,13.3232684,"{""amenity"": ""post_box"", ""collection_times"": ""Mo-Fr 16:00; Sa 13:00"", ""operator"": ""Deutsche Post"", ""operator:wikidata"": ""Q157645"", ""ref"": ""Oraniendamm 12, 13469 Berlin""}"
node/384848333,52.5916321,13.3120838,"{""amenity"": ""post_box"", ""collection_times"": ""Mo-Fr 16:00; Sa 13:00"", ""operator"": ""Deutsche Post"", ""operator:wikidata"": ""Q157645"", ""operator:wikipedia"": ""de:Deutsche Post AG"", ""ref"": ""Am Kesselpfuhl 62, 13437 Berlin""}"
node/384843871,52.5978364,13.3325917,"{""amenity"": ""post_box"", ""collection_times"": ""Mo-Fr 17:00; Sa 12:30"", ""operator"": ""Deutsche Post"", ""operator:wikidata"": ""Q157645"", ""operator:wikipedia"": ""de:Deutsche Post AG"", ""ref"": ""Oranienburger Str. 100, 13437 Berlin""}"
node/384847816,52.5943091,13.3189378,"{""amenity"": ""post_box"", ""collection_times"": ""Mo-Fr 14:00; Sa 12:30"", ""operator"": ""Deutsche Post"", ""operator:wikidata"": ""Q157645"", ""ref"": ""Alt-Wittenau 46, 13437 Berlin""}"
node/384849040,52.5900798,13.3097964,"{""amenity"": ""post_box"", ""collection_times"": ""Mo-Fr 16:00; Sa 12:00"", ""operator"": ""Deutsche Post"", ""operator:wikidata"": ""Q157645"", ""operator:wikipedia"": ""de:Deutsche Post AG"", ""ref"": ""Am Nordgraben 2, 13509 Berlin""}"
node/384853110,52.5931846,13.3336793,"{""amenity"": ""post_box"", ""collection_times"": ""Mo-Fr 17:15,22:00; Sa 13:30; Su 22:00"", ""operator"": ""Deutsche Post"", ""operator:wikidata"": ""Q157645"", ""operator:wikipedia"": ""de:Deutsche Post AG"", ""ref"": ""Oranienburger Str. 80, 13437 Berlin""}"
node/384855142,52.5891479,13.3389373,"{""amenity"": ""post_box"", ""collection_times"": ""Mo-Fr 16:00; Sa 13:00"", ""operator"": ""Deutsche Post"", ""operator:wikidata"": ""Q157645"", ""ref"": ""Roedernallee 118a, 13437 Berlin""}"
node/385383995,52.4994122,13.5554351,"{""amenity"": ""post_box"", ""collection_times"": ""Mo-Fr 16:00; Sa 13:00"", ""operator"": ""Deutsche Post"", ""operator:wikidata"": ""Q157645"", ""operator:wikipedia"": ""de:Deutsche Post AG"", ""post_box:apertures"": ""2"", ""post_box:type"": ""lamp"", ""postal_code"": ""12683"", ""ref"": ""Grabensprung/Kreuzschnabelstr., 12683 Berlin"", ""support"": ""pole""}"
node/385384039,52.5124088,13.4856784,"{""amenity"": ""post_box"", ""check_date"": ""2025-12-15"", ""check_date:collection_times"": ""2025-12-15"", ""collection_times"": ""Mo-Fr 17:15, Sa 11:00"", ""operator"": ""Deutsche Post"", ""operator:wikidata"": ""Q157645"", ""operator:wikipedia"": ""de:Deutsche Post AG"", ""ref"": ""Frankfurter Allee 172, 10365 Berlin""}"
node/385538253,52.5013828,13.347783,"{""amenity"": ""post_box"", ""check_date:collection_times"": ""2025-09-09"", ""collection_times"": ""Mo-Fr 17:00; Sa 16:00"", ""operator"": ""Deutsche Post"", ""operator:wikidata"": ""Q157645"", ""operator:wikipedia"": ""de:Deutsche Post AG"", ""ref"": ""An der Urania 15, 10787 Berlin""}"
node/388413747,52.5919721,13.3835693,"{""amenity"": ""post_box"", ""check_date:collection_times"": ""2023-06-12"", ""collection_times"": ""Mo-Fr 16:00; Sa 12:00"", ""operator"": ""Deutsche Post"", ""operator:wikidata"": ""Q157645"", ""operator:wikipedia"": ""de:Deutsche Post AG"", ""ref"": ""Friedrich-Engels-Str. 124, 13156 Berlin""}"
node/391798649,52.5323249,13.3415141,"{""amenity"": ""post_box"", ""collection_times"": ""Mo-Fr 15:15, Sa 12:00, Su 09:00"", ""operator"": ""Deutsche Post"", ""operator:wikidata"": ""Q157645"", ""operator:wikipedia"": ""de:Deutsche Post AG"", ""ref"": ""Birkenstr. 31, 10551 Berlin"", ""wheelchair"": ""yes""}"
node/403749796,52.4996191,13.5790341,"{""amenity"": ""post_box"", ""check_date"": ""2025-12-20"", ""check_date:collection_times"": ""2025-12-20"", ""collection_times"": ""Mo-Fr 17:15; Sa 14:15"", ""operator"": ""Deutsche Post"", ""operator:wikidata"": ""Q157645"", ""operator:wikipedia"": ""de:Deutsche Post AG"", ""post_box:apertures"": ""2"", ""post_box:type"": ""lamp"", ""postal_code"": ""12621"", ""ref"": ""Chemnitzer Str./Archardstr., 12621 Berlin"", ""support"": ""pole""}"
node/409106799,52.5031301,13.4987564,"{""amenity"": ""post_box"", ""check_date"": ""2025-03-24"", ""check_date:collection_times"": ""2025-03-24"", ""collection_times"": ""Mo-Fr 16:45; Sa 12:15"", ""operator"": ""Deutsche Post"", ""operator:wikidata"": ""Q157645"", ""operator:wikipedia"": ""de:Deutsche Post AG"", ""ref"": ""Marie-Curie-Allee 91, 10315 Berlin""}"
node/408561048,52.5079307,13.455128,"{""amenity"": ""post_box"", ""check_date:collection_times"": ""2026-02-24"", ""collection_times"": ""Mo-Fr 17:15; Sa 12:15"", ""operator"": ""Deutsche Post"", ""operator:wikidata"": ""Q157645"", ""operator:wikipedia"": ""de:Deutsche Post AG"", ""ref"": ""Revaler Str. 14, 10245 Berlin""}"
node/409722795,52.4969803,13.5062105,"{""access"": ""yes"", ""addr:floor"": ""0"", ""amenity"": ""post_box"", ""check_date:collection_times"": ""2025-07-29"", ""collection_times"": ""Mo-Fr 16:30; Sa 11:00"", ""colour"": ""yellow"", ""covered"": ""no"", ""indoor"": ""no"", ""level"": ""0"", ""material"": ""metal"", ""operator"": ""Deutsche Post"", ""operator:wikidata"": ""Q157645"", ""operator:wikipedia"": ""de:Deutsche Post AG"", ""post_box:type"": ""pillar"", ""ref"": ""Sewanstr. 124, 10319 Berlin"", ""source"": ""survey"", ""support"": ""ground""}"
node/401146202,52.6023749,13.4021937,"{""amenity"": ""post_box"", ""brand"": ""Deutsche Post"", ""check_date"": ""2022-01-07"", ""collection_times"": ""Mo-Fr 13:30, Sa 12:00"", ""drive_through"": ""no"", ""operator"": ""Deutsche Post"", ""operator:wikidata"": ""Q157645"", ""operator:wikipedia"": ""de:Deutsche Post AG"", ""ref"": ""Dietzgenstr. 194, 13158 Berlin""}"
node/409925335,52.5066977,13.5527302,"{""amenity"": ""post_box"", ""check_date:collection_times"": ""2026-06-16"", ""collection_times"": ""Mo-Fr 15:15; Sa 13:00"", ""operator"": ""Deutsche Post"", ""operator:wikidata"": ""Q157645"", ""operator:wikipedia"": ""de:Deutsche Post AG"", ""ref"": ""Grabensprung 29, 12683 Berlin""}"
node/409744481,52.4941859,13.4253417,"{""amenity"": ""post_box"", ""check_date"": ""2026-07-07"", ""check_date:collection_times"": ""2026-07-07"", ""collection_times"": ""Mo-Fr 13:30,16:45; Sa 13:30"", ""operator"": ""Deutsche Post"", ""operator:wikidata"": ""Q157645"", ""operator:wikipedia"": ""de:Deutsche Post AG"", ""post_box:apertures"": ""2"", ""post_box:type"": ""lamp"", ""postal_code"": ""12047"", ""ref"": ""Hobrechtstr./Maybachufer, 12047 Berlin"", ""support"": ""pole""}"
node/410468539,52.5501238,13.5788957,"{""amenity"": ""post_box"", ""collection_times"": ""Mo-Fr 15:45, 16:30; Sa 14:45"", ""operator"": ""Deutsche Post"", ""operator:wikidata"": ""Q157645"", ""operator:wikipedia"": ""de:Deutsche Post AG"", ""ref"": ""Brodowiner Ring 8, 12679 Berlin""}"
node/410744394,52.5109788,13.5159142,"{""amenity"": ""post_box"", ""check_date"": ""2026-02-26"", ""check_date:collection_times"": ""2026-02-26"", ""collection_times"": ""Mo-Fr 17:30; Sa 11:15"", ""operator"": ""Deutsche Post"", ""operator:wikidata"": ""Q157645"", ""operator:wikipedia"": ""de:Deutsche Post AG"", ""ref"": ""Rosefelder Ring 48, 10315 Berlin""}"
node/416010896,52.5263608,13.3456037,"{""amenity"": ""post_box"", ""check_date"": ""2025-02-27"", ""collection_times"": ""Mo-Fr 15:00; Sa 12:30"", ""operator"": ""Deutsche Post"", ""operator:wikidata"": ""Q157645"", ""operator:wikipedia"": ""de:Deutsche Post AG"", ""post_box:type"": ""lamp"", ""ref"": ""Turmstraße 23, 10559 Berlin"", ""wheelchair"": ""yes""}"
node/416011052,52.5274032,13.3305915,"{""amenity"": ""post_box"", ""collection_times"": ""Mo-Fr 17:15; Sa 12:00"", ""operator"": ""Deutsche Post"", ""operator:wikidata"": ""Q157645"", ""operator:wikipedia"": ""de:Deutsche Post AG"", ""ref"": ""Waldstr. 1, 10551 Berlin""}"
node/416573172,52.5970387,13.3647122,"{""amenity"": ""post_box"", ""collection_times"": ""Mo-Fr 16:00; Sa 13:00"", ""operator"": ""Deutsche Post"", ""operator:wikidata"": ""Q157645"", ""operator:wikipedia"": ""de:Deutsche Post AG"", ""ref"": ""Wilhelmsruher Damm 81, 13439 Berlin""}"
node/413925180,52.5521597,13.4859061,"{""amenity"": ""post_box"", ""collection_times"": ""Mo-Fr 15:00,20:15; Sa 11:15; Su 20:15"", ""mapillary"": ""792838888032652"", ""operator"": ""Deutsche Post"", ""operator:wikidata"": ""Q157645"", ""operator:wikipedia"": ""de:Deutsche Post AG"", ""post_box:type"": ""pillar"", ""ref"": ""Suermondtstr. 2, 13053 Berlin""}"
node/417128215,52.4313191,13.1926998,"{""amenity"": ""post_box"", ""check_date"": ""2026-07-15"", ""collection_times"": ""Mo-Fr 13:00,18:00, Sa 12:00"", ""direction"": ""185"", ""note:collection_times"": ""Kein Schild mehr vorhanden, Stand 15. Juli 2026"", ""operator"": ""Deutsche Post"", ""operator:wikidata"": ""Q157645"", ""ref"": ""Borussenstr. (S-Bahnhof), 14129 Berlin)"", ""support"": ""poles""}"
node/418085351,52.529262,13.3629936,"{""amenity"": ""post_box"", ""check_date:collection_times"": ""2026-05-12"", ""collection_times"": ""Mo-Fr 17:15; Sa 12:15"", ""operator"": ""Deutsche Post"", ""operator:wikidata"": ""Q157645"", ""operator:wikipedia"": ""de:Deutsche Post AG"", ""post_box:type"": ""lamp"", ""ref"": ""Lehrter Str. 64, 10557 Berlin""}"
node/418084016,52.5268235,13.3642022,"{""amenity"": ""post_box"", ""check_date"": ""2025-04-08"", ""check_date:collection_times"": ""2025-04-08"", ""collection_times"": ""Mo-Fr 17:00, Sa 12:00"", ""operator"": ""Deutsche Post"", ""operator:wikidata"": ""Q157645"", ""operator:wikipedia"": ""de:Deutsche Post AG"", ""post_box:type"": ""lamp"", ""ref"": ""Lehrter Str. 67, 10557 Berlin""}"
node/420091035,52.4440483,13.3007973,"{""amenity"": ""post_box"", ""collection_times"": ""Mo-Fr 16:15; Sa 13:30"", ""operator"": ""Deutsche Post"", ""operator:wikidata"": ""Q157645"", ""operator:wikipedia"": ""de:Deutsche Post AG"", ""ref"": ""Viktoriaplatz/Gardeschützenweg, 12203 Berlin""}"
node/419545761,52.5550711,13.3759349,"{""amenity"": ""post_box"", ""check_date:collection_times"": ""2024-10-11"", ""collection_times"": ""Mo-Fr 15:00; Sa 12:00"", ""operator"": ""Deutsche Post"", ""operator:wikidata"": ""Q157645"", ""operator:wikipedia"": ""de:Deutsche Post AG"", ""ref"": ""Schwedenstr. 3a, 13357 Berlin""}"
node/426844523,52.6398851,13.5098182,"{""amenity"": ""post_box"", ""collection_times"": ""Sa 11:00; Mo-Fr 14:00"", ""operator"": ""Deutsche Post"", ""operator:wikidata"": ""Q157645"", ""ref"": ""Zepernicker Str. 1, 13125 Berlin""}"
node/430643793,52.6098361,13.2483695,"{""amenity"": ""post_box"", ""collection_times"": ""Mo-Fr 17:00; Sa 13:00"", ""operator"": ""Deutsche Post"", ""operator:wikidata"": ""Q157645"", ""ref"": ""Keilerstr. 1-19, 13503 Berlin""}"
node/430545896,52.4672857,13.3666791,"{""amenity"": ""post_box"", ""collection_times"": ""Mo-Fr 16:30,18:00,20:00,23:30; Sa 15:00; Su 11:00,23:30"", ""operator"": ""Deutsche Post"", ""operator:wikidata"": ""Q157645"", ""operator:wikipedia"": ""de:Deutsche Post AG"", ""ref"": ""Eresburgstr. 21, 12103 Berlin""}"
node/435105031,52.4208834,13.2042751,"{""amenity"": ""post_box"", ""check_date"": ""2025-11-10"", ""check_date:collection_times"": ""2025-11-10"", ""collection_times"": ""Mo-Fr 16:00; Sa 14:15"", ""operator"": ""Deutsche Post"", ""operator:wikidata"": ""Q157645"", ""ref"": ""Quantzstraße/Barnhelmstraße, 14129 Berlin""}"
node/430943705,52.4341919,13.2010711,"{""amenity"": ""post_box"", ""check_date"": ""2022-04-03"", ""collection_times"": ""Mo-Fr 17:00; Sa 11:30"", ""note"": ""Standort: Altvaterstr./Spanische Allee"", ""operator"": ""Deutsche Post"", ""operator:wikidata"": ""Q157645"", ""ref"": ""Altvaterstr. 35, 14129 Berlin""}"
node/440069392,52.4668995,13.4838759,"{""amenity"": ""post_box"", ""check_date"": ""2025-01-07"", ""check_date:collection_times"": ""2025-01-07"", ""collection_times"": ""Mo-Fr 17:30; Sa 14:30"", ""note"": ""Hier stehen tatsächlich zwei identische Briefkästen nebeneinander."", ""obstacle:parking"": ""yes"", ""operator"": ""Deutsche Post"", ""operator:wikidata"": ""Q157645"", ""operator:wikipedia"": ""de:Deutsche Post AG"", ""post_box:apertures"": ""1"", ""post_box:type"": ""pillar"", ""postal_code"": ""12437"", ""ref"": ""Rinkartstr. 5-9, 12437 Berlin"", ""support"": ""ground""}"
node/417035629,52.600186,13.3785732,"{""amenity"": ""post_box"", ""collection_times"": ""Mo-Fr 14:00; Sa 12:00"", ""operator"": ""Deutsche Post"", ""operator:wikidata"": ""Q157645"", ""operator:wikipedia"": ""de:Deutsche Post AG"", ""ref"": ""Schönhauser Str. 157b, 13158 Berlin""}"
node/443604537,52.487446,13.3946568,"{""amenity"": ""post_box"", ""check_date"": ""2026-02-21"", ""check_date:collection_times"": ""2026-02-21"", ""collection_times"": ""Mo-Fr 15:45; Sa 14:15"", ""operator"": ""Deutsche Post"", ""operator:wikidata"": ""Q157645"", ""operator:wikipedia"": ""de:Deutsche Post AG"", ""post_box:apertures"": ""2"", ""post_box:type"": ""lamp"", ""postal_code"": ""10965"", ""ref"": ""Willibald-Alexis-Str. 6, 10965 Berlin"", ""support"": ""pole""}"
node/444000789,52.5112753,13.3043557,"{""amenity"": ""post_box"", ""check_date:collection_times"": ""2026-03-25"", ""collection_times"": ""Mo-Fr 17:15; Sa 16:30"", ""operator"": ""Deutsche Post"", ""operator:wikidata"": ""Q157645"", ""operator:wikipedia"": ""de:Deutsche Post AG"", ""postal_code"": ""10627"", ""ref"": ""Bismarckstr. 79, 10627 Berlin""}"
node/444616441,52.4189112,13.3179838,"{""amenity"": ""post_box"", ""check_date:collection_times"": ""2026-05-12"", ""collection_times"": ""Mo-Fr 15:45; Sa 13:30"", ""note"": ""Falsche Schreibweise Straßenname am Briefkasten"", ""operator"": ""Deutsche Post"", ""operator:wikidata"": ""Q157645"", ""operator:wikipedia"": ""de:Deutsche Post AG"", ""ref"": ""Blanckertzweg/Hildburghauser Str., 12209 Berlin""}"
node/444000792,52.5113373,13.3001573,"{""amenity"": ""post_box"", ""check_date:collection_times"": ""2026-03-29"", ""collection_times"": ""Mo-Fr 17:00; Sa 16:15"", ""operator"": ""Deutsche Post"", ""operator:wikidata"": ""Q157645"", ""operator:wikipedia"": ""de:Deutsche Post AG"", ""ref"": ""Bismarckstr. 61, 10627 Berlin""}"
node/445817813,52.4897484,13.2713765,"{""amenity"": ""post_box"", ""check_date:collection_times"": ""2023-07-30"", ""collection_times"": ""Mo-Fr 16:00; Sa 14:00"", ""operator"": ""Deutsche Post"", ""operator:wikidata"": ""Q157645"", ""operator:wikipedia"": ""de:Deutsche Post AG"", ""ref"": ""Baraschstr./Gneisstr., 14193 Berlin""}"
node/445775139,52.532795,13.4819902,"{""amenity"": ""post_box"", ""check_date:collection_times"": ""2025-08-26"", ""collection_times"": ""Mo-Fr 16:45; Sa 12:00"", ""operator"": ""Deutsche Post"", ""operator:wikidata"": ""Q157645"", ""operator:wikipedia"": ""de:Deutsche Post AG"", ""ref"": ""Landsberger Allee 218, 10369 Berlin""}"
node/446036292,52.4175477,13.4090943,"{""amenity"": ""post_box"", ""check_date"": ""2021-05-26"", ""collection_times"": ""Mo-Fr 16:30; Sa 13:30"", ""operator"": ""Deutsche Post"", ""operator:wikidata"": ""Q157645"", ""operator:wikipedia"": ""de:Deutsche Post AG"", ""post_box:apertures"": ""1"", ""post_box:type"": ""pillar"", ""postal_code"": ""12349"", ""ref"": ""Muschelkalkweg 15, 12349 Berlin"", ""support"": ""ground""}"
node/445825733,52.4899043,13.3152724,"{""amenity"": ""post_box"", ""check_date:collection_times"": ""2024-07-28"", ""collection_times"": ""Mo-Fr 15:30,17:45,21:30; Sa 16:45; Su 21:30"", ""operator"": ""Deutsche Post"", ""operator:wikidata"": ""Q157645"", ""operator:wikipedia"": ""de:Deutsche Post AG"", ""ref"": ""Fehrbelliner Platz 2, 10707 Berlin""}"
node/446760656,52.4889653,13.3979352,"{""amenity"": ""post_box"", ""check_date"": ""2022-08-27"", ""collection_times"": ""Mo-Fr 14:15,16:00,17:30,18:15,21:45; Sa 14:30; Su 09:00,21:45"", ""colour"": ""yellow"", ""operator"": ""Deutsche Post"", ""operator:wikidata"": ""Q157645"", ""operator:wikipedia"": ""de:Deutsche Post AG"", ""post_box:apertures"": ""2"", ""post_box:type"": ""lamp"", ""ref"": ""Bergmannstr. 72, 10961 Berlin"", ""support"": ""pole""}"
node/447436583,52.5230706,13.3221015,"{""amenity"": ""post_box"", ""check_date:collection_times"": ""2026-09-14"", ""collection_times"": ""Mo-Fr 17:00; Sa 14:00"", ""operator"": ""Deutsche Post"", ""operator:wikidata"": ""Q157645"", ""operator:wikipedia"": ""de:Deutsche Post AG"", ""postal_code"": ""10587"", ""ref"": ""Pascalstr. 11, 10587 Berlin"", ""source"": ""survey""}"
node/447904724,52.4388419,13.2061719,"{""amenity"": ""post_box"", ""collection_times"": ""Mo-Fr 17:00; Sa 11:30"", ""last_checked"": ""2016-06-07"", ""operator"": ""Deutsche Post"", ""operator:wikidata"": ""Q157645"", ""ref"": ""Marinesteig 13, 14129 Berlin""}"
node/446938452,52.465669,13.3860744,"{""amenity"": ""post_box"", ""check_date"": ""2025-12-21"", ""collection_times"": ""Mo-Fr 14:00-16:30; Sa 14:15; Su,PH off"", ""colour"": ""yellow"", ""drive_through"": ""no"", ""material"": ""metal"", ""note"": ""Zwei Briefkästen mit gleichen Eigenschaften nebeneinander"", ""operator"": ""Deutsche Post"", ""operator:wikidata"": ""Q157645"", ""operator:wikipedia"": ""de:Deutsche Post AG"", ""post_box:apertures"": ""2"", ""post_box:type"": ""lamp"", ""postal_code"": ""12099"", ""ref"": ""Alt-Tempelhof/Tempelhofer Damm, 12099 Berlin"", ""support"": ""pole""}"
node/447963306,52.5620458,13.2061306,"{""amenity"": ""post_box"", ""check_date:collection_times"": ""2023-12-16"", ""collection_times"": ""Mo-Fr 14:00,17:30,21:15, Sa 13:00, Su 21:15"", ""operator"": ""Deutsche Post"", ""operator:wikidata"": ""Q157645"", ""operator:wikipedia"": ""de:Deutsche Post AG"", ""ref"": ""Cautiusstr. 42, 13587 Berlin"", ""toilets:wheelchair"": ""no"", ""wheelchair"": ""yes""}"
node/447974143,52.4604025,13.4353573,"{""amenity"": ""post_box"", ""check_date"": ""2020-11-22"", ""check_date:collection_times"": ""2024-02-26"", ""collection_times"": ""Mo-Fr 17:00; Sa 15:15"", ""operator"": ""Deutsche Post"", ""operator:wikidata"": ""Q157645"", ""operator:wikipedia"": ""de:Deutsche Post AG"", ""post_box:apertures"": ""2"", ""post_box:type"": ""lamp"", ""postal_code"": ""12347"", ""ref"": ""Britzer Damm/Jahnstr., 12347 Berlin"", ""support"": ""pole""}"
node/449223185,52.4475829,13.6406468,"{""access"": ""yes"", ""amenity"": ""post_box"", ""collection_times"": ""Mo-Fr 17:30; Sa 13:15"", ""indoor"": ""no"", ""operator"": ""Deutsche Post"", ""operator:wikidata"": ""Q157645"", ""ref"": ""Müggelseedamm (Seehotel), 12587 Berlin""}"
node/448603852,52.5008589,13.4408921,"{""amenity"": ""post_box"", ""check_date"": ""2025-05-14"", ""check_date:collection_times"": ""2023-11-24"", ""collection_times"": ""Mo-Fr 15:30,17:15; Sa 14:00"", ""colour"": ""yellow"", ""drive_through"": ""no"", ""material"": ""metal"", ""operator"": ""Deutsche Post"", ""operator:wikidata"": ""Q157645"", ""operator:wikipedia"": ""de:Deutsche Post AG"", ""post_box:apertures"": ""2"", ""postal_code"": ""10997"", ""ref"": ""Skalitzer Str. 74, 10997 Berlin"", ""support"": ""pole""}"
node/449930439,52.4893512,13.4264689,"{""amenity"": ""post_box"", ""check_date"": ""2026-07-08"", ""check_date:collection_times"": ""2026-07-08"", ""collection_times"": ""Mo-Fr 16:45; Sa 13:30"", ""operator"": ""Deutsche Post"", ""operator:wikidata"": ""Q157645"", ""operator:wikipedia"": ""de:Deutsche Post AG"", ""post_box:apertures"": ""1"", ""post_box:type"": ""pillar"", ""postal_code"": ""12047"", ""ref"": ""Hobrechtstr. 66, 12047 Berlin"", ""support"": ""ground""}"
node/450005270,52.5367856,13.270559,"{""amenity"": ""post_box"", ""collection_times"": ""Mo-Fr 16:00; Sa 11:30"", ""operator"": ""Deutsche Post"", ""operator:wikidata"": ""Q157645"", ""operator:wikipedia"": ""de:Deutsche Post AG"", ""ref"": ""Nonnendammallee 91, 13629 Berlin""}"
node/450689799,52.4426453,13.2404764,"{""amenity"": ""post_box"", ""brand"": ""Deutsche Post"", ""brand:wikidata"": ""Q5266289"", ""check_date"": ""2025-03-28"", ""check_date:collection_times"": ""2024-07-17"", ""collection_times"": ""Mo-Fr 17:00,21:30; Sa 13:45; Su 21:30"", ""operator"": ""Deutsche Post"", ""operator:wikidata"": ""Q157645"", ""operator:wikipedia"": ""de:Deutsche Post AG"", ""postal_code"": ""14163"", ""ref"": ""Argentinische Allee 47, 14163 Berlin""}"
node/452634986,52.423088,13.4838121,"{""amenity"": ""post_box"", ""collection_times"": ""Mo-Fr 16:30; Sa 13:30"", ""operator"": ""Deutsche Post"", ""operator:wikidata"": ""Q157645"", ""operator:wikipedia"": ""de:Deutsche Post AG"", ""ref"": ""Zwickauer Damm (U-Bahnhof), 12357 Berlin""}"
node/453218050,52.4660862,13.4707561,"{""amenity"": ""post_box"", ""check_date:collection_times"": ""2025-07-05"", ""collection_times"": ""Mo-Fr 14:00,16:30; Sa 14:45"", ""operator"": ""Deutsche Post"", ""operator:wikidata"": ""Q157645"", ""operator:wikipedia"": ""de:Deutsche Post AG"", ""ref"": ""Sonnenallee/Jupiterstr., 12057 Berlin""}"
node/452647853,52.4506212,13.2702272,"{""amenity"": ""post_box"", ""collection_times"": ""Mo-Fr 16:45; Sa 13:15"", ""operator"": ""Deutsche Post"", ""operator:wikidata"": ""Q157645"", ""operator:wikipedia"": ""de:Deutsche Post AG"", ""ref"": ""Clayallee 223, 14195 Berlin"", ""wheelchair"": ""yes""}"
node/448814547,52.513046,13.4121512,"{""amenity"": ""post_box"", ""check_date:collection_times"": ""2024-04-03"", ""collection_times"": ""Mo-Fr 13:15,15:45,17:45; Sa 14:45"", ""operator"": ""Deutsche Post"", ""operator:wikidata"": ""Q157645"", ""operator:wikipedia"": ""de:Deutsche Post AG"", ""ref"": ""Wallstr. 61-65, 10179 Berlin""}"
node/454640334,52.4623351,13.5137819,"{""amenity"": ""post_box"", ""collection_times"": ""Mo-Fr 17:00; Sa 11:00"", ""indoor"": ""yes"", ""operator"": ""Deutsche Post"", ""operator:wikidata"": ""Q157645"", ""operator:wikipedia"": ""de:Deutsche Post AG"", ""ref"": ""Edisonstr. 63, 12459 Berlin""}"
node/456411677,52.4391896,13.4599393,"{""amenity"": ""post_box"", ""check_date"": ""2024-04-29"", ""check_date:collection_times"": ""2023-09-25"", ""collection_times"": ""Mo-Fr 16:15; Sa 13:15"", ""colour"": ""yellow"", ""drive_through"": ""no"", ""material"": ""metal"", ""operator"": ""Deutsche Post"", ""operator:wikidata"": ""Q157645"", ""operator:wikipedia"": ""de:Deutsche Post AG"", ""post_box:apertures"": ""2"", ""ref"": ""Rudower Str. 52, 12351 Berlin"", ""support"": ""pole""}"
node/457823658,52.4573478,13.4482244,"{""amenity"": ""post_box"", ""check_date"": ""2025-08-25"", ""check_date:collection_times"": ""2025-08-25"", ""collection_times"": ""Mo-Fr 17:00; Sa 15:15"", ""colour"": ""yellow"", ""drive_through"": ""no"", ""material"": ""metal"", ""operator"": ""Deutsche Post"", ""operator:wikidata"": ""Q157645"", ""operator:wikipedia"": ""de:Deutsche Post AG"", ""post_box:apertures"": ""2"", ""post_box:type"": ""lamp"", ""postal_code"": ""12347"", ""ref"": ""Franz-Körner-Str./Buschkrugallee, 12347 Berlin"", ""support"": ""pole""}"
node/458138647,52.5210863,13.4466642,"{""amenity"": ""post_box"", ""check_date:collection_times"": ""2023-11-19"", ""collection_times"": ""Mo-Fr 15:15,17:45; Sa 14:45"", ""operator"": ""Deutsche Post"", ""operator:wikidata"": ""Q157645"", ""operator:wikipedia"": ""de:Deutsche Post AG"", ""ref"": ""Richard-Sorge-Str. 69, 10249 Berlin""}"
node/461959551,52.4315445,13.5389257,"{""amenity"": ""post_box"", ""collection_times"": ""Mo-Fr 14:00,16:00, Sa 12:00"", ""collection_times:signed"": ""no"", ""drive_through"": ""no"", ""operator"": ""Deutsche Post"", ""operator:wikidata"": ""Q157645"", ""operator:wikipedia"": ""de:Deutsche Post AG"", ""ref"": ""Am Studio/Ernst-Augustin-Str., 12489 Berlin""}"
node/467292073,52.6350676,13.4994099,"{""amenity"": ""post_box"", ""collection_times"": ""Mo-Fr 16:30; Sa 11:00"", ""operator"": ""Deutsche Post"", ""operator:wikidata"": ""Q157645"", ""operator:wikipedia"": ""de:Deutsche Post AG"", ""post_box:apertures"": ""1"", ""post_box:type"": ""pillar"", ""ref"": ""Karowerstr. 1, 13125 Berlin""}"
node/464929538,52.5384935,13.4094948,"{""amenity"": ""post_box"", ""check_date"": ""2025-08-30"", ""check_date:collection_times"": ""2025-08-30"", ""collection_times"": ""Mo-Fr 17:30; Sa 12:45"", ""operator"": ""Deutsche Post"", ""operator:wikidata"": ""Q157645"", ""operator:wikipedia"": ""de:Deutsche Post AG"", ""postal_code"": ""10119"", ""ref"": ""Kastanienallee 17-18, 10119 Berlin"", ""source"": ""survey""}"
node/472472552,52.4389384,13.4103134,"{""amenity"": ""post_box"", ""check_date"": ""2025-11-02"", ""check_date:collection_times"": ""2025-11-02"", ""collection_times"": ""Mo-Fr 15:00,16:30; Sa 14:30"", ""colour"": ""yellow"", ""operator"": ""Deutsche Post"", ""operator:wikidata"": ""Q157645"", ""operator:wikipedia"": ""de:Deutsche Post AG"", ""post_box:apertures"": ""2"", ""post_box:type"": ""lamp"", ""ref"": ""Britzer Str./Rotkopfweg, 12109 Berlin"", ""support"": ""pole""}"
node/473492092,52.4843717,13.6029891,"{""amenity"": ""post_box"", ""check_date:collection_times"": ""2021-07-20"", ""collection_times"": ""Mo-Fr 16:30, Sa 14:00"", ""operator"": ""Deutsche Post"", ""operator:wikidata"": ""Q157645"", ""operator:wikipedia"": ""de:Deutsche Post AG"", ""ref"": ""Hultschiner Damm / Rüstern Allee, 12623 Berlin""}"
node/473428732,52.3991977,13.5537583,"{""amenity"": ""post_box"", ""brand"": ""Deutsche Post"", ""collection_times"": ""Mo-Fr 16:45; Sa 12:30"", ""operator"": ""Deutsche Post"", ""operator:wikidata"": ""Q157645"", ""operator:wikipedia"": ""de:Deutsche Post AG"", ""postal_code"": ""12526"", ""ref"": ""Dorfplatz 2, 12526 Berlin""}"
node/473493863,52.4098696,13.5271187,"{""amenity"": ""post_box"", ""collection_times"": ""Mo-Fr 17:15; Sa 12:15"", ""operator"": ""Deutsche Post"", ""operator:wikidata"": ""Q157645"", ""ref"": ""Schönefelder Chaussee/Gerosteig, 12524 Berlin""}"
node/476654004,52.4461458,13.593506,"{""amenity"": ""post_box"", ""collection_times"": ""Mo-Fr 16:00; Sa 12:45"", ""operator"": ""Deutsche Post"", ""operator:wikidata"": ""Q157645"", ""operator:wikipedia"": ""de:Deutsche Post AG"", ""ref"": ""Salvador-Allende-Str. 91, 12559 Berlin""}"
node/477568619,52.4536932,13.5751184,"{""amenity"": ""post_box"", ""collection_times"": ""Sa 12:45; Mo-Fr 16:00"", ""operator"": ""Deutsche Post"", ""operator:wikidata"": ""Q157645"", ""operator:wikipedia"": ""de:Deutsche Post AG"", ""ref"": ""Bahnhofstr./Annenallee, 12555 Berlin""}"
node/478463389,52.4307363,13.5330508,"{""amenity"": ""post_box"", ""brand"": ""Deutsche Post"", ""collection_times"": ""Mo-Fr 16:15; Sa 13:00"", ""colour"": ""yellow"", ""operator"": ""Deutsche Post"", ""operator:wikidata"": ""Q157645"", ""operator:wikipedia"": ""de:Deutsche Post AG"", ""post_box:apertures"": ""2"", ""post_box:type"": ""pillar"", ""ref"": ""Rudower Chaussee 19, 12489 Berlin""}"
node/478463388,52.4327881,13.5356735,"{""amenity"": ""post_box"", ""check_date"": ""2025-05-23"", ""check_date:collection_times"": ""2025-05-23"", ""collection_times"": ""Mo-Fr 16:00; Sa 12:00"", ""colour"": ""yellow"", ""operator"": ""Deutsche Post"", ""operator:wikidata"": ""Q157645"", ""operator:wikipedia"": ""de:Deutsche Post AG"", ""post_box:apertures"": ""1"", ""post_box:type"": ""pillar"", ""ref"": ""Rudower Chaussee 12, 12489 Berlin""}"
node/479040142,52.4181052,13.5412469,"{""amenity"": ""post_box"", ""collection_times"": ""Mo-Fr 17:30; Sa 13:00"", ""operator"": ""Deutsche Post"", ""operator:wikidata"": ""Q157645"", ""operator:wikipedia"": ""de:Deutsche Post AG"", ""ref"": ""Normannenstr. 7, 12524 Berlin""}"
node/480101814,52.4552942,13.5796809,"{""amenity"": ""post_box"", ""collection_times"": ""Mo-Fr 17:15; Sa 13:45"", ""operator"": ""Deutsche Post"", ""operator:wikidata"": ""Q157645"", ""operator:wikipedia"": ""de:Deutsche Post AG"", ""ref"": ""Mandrellaplatz/Gericht, 12555 Berlin""}"
node/485950626,52.5031323,13.5079413,"{""amenity"": ""post_box"", ""collection_times"": ""Mo-Fr 16:45; Sa 12:00"", ""operator"": ""Deutsche Post"", ""operator:wikidata"": ""Q157645"", ""operator:wikipedia"": ""de:Deutsche Post AG"", ""ref"": ""Rummelsburger Straße 30, 10315 Berlin""}"
node/487063313,52.4983114,13.3348341,"{""amenity"": ""post_box"", ""check_date"": ""2024-07-17"", ""check_date:collection_times"": ""2024-07-17"", ""collection_times"": ""Mo-Fr 15:45,17:15; Sa 16:15"", ""note"": ""zwei Briefkästen nebeneinander"", ""operator"": ""Deutsche Post"", ""operator:wikidata"": ""Q157645"", ""operator:wikipedia"": ""de:Deutsche Post AG"", ""post_box:apertures"": ""2"", ""post_box:type"": ""lamp"", ""ref"": ""Geisbergstr. 20, 10777 Berlin"", ""support"": ""pole""}"
node/489300153,52.6412843,13.2864734,"{""amenity"": ""post_box"", ""collection_times"": ""Mo-Fr 17:00; Sa 13:00"", ""operator"": ""Deutsche Post"", ""operator:wikidata"": ""Q157645"", ""ref"": ""Gollanczstr. 49, 13465 Berlin""}"
node/489338188,52.6329991,13.2916556,"{""amenity"": ""post_box"", ""check_date:collection_times"": ""2026-07-14"", ""collection_times"": ""Mo-Fr 17:15; Sa 13:00"", ""operator"": ""Deutsche Post"", ""operator:wikidata"": ""Q157645"", ""operator:wikipedia"": ""de:Deutsche Post AG"", ""ref"": ""Zeltinger Platz 14, 13465 Berlin""}"
node/489869734,52.4446811,13.5873861,"{""amenity"": ""post_box"", ""collection_times"": ""Mo-Fr 16:00; Sa 12:45"", ""operator"": ""Deutsche Post"", ""operator:wikidata"": ""Q157645"", ""operator:wikipedia"": ""de:Deutsche Post AG"", ""ref"": ""Wendenschloßstr. 35, 12559 Berlin""}"
node/492384323,52.4418693,13.5633849,"{""amenity"": ""post_box"", ""collection_times"": ""Mo-Fr 17:15; Sa 12:15"", ""operator"": ""Deutsche Post"", ""operator:wikidata"": ""Q157645"", ""operator:wikipedia"": ""de:Deutsche Post AG"", ""ref"": ""Rudower Str. 98, 12557 Berlin""}"
node/492384334,52.4388477,13.5642417,"{""amenity"": ""post_box"", ""brand"": ""Deutsche Post"", ""collection_times"": ""Mo-Fr 17:15; Sa 12:15"", ""operator"": ""Deutsche Post"", ""operator:wikidata"": ""Q157645"", ""operator:wikipedia"": ""de:Deutsche Post AG"", ""postal_code"": ""12557"", ""ref"": ""Rudower Straße/Glienicker Straße, 12557 Berlin""}"
node/492893797,52.5140665,13.1970471,"{""amenity"": ""post_box"", ""collection_times"": ""Mo-Fr 16:00; Sa 12:00"", ""operator"": ""Deutsche Post"", ""operator:wikidata"": ""Q157645"", ""operator:wikipedia"": ""de:Deutsche Post AG"", ""ref"": ""Pichelsdorfer Str. 2, 13595 Berlin""}"
node/493698490,52.5118764,13.4661452,"{""amenity"": ""post_box"", ""check_date:collection_times"": ""2025-07-21"", ""collection_times"": ""Mo-Fr 17:00; Sa 12:00"", ""operator"": ""Deutsche Post"", ""operator:wikidata"": ""Q157645"", ""operator:wikipedia"": ""de:Deutsche Post AG"", ""ref"": ""Jungstr. 13, 10247 Berlin""}"
node/492025508,52.5292642,13.4607268,"{""amenity"": ""post_box"", ""check_date:collection_times"": ""2025-06-09"", ""collection_times"": ""Mo-Fr 16:45; Sa 12:15"", ""operator"": ""Deutsche Post"", ""operator:wikidata"": ""Q157645"", ""operator:wikipedia"": ""de:Deutsche Post AG"", ""ref"": ""Landsberger Allee 124, 10369 Berlin""}"
node/504155111,52.4725667,13.3059332,"{""amenity"": ""post_box"", ""check_date:collection_times"": ""2025-03-07"", ""collection_times"": ""Mo-Fr 16:00; Sa 12:45"", ""operator"": ""Deutsche Post"", ""operator:wikidata"": ""Q157645"", ""ref"": ""Wiesbadener Str. 59, 14197 Berlin""}"
node/504335158,52.4374692,13.2322824,"{""amenity"": ""post_box"", ""check_date"": ""2025-01-30"", ""collection_times"": ""Mo-Fr 16:00; Sa 13:45"", ""operator"": ""Deutsche Post"", ""operator:wikidata"": ""Q157645"", ""operator:wikipedia"": ""de:Deutsche Post AG""}"
node/505918081,52.4929121,13.3796115,"{""amenity"": ""post_box"", ""check_date"": ""2025-02-01"", ""check_date:collection_times"": ""2025-02-01"", ""collection_times"": ""Mo-Fr 17:30; Sa 14:30"", ""colour"": ""yellow"", ""operator"": ""Deutsche Post"", ""operator:wikidata"": ""Q157645"", ""operator:wikipedia"": ""de:Deutsche Post AG"", ""post_box:apertures"": ""2"", ""post_box:type"": ""lamp"", ""ref"": ""Möckernstr. 91, 10963 Berlin"", ""support"": ""pole""}"
node/506261846,52.50982,13.4510935,"{""amenity"": ""post_box"", ""check_date:collection_times"": ""2026-08-13"", ""collection_times"": ""Mo-Fr 17:30; Sa 12:30"", ""operator"": ""Deutsche Post"", ""operator:wikidata"": ""Q157645"", ""operator:wikipedia"": ""de:Deutsche Post AG"", ""ref"": ""Warschauer Str. 28, 10243 Berlin""}"
node/506357650,52.5254432,13.4036447,"{""amenity"": ""post_box"", ""collection_times"": ""Mo-Fr 13:00,15:00,16:00,17:00,18:15,20:30; Sa 14:00; Su 21:15"", ""disused"": ""yes"", ""operator"": ""Deutsche Post"", ""operator:wikidata"": ""Q157645"", ""operator:wikipedia"": ""de:Deutsche Post AG"", ""ref"": ""Rosenthaler Str. 50-51, 10178 Berlin"", ""wheelchair"": ""yes""}"
node/506357624,52.5278817,13.4107846,"{""amenity"": ""post_box"", ""collection_times"": ""Mo-Fr 13:00,17:00; Sa 16:00"", ""operator"": ""Deutsche Post"", ""operator:wikidata"": ""Q157645"", ""operator:wikipedia"": ""de:Deutsche Post AG"", ""ref"": ""Linienstr. 225, 10178 Berlin"", ""wheelchair"": ""yes""}"
node/506357652,52.523341,13.4032319,"{""access"": ""yes"", ""addr:floor"": ""0"", ""amenity"": ""post_box"", ""check_date:collection_times"": ""2024-02-24"", ""collection_times"": ""Mo-Fr 17:00; Sa 16:00"", ""covered"": ""no"", ""drive_through"": ""no"", ""indoor"": ""no"", ""level"": ""0"", ""material"": ""steel"", ""operator"": ""Deutsche Post"", ""operator:wikidata"": ""Q157645"", ""operator:wikipedia"": ""de:Deutsche Post AG"", ""post_box:type"": ""pillar"", ""ref"": ""An der Spandauer Brücke 7, 10178 Berlin"", ""source"": ""survey"", ""support"": ""ground""}"
node/513416689,52.454263,13.6125608,"{""amenity"": ""post_box"", ""collection_times"": ""Mo-Fr 16:00; Sa 13:00"", ""operator"": ""Deutsche Post"", ""operator:wikidata"": ""Q157645"", ""operator:wikipedia"": ""de:Deutsche Post AG"", ""ref"": ""Fürstenwalder Damm/Mühlweg, 12587 Berlin""}"
node/515215526,52.447185,13.3266821,"{""amenity"": ""post_box"", ""collection_times"": ""Mo-Fr 16:00; Sa 13:30"", ""operator"": ""Deutsche Post"", ""operator:wikidata"": ""Q157645"", ""operator:wikipedia"": ""de:Deutsche Post AG"", ""ref"": ""Birkbuschstraße/Klingsorstraße""}"
node/515215533,52.4434319,13.3314022,"{""amenity"": ""post_box"", ""check_date:collection_times"": ""2024-06-16"", ""collection_times"": ""Mo-Fr 13:30,16:00; Sa 12:30"", ""obstacle:parking"": ""yes"", ""operator"": ""Deutsche Post"", ""operator:wikidata"": ""Q157645"", ""operator:wikipedia"": ""de:Deutsche Post AG"", ""ref"": ""Birkbuschstr./Teltowkanalstr., 12167 Berlin""}"
node/520298428,52.4413335,13.5953891,"{""amenity"": ""post_box"", ""collection_times"": ""Mo-Fr 14:00,16:15; Sa 13:00"", ""operator"": ""Deutsche Post"", ""operator:wikidata"": ""Q157645"", ""operator:wikipedia"": ""de:Deutsche Post AG"", ""ref"": ""Müggelschlößchenweg (Krankenhaus), 12559 Berlin""}"
node/520298444,52.4411882,13.5873764,"{""amenity"": ""post_box"", ""collection_times"": ""Mo-Fr 18:00; Su 10:00; Sa 13:30"", ""operator"": ""Deutsche Post"", ""operator:wikidata"": ""Q157645"", ""operator:wikipedia"": ""de:Deutsche Post AG"", ""ref"": ""Pablo-Neruda-Str. 2-4, 12559 Berlin""}"
node/521449162,52.4450953,13.5674312,"{""amenity"": ""post_box"", ""brand"": ""Deutsche Post"", ""collection_times"": ""Sa 13:15; Mo-Fr 16:15"", ""operator"": ""Deutsche Post"", ""operator:wikidata"": ""Q157645"", ""operator:wikipedia"": ""de:Deutsche Post AG"", ""postal_code"": ""12557"", ""ref"": ""Oberspreestraße/Flemmingstraße 180a, 12557 Berlin""}"
node/521904809,52.5433549,13.438083,"{""amenity"": ""post_box"", ""check_date:collection_times"": ""2026-07-31"", ""collection_times"": ""Mo-Fr 17:15; Sa 12:15"", ""operator"": ""Deutsche Post"", ""operator:wikidata"": ""Q157645"", ""operator:wikipedia"": ""de:Deutsche Post AG"", ""ref"": ""Naugarder Str. 42, 10409 Berlin""}"
node/528693829,52.5013329,13.3308539,"{""amenity"": ""post_box"", ""collection_times"": ""Mo-Fr 18:00; Sa 16:30"", ""operator"": ""Deutsche Post"", ""operator:wikidata"": ""Q157645"", ""operator:wikipedia"": ""de:Deutsche Post AG"", ""ref"": ""Joachimstaler Str. 19, 10719 Berlin""}"
node/538406853,52.5322319,13.3250558,"{""amenity"": ""post_box"", ""check_date"": ""2023-03-22"", ""collection_times"": ""Mo-Fr 17:30, Sa 12:30"", ""operator"": ""Deutsche Post"", ""operator:wikidata"": ""Q157645"", ""ref"": ""Sickingenstr. 72, 10553 Berlin""}"
node/546474842,52.5492757,13.2071839,"{""amenity"": ""post_box"", ""check_date:collection_times"": ""2026-07-16"", ""collection_times"": ""Mo-Fr 16:00; Sa 13:00"", ""operator"": ""Deutsche Post"", ""operator:wikidata"": ""Q157645"", ""operator:wikipedia"": ""de:Deutsche Post AG"", ""ref"": ""Lynarstr. 12, 13585 Berlin""}"
node/550394348,52.5016623,13.4774629,"{""amenity"": ""post_box"", ""check_date"": ""2026-09-06"", ""check_date:collection_times"": ""2026-09-06"", ""collection_times"": ""Mo-Fr 17:00; Sa 11:00"", ""operator"": ""Deutsche Post"", ""operator:wikidata"": ""Q157645"", ""operator:wikipedia"": ""de:Deutsche Post AG"", ""postal_code"": ""10317"", ""ref"": ""Nöldnerstraße 50, 10317 Berlin""}"
node/549760165,52.5453713,13.4997426,"{""amenity"": ""post_box"", ""collection_times"": ""Mo-Fr 16:00; Sa 12:30"", ""operator"": ""Deutsche Post"", ""operator:wikidata"": ""Q157645"", ""operator:wikipedia"": ""de:Deutsche Post AG"", ""ref"": ""Große-Leege-Str. 103, 13055 Berlin""}"
node/559088944,52.5038991,13.3324824,"{""amenity"": ""post_box"", ""check_date"": ""2024-10-26"", ""check_date:collection_times"": ""2024-10-26"", ""collection_times"": ""Mo-Fr 12:30,15:30,17:15,18:30; Sa 16:45"", ""operator"": ""Deutsche Post"", ""operator:wikidata"": ""Q157645"", ""operator:wikipedia"": ""de:Deutsche Post AG"", ""ref"": ""Kurfürstendamm 231, 10719 Berlin""}"
node/554549550,52.555893,13.414747,"{""amenity"": ""post_box"", ""collection_times"": ""Mo-Fr 15:30; Sa 12:00"", ""drive_through"": ""no"", ""operator"": ""Deutsche Post"", ""operator:wikidata"": ""Q157645"", ""operator:wikipedia"": ""de:Deutsche Post AG"", ""ref"": ""Berliner Str. 80, 13189 Berlin""}"
node/550663648,52.5220317,13.3798309,"{""amenity"": ""post_box"", ""check_date"": ""2026-08-12"", ""check_date:collection_times"": ""2026-08-12"", ""collection_times"": ""Mo-Fr 17:30; Sa 16:15"", ""operator"": ""Deutsche Post"", ""operator:wikidata"": ""Q157645"", ""operator:wikipedia"": ""de:Deutsche Post AG"", ""ref"": ""Luisenstr. 39-40, 10117 Berlin""}"
node/560336665,52.4815374,13.6013027,"{""amenity"": ""post_box"", ""check_date:collection_times"": ""2022-02-21"", ""collection_times"": ""Mo-Fr 16:30; Sa 14:00"", ""operator"": ""Deutsche Post"", ""operator:wikidata"": ""Q157645"", ""operator:wikipedia"": ""de:Deutsche Post AG"", ""ref"": ""Hultschiner Damm / Rotdornallee, 12623 Berlin""}"
node/560336670,52.4666963,13.5852781,"{""amenity"": ""post_box"", ""collection_times"": ""Mo-Fr 15:30; Sa 12:15"", ""operator"": ""Deutsche Post"", ""operator:wikidata"": ""Q157645"", ""operator:wikipedia"": ""de:Deutsche Post AG"", ""ref"": ""Mahldorfer Str. 39, 12555 Berlin""}"
node/565034835,52.5083676,13.2853569,"{""amenity"": ""post_box"", ""check_date:collection_times"": ""2026-01-25"", ""collection_times"": ""Mo-Fr 16:00; Sa 12:30"", ""operator"": ""Deutsche Post"", ""operator:wikidata"": ""Q157645"", ""operator:wikipedia"": ""de:Deutsche Post AG"", ""ref"": ""Riehlstr. 7, 14057 Berlin""}"
node/565034856,52.5108614,13.2927094,"{""amenity"": ""post_box"", ""collection_times"": ""Mo-Fr 17:15; Sa 12:30"", ""operator"": ""Deutsche Post"", ""operator:wikidata"": ""Q157645"", ""operator:wikipedia"": ""de:Deutsche Post AG"", ""ref"": ""Kaiserdamm 6, 14057 Berlin""}"
node/565034851,52.5106077,13.2885788,"{""amenity"": ""post_box"", ""collection_times"": ""Mo-Fr 17:15; Sa 12:30"", ""operator"": ""Deutsche Post"", ""operator:wikidata"": ""Q157645"", ""operator:wikipedia"": ""de:Deutsche Post AG"", ""ref"": ""Kaiserdamm 13, 14057 Berlin""}"
node/565357153,52.5158656,13.4506826,"{""amenity"": ""post_box"", ""check_date:collection_times"": ""2026-04-22"", ""collection_times"": ""Mo-Fr 17:00; Sa 12:00"", ""operator"": ""Deutsche Post"", ""operator:wikidata"": ""Q157645"", ""operator:wikipedia"": ""de:Deutsche Post AG"", ""ref"": ""Karl-Marx-Allee 132, 10243 Berlin""}"
node/565357154,52.5191711,13.4331216,"{""amenity"": ""post_box"", ""collection_times"": ""Mo-Fr 17:15; Sa 14:15"", ""operator"": ""Deutsche Post"", ""operator:wikidata"": ""Q157645"", ""operator:wikipedia"": ""de:Deutsche Post AG"", ""ref"": ""Lebuser Str. 13-14, 10243 Berlin""}"
node/565357156,52.5259304,13.4173167,"{""amenity"": ""post_box"", ""check_date"": ""2024-12-20"", ""check_date:collection_times"": ""2024-12-20"", ""collection_times"": ""Mo-Fr 16:00,17:15; Sa 14:15"", ""operator"": ""Deutsche Post"", ""operator:wikidata"": ""Q157645"", ""operator:wikipedia"": ""de:Deutsche Post AG"", ""ref"": ""Mollstr. 2, 10178 Berlin""}"
node/565357155,52.5244165,13.4210656,"{""amenity"": ""post_box"", ""check_date"": ""2024-10-29"", ""check_date:collection_times"": ""2024-10-29"", ""collection_times"": ""Mo-Fr 16:00,17:15,21:00; Sa 14:15; Su 21:00"", ""operator"": ""Deutsche Post"", ""operator:wikidata"": ""Q157645"", ""operator:wikipedia"": ""de:Deutsche Post AG"", ""ref"": ""Mollstr. 4, 10178 Berlin""}"
node/566120274,52.4589584,13.5802748,"{""amenity"": ""post_box"", ""collection_times"": ""Mo-Fr 17:30; Sa 13:15"", ""operator"": ""Deutsche Post"", ""operator:wikidata"": ""Q157645"", ""operator:wikipedia"": ""de:Deutsche Post AG"", ""ref"": ""Stellingdamm (S-Bahnhof Köpenick), 12555 Berlin""}"
node/565357159,52.5180243,13.4298113,"{""amenity"": ""post_box"", ""collection_times"": ""Mo-Fr 17:00; Sa 14:00"", ""operator"": ""Deutsche Post"", ""operator:wikidata"": ""Q157645"", ""operator:wikipedia"": ""de:Deutsche Post AG"", ""ref"": ""Karl-Marx-Allee 54, 10243 Berlin""}"
node/567869852,52.4670898,13.5129389,"{""amenity"": ""post_box"", ""brand"": ""Deutsche Post"", ""check_date"": ""2025-05-08"", ""check_date:collection_times"": ""2025-05-08"", ""collection_times"": ""Sa 12:45; Mo-Fr 16:30"", ""operator"": ""Deutsche Post"", ""operator:wikidata"": ""Q157645"", ""operator:wikipedia"": ""de:Deutsche Post AG"", ""postal_code"": ""12459"", ""ref"": ""Edisonstraße 37, 12459 Berlin""}"
node/565357144,52.5314771,13.3996497,"{""access"": ""yes"", ""addr:floor"": ""0"", ""amenity"": ""post_box"", ""collection_times"": ""Mo-Fr 17:15; Sa 14:15"", ""colour"": ""yellow"", ""covered"": ""no"", ""indoor"": ""no"", ""level"": ""0"", ""material"": ""metal"", ""operator"": ""Deutsche Post"", ""operator:wikidata"": ""Q157645"", ""operator:wikipedia"": ""de:Deutsche Post AG"", ""post_box:type"": ""pillar"", ""ref"": ""Brunnenstr. 184, 10119 Berlin"", ""source"": ""survey"", ""support"": ""poles""}"
node/567869853,52.4645616,13.5128843,"{""amenity"": ""post_box"", ""check_date:collection_times"": ""2025-12-06"", ""collection_times"": ""Mo-Fr 16:30; Sa 12:45"", ""operator"": ""Deutsche Post"", ""operator:wikidata"": ""Q157645"", ""operator:wikipedia"": ""de:Deutsche Post AG"", ""ref"": ""Siemensstr. 17, 12459 Berlin""}"
node/569930711,52.4507304,13.5389635,"{""amenity"": ""post_box"", ""collection_times"": ""Mo-Fr 16:00; Sa 13:15"", ""operator"": ""Deutsche Post"", ""operator:wikidata"": ""Q157645"", ""operator:wikipedia"": ""de:Deutsche Post AG"", ""ref"": ""Oberspreestr. 36 , 12439 Berlin""}"
node/571800620,52.4213255,13.3722516,"{""amenity"": ""post_box"", ""check_date:collection_times"": ""2024-06-07"", ""collection_times"": ""Mo-Fr 16:00; Sa 14:00"", ""operator"": ""Deutsche Post"", ""operator:wikidata"": ""Q157645"", ""operator:wikipedia"": ""de:Deutsche Post AG"", ""ref"": ""Greulichstr. 13, 12277 Berlin""}"
node/569930716,52.4558135,13.5100613,"{""amenity"": ""post_box"", ""collection_times"": ""Mo-Fr 17:15; Sa 14:15; Su 10:30"", ""operator"": ""Deutsche Post"", ""operator:wikidata"": ""Q157645"", ""operator:wikipedia"": ""de:Deutsche Post AG"", ""ref"": ""Schöneweide (S-Bahnhof), 12439 Berlin""}"
node/569930714,52.4535409,13.509612,"{""amenity"": ""post_box"", ""check_date:collection_times"": ""2022-11-07"", ""collection_times"": ""Mo-Fr 17:15, Sa 14:15"", ""operator"": ""Deutsche Post"", ""operator:wikidata"": ""Q157645"", ""operator:wikipedia"": ""de:Deutsche Post AG"", ""ref"": ""Sterndamm/Schöneweide Busbahnhof, 12439 Berlin""}"
node/573820112,52.5423204,13.4895581,"{""amenity"": ""post_box"", ""check_date:collection_times"": ""2024-09-26"", ""collection_times"": ""Mo-Fr 16:00,20:15; Sa 12:15; Su 20:15"", ""operator"": ""Deutsche Post"", ""operator:wikidata"": ""Q157645"", ""operator:wikipedia"": ""de:Deutsche Post AG"", ""ref"": ""Werneuchener Str. 1, 13055 Berlin""}"
node/579988142,52.5395807,13.2931438,"{""amenity"": ""post_box"", ""collection_times"": ""Mo-Fr 15:00; Sa 11:30"", ""operator"": ""Deutsche Post"", ""operator:wikidata"": ""Q157645"", ""operator:wikipedia"": ""de:Deutsche Post AG"", ""ref"": ""Heckerdamm 245, 13627 Berlin""}"
node/580583427,52.441468,13.5772449,"{""amenity"": ""post_box"", ""brand"": ""Deutsche Post"", ""collection_times"": ""Mo-Fr 17:45; Sa 12:45"", ""drive_through"": ""no"", ""operator"": ""Deutsche Post"", ""operator:wikidata"": ""Q157645"", ""operator:wikipedia"": ""de:Deutsche Post AG"", ""postal_code"": ""12557"", ""ref"": ""Luisenstraße 6, 12557 Berlin""}"
node/580759227,52.4991478,13.5481041,"{""amenity"": ""post_box"", ""check_date"": ""2025-07-26"", ""check_date:collection_times"": ""2025-07-26"", ""collection_times"": ""Mo-Fr 16:00; Sa 13:00"", ""operator"": ""Deutsche Post"", ""operator:wikidata"": ""Q157645"", ""post_box:apertures"": ""2"", ""post_box:type"": ""lamp"", ""postal_code"": ""12683"", ""ref"": ""Schackelster Str./Beruner Str., 12683 Berlin"", ""support"": ""pole""}"
node/582726977,52.424269,13.205566,"{""amenity"": ""post_box"", ""check_date"": ""2026-05-18"", ""check_date:collection_times"": ""2026-05-18"", ""collection_times"": ""Mo-Fr 16:00; Sa 14:30"", ""operator"": ""Deutsche Post"", ""operator:wikidata"": ""Q157645"", ""ref"": ""Potsdamer Chaussee 71, 14129 Berlin""}"
node/583523215,52.447082,13.6328122,"{""amenity"": ""post_box"", ""collection_times"": ""Mo-Fr 16:30, Sa 13:00"", ""operator"": ""Deutsche Post"", ""operator:wikidata"": ""Q157645"", ""operator:wikipedia"": ""de:Deutsche Post AG"", ""ref"": ""Müggelseedamm 232, 12587 Berlin""}"
node/573822497,52.5444282,13.493268,"{""amenity"": ""post_box"", ""collection_times"": ""Mo-Fr 14:00,16:15; Sa 12:30"", ""operator"": ""Deutsche Post"", ""operator:wikidata"": ""Q157645"", ""operator:wikipedia"": ""de:Deutsche Post AG"", ""ref"": ""Konrad-Wolf-Str. 116, 13055 Berlin""}"
node/592115410,52.4375273,13.222592,"{""amenity"": ""post_box"", ""collection_times"": ""Mo-Fr 16:00; Sa 13:45"", ""last_checked"": ""2016-06-07"", ""operator"": ""Deutsche Post"", ""operator:wikidata"": ""Q157645"", ""operator:wikipedia"": ""de:Deutsche Post AG"", ""ref"": ""Matterhornstr. 32, 14129 Berlin""}"
node/587690085,52.5359636,13.5172939,"{""amenity"": ""post_box"", ""collection_times"": ""Mo-Fr 16:00; Sa 11:45"", ""operator"": ""Deutsche Post"", ""operator:wikidata"": ""Q157645"", ""operator:wikipedia"": ""de:Deutsche Post AG"", ""ref"": ""Rhinstr./Landsberger Allee, 13055 Berlin""}"
node/598244510,52.5519295,13.2094891,"{""amenity"": ""post_box"", ""check_date:collection_times"": ""2023-11-22"", ""collection_times"": ""Mo-Fr 16:00; Sa 13:00"", ""operator"": ""Deutsche Post"", ""operator:wikidata"": ""Q157645"", ""operator:wikipedia"": ""de:Deutsche Post AG"", ""ref"": ""Neuendorfer Str. 52, 13585 Berlin""}"
node/598248819,52.6088888,13.2579535,"{""amenity"": ""post_box"", ""collection_times"": ""Mo-Fr 17:00; Sa 13:00"", ""operator"": ""Deutsche Post"", ""operator:wikidata"": ""Q157645"", ""ref"": ""Ruppiner Ch. 151, 13503 Berlin""}"
node/599597104,52.5405185,13.4341317,"{""amenity"": ""post_box"", ""check_date:collection_times"": ""2026-09-02"", ""collection_times"": ""Mo-Fr 17:15; Sa 12:15"", ""operator"": ""Deutsche Post"", ""operator:wikidata"": ""Q157645"", ""operator:wikipedia"": ""de:Deutsche Post AG"", ""ref"": ""Lilli-Henoch-Str. 15, 10405 Berlin""}"
node/599735038,52.4564702,13.6255531,"{""amenity"": ""post_box"", ""collection_times"": ""Sa 13:30; Su 09:30; Mo-Fr 16:45"", ""description"": ""Zwei Briefkästen nebeneinander"", ""operator"": ""Deutsche Post"", ""operator:wikidata"": ""Q157645"", ""operator:wikipedia"": ""de:Deutsche Post AG"", ""ref"": ""Bölschestr. 69a, 12587 Berlin""}"
node/603122096,52.4856216,13.57386,"{""amenity"": ""post_box"", ""check_date:collection_times"": ""2026-07-06"", ""collection_times"": ""Mo-Fr 16:30; Sa 13:30"", ""operator"": ""Deutsche Post"", ""operator:wikidata"": ""Q157645"", ""operator:wikipedia"": ""de:Deutsche Post AG"", ""ref"": ""Chemnitzer Str. 218, 12621 Berlin""}"
node/603601537,52.4998688,13.321137,"{""amenity"": ""post_box"", ""check_date:collection_times"": ""2024-05-27"", ""collection_times"": ""Mo-Fr 17:00"", ""operator"": ""PIN Mail AG""}"
node/610829515,52.561154,13.4040211,"{""amenity"": ""post_box"", ""check_date"": ""2025-05-15"", ""collection_times"": ""Mo-Fr 15:30; Sa 12:00"", ""operator"": ""Deutsche Post"", ""operator:wikidata"": ""Q157645"", ""operator:wikipedia"": ""de:Deutsche Post AG"", ""ref"": ""Dolomitenstr., 13187 Berlin""}"
node/608489691,52.5155933,13.4792237,"{""amenity"": ""post_box"", ""check_date"": ""2026-03-04"", ""check_date:collection_times"": ""2026-03-04"", ""collection_times"": ""Mo-Fr 17:15; Sa 11:30"", ""operator"": ""Deutsche Post"", ""operator:wikidata"": ""Q157645"", ""operator:wikipedia"": ""de:Deutsche Post AG"", ""post_box:apertures"": ""2"", ""post_box:type"": ""lamp"", ""ref"": ""Möllendorffstr. 6, 10367 Berlin"", ""support"": ""pole""}"
node/616297207,52.5087575,13.3044115,"{""amenity"": ""post_box"", ""collection_times"": ""Mo-Fr 17:00; Sa 13:00"", ""level"": ""1"", ""note"": ""Briefkasten in Postfiliale im EKZ"", ""operator"": ""Deutsche Post"", ""operator:wikidata"": ""Q157645"", ""operator:wikipedia"": ""de:Deutsche Post AG""}"
node/614864442,52.4884977,13.36903,"{""amenity"": ""post_box"", ""check_date"": ""2025-11-22"", ""check_date:collection_times"": ""2025-11-22"", ""collection_times"": ""Mo-Fr 17:30; Sa 16:30"", ""colour"": ""yellow"", ""operator"": ""Deutsche Post"", ""operator:wikidata"": ""Q157645"", ""operator:wikipedia"": ""de:Deutsche Post AG"", ""post_box:apertures"": ""2"", ""post_box:type"": ""lamp"", ""ref"": ""Hochkirchstr. 21, 10829 Berlin"", ""support"": ""pole""}"
node/617017881,52.4380405,13.5407676,"{""amenity"": ""post_box"", ""brand"": ""Deutsche Post"", ""collection_times"": ""Mo-Fr 15:15; Sa 12:30"", ""operator"": ""Deutsche Post"", ""operator:wikidata"": ""Q157645"", ""operator:wikipedia"": ""de:Deutsche Post AG"", ""postal_code"": ""12489"", ""ref"": ""Anna-Seghers-Straße 81, 12489 Berlin""}"
node/617640372,52.4648285,13.3248602,"{""amenity"": ""post_box"", ""brand"": ""pin"", ""check_date:collection_times"": ""2024-01-08"", ""collection_times"": ""Mo-Fr 17:00"", ""operator"": ""PIN Mail"", ""operator:type"": ""private"", ""operator:wikidata"": ""Q1342288"", ""operator:wikipedia"": ""de:PIN Mail"", ""postal_code"": ""12163""}"
node/618272052,52.5133091,13.5226567,"{""amenity"": ""post_box"", ""check_date:collection_times"": ""2024-09-23"", ""collection_times"": ""Mo-Fr 14:45,17:30,20:15; Sa 11:15; Su 21:00"", ""operator"": ""Deutsche Post"", ""operator:wikidata"": ""Q157645"", ""operator:wikipedia"": ""de:Deutsche Post AG"", ""ref"": ""Seddiner Str. 8, 10315 Berlin""}"
node/615020647,52.4989518,13.4401387,"{""amenity"": ""post_box"", ""check_date"": ""2025-08-12"", ""check_date:collection_times"": ""2025-08-12"", ""collection_times"": ""Mo-Fr 17:00, Sa 14:00"", ""colour"": ""yellow"", ""drive_through"": ""no"", ""material"": ""metal"", ""operator"": ""Deutsche Post"", ""operator:wikidata"": ""Q157645"", ""operator:wikipedia"": ""de:Deutsche Post AG"", ""post_box:apertures"": ""2"", ""postal_code"": ""10997"", ""ref"": ""Oppelner Str. 38, 10997 Berlin"", ""support"": ""pole""}"
node/616064660,52.573987,13.3588621,"{""amenity"": ""post_box"", ""check_date:collection_times"": ""2023-06-12"", ""collection_times"": ""Mo-Fr 14:00,17:00; Sa 12:30"", ""last_checked"": ""2020-06-26"", ""operator"": ""Deutsche Post"", ""operator:wikidata"": ""Q157645"", ""operator:wikipedia"": ""de:Deutsche Post AG"", ""ref"": ""Residenzstr. 2, 13409 Berlin""}"
node/619409282,52.4628294,13.3426756,"{""amenity"": ""post_box"", ""collection_times"": ""Mo-Fr 13:45,15:45; Sa 12:30"", ""drive_through"": ""no"", ""operator"": ""Deutsche Post"", ""operator:wikidata"": ""Q157645"", ""operator:wikipedia"": ""de:Deutsche Post AG"", ""ref"": ""Altmarkstraße/Thorwaldsenstraße, 12169 Berlin"", ""wheelchair"": ""yes""}"
node/620704414,52.481899,13.439998,"{""amenity"": ""post_box"", ""check_date"": ""2025-09-20"", ""check_date:collection_times"": ""2025-09-20"", ""collection_times"": ""Mo-Fr 16:30; Sa 13:15"", ""operator"": ""Deutsche Post"", ""operator:wikidata"": ""Q157645"", ""operator:wikipedia"": ""de:Deutsche Post AG"", ""post_box:apertures"": ""1"", ""post_box:type"": ""pillar"", ""postal_code"": ""12045"", ""ref"": ""Sonnenallee 105, 12045 Berlin""}"
node/618984847,52.5217893,13.4078734,"{""access"": ""yes"", ""addr:floor"": ""0"", ""amenity"": ""post_box"", ""check_date:collection_times"": ""2024-05-29"", ""collection_times"": ""Mo-Fr 17:15; Sa 16:15"", ""colour"": ""yellow"", ""covered"": ""no"", ""indoor"": ""no"", ""level"": ""0"", ""material"": ""steel"", ""operator"": ""Deutsche Post"", ""operator:wikidata"": ""Q157645"", ""operator:wikipedia"": ""de:Deutsche Post AG"", ""post_box:type"": ""pillar"", ""ref"": ""Karl-Liebknecht-Str. 13, 10178 Berlin"", ""source"": ""survey"", ""support"": ""ground"", ""wheelchair"": ""yes""}"
node/624360857,52.4926441,13.3331454,"{""amenity"": ""post_box"", ""collection_times"": ""Mo-Fr 17:15, Sa 16:15"", ""operator"": ""Deutsche Post"", ""operator:wikidata"": ""Q157645"", ""operator:wikipedia"": ""de:Deutsche Post AG"", ""ref"": ""Prinzregentenstr. 97, 10717 Berlin""}"
node/624360874,52.49252,13.3418138,"{""amenity"": ""post_box"", ""check_date:collection_times"": ""2024-07-21"", ""collection_times"": ""Mo-Fr 17:30; Sa 16:30"", ""operator"": ""Deutsche Post"", ""operator:wikidata"": ""Q157645"", ""operator:wikipedia"": ""de:Deutsche Post AG"", ""ref"": ""Münchener Str. 12, 10779 Berlin""}"
node/634878293,52.4892849,13.2903176,"{""amenity"": ""post_box"", ""collection_times"": ""Mo-Fr 13:00,16:00,21:45; Sa 12:15; Su 21:45"", ""operator"": ""Deutsche Post"", ""operator:wikidata"": ""Q157645"", ""operator:wikipedia"": ""de:Deutsche Post AG"", ""ref"": ""Paulsborner Str. 56, 14193 Berlin""}"
node/634209189,52.5795693,13.3972644,"{""amenity"": ""post_box"", ""collection_times"": ""Mo-Fr 16:30; Sa 12:00"", ""operator"": ""Deutsche Post"", ""operator:wikidata"": ""Q157645"", ""operator:wikipedia"": ""de:Deutsche Post AG"", ""ref"": ""Pastor-Niemöller-Platz 10, 13156 Berlin"", ""wheelchair"": ""limited""}"
node/634209191,52.5811763,13.3992171,"{""amenity"": ""post_box"", ""check_date:collection_times"": ""2026-03-25"", ""collection_times"": ""Mo-Fr 16:00; Sa 12:00"", ""operator"": ""Deutsche Post"", ""operator:wikidata"": ""Q157645"", ""operator:wikipedia"": ""de:Deutsche Post AG"", ""ref"": ""Treskowstr. 67, 13156 Berlin""}"
node/646860029,52.4371595,13.2331491,"{""amenity"": ""post_box"", ""check_date"": ""2025-10-12"", ""check_date:collection_times"": ""2024-05-17"", ""collection_times"": ""Mo-Fr 16:00, Sa 13:30"", ""operator"": ""Deutsche Post"", ""operator:wikidata"": ""Q157645"", ""operator:wikipedia"": ""de:Deutsche Post AG"", ""ref"": ""Bülowstr. 1, 14163 Berlin""}"
node/638322750,52.4350877,13.5528882,"{""amenity"": ""post_box"", ""check_date:collection_times"": ""2026-02-07"", ""collection_times"": ""Mo-Fr 16:30; Sa 13:45"", ""operator"": ""Deutsche Post"", ""operator:wikidata"": ""Q157645"", ""operator:wikipedia"": ""de:Deutsche Post AG"", ""ref"": ""Büchnerweg 44, 12489 Berlin""}"
node/635742997,52.3933625,13.4063687,"{""amenity"": ""post_box"", ""collection_times"": ""Mo-Fr 16:45; Sa 13:15"", ""operator"": ""Deutsche Post"", ""operator:wikidata"": ""Q157645"", ""operator:wikipedia"": ""de:Deutsche Post AG"", ""ref"": ""Lichtenrader Damm/Barnetstr., 12305 Berlin"", ""wheelchair"": ""limited""}"
node/644658973,52.5561475,13.3833754,"{""amenity"": ""post_box"", ""collection_times"": ""Mo-Fr 20:00"", ""operator"": ""PIN AG"", ""postal_code"": ""13359""}"
node/650031167,52.4211581,13.4484475,"{""access"": ""yes"", ""amenity"": ""post_box"", ""collection_times"": ""Mo-Fr 16:45; Sa 13:45"", ""covered"": ""no"", ""indoor"": ""no"", ""material"": ""metal"", ""operator"": ""Deutsche Post"", ""operator:wikidata"": ""Q157645"", ""operator:wikipedia"": ""de:Deutsche Post AG"", ""ref"": ""Wildhüterweg/Am Eichenquast, 12353 Berlin"", ""support"": ""street_lamp"", ""wheelchair"": ""yes""}"
node/656210652,52.5331285,13.1554629,"{""amenity"": ""post_box"", ""collection_times"": ""Mo-Fr 14:00,16:30,21:30; Sa 13:00; Su 21:30"", ""operator"": ""Deutsche Post"", ""operator:wikidata"": ""Q157645"", ""operator:wikipedia"": ""de:Deutsche Post AG"", ""ref"": ""Brunsbütteler Damm 274, 13591 Berlin""}"
node/659019451,52.4113278,13.5040183,"{""amenity"": ""post_box"", ""check_date"": ""2021-08-27"", ""collection_times"": ""Mo-Fr 16:00; Sa 13:15"", ""operator"": ""Deutsche Post"", ""operator:wikidata"": ""Q157645"", ""operator:wikipedia"": ""de:Deutsche Post AG"", ""post_box:apertures"": ""2"", ""post_box:type"": ""lamp"", ""postal_code"": ""12355"", ""ref"": ""Waltersdorfer Chaussee 69, 12355 Berlin"", ""support"": ""pole""}"
node/660651157,52.5098901,13.4550991,"{""amenity"": ""post_box"", ""check_date"": ""2026-01-12"", ""check_date:collection_times"": ""2026-01-12"", ""collection_times"": ""Mo-Fr 17:15; Sa 12:15"", ""operator"": ""Deutsche Post"", ""operator:wikidata"": ""Q157645"", ""operator:wikipedia"": ""de:Deutsche Post AG"", ""ref"": ""Libauer Str. 23, 10245 Berlin""}"
node/660760479,52.5133872,13.526405,"{""amenity"": ""post_box"", ""check_date:collection_times"": ""2025-06-11"", ""collection_times"": ""Mo-Fr 17:30; Sa 11:15"", ""operator"": ""Deutsche Post"", ""operator:wikidata"": ""Q157645"", ""operator:wikipedia"": ""de:Deutsche Post AG"", ""ref"": ""Gensinger Str. 6, 10315 Berlin""}"
node/661092190,52.5129553,13.3043775,"{""amenity"": ""post_box"", ""collection_times"": ""Mo-Fr 17:00; Sa 16:15"", ""operator"": ""Deutsche Post"", ""operator:wikidata"": ""Q157645"", ""operator:wikipedia"": ""de:Deutsche Post AG"", ""ref"": ""Spielhagenstr. 2, 10585 Berlin""}"
node/661126958,52.5158825,13.3005998,"{""amenity"": ""post_box"", ""check_date:collection_times"": ""2024-07-09"", ""collection_times"": ""Mo-Fr 17:45; Sa 14:45"", ""operator"": ""Deutsche Post"", ""operator:wikidata"": ""Q157645"", ""operator:wikipedia"": ""de:Deutsche Post AG"", ""ref"": ""Kaiser-Friedrich-Str. 11, 10585 Berlin""}"
node/661126962,52.5163363,13.3027242,"{""amenity"": ""post_box"", ""check_date:collection_times"": ""2024-06-26"", ""collection_times"": ""Mo-Fr 17:45; Sa 14:45"", ""operator"": ""Deutsche Post"", ""operator:wikidata"": ""Q157645"", ""operator:wikipedia"": ""de:Deutsche Post AG"", ""ref"": ""Gierkezeile 38, 10585 Berlin""}"
node/656450771,52.4773563,13.3300575,"{""amenity"": ""post_box"", ""collection_times"": ""Mo-Fr 16:00; Sa 12:45"", ""operator"": ""Deutsche Post"", ""operator:wikidata"": ""Q157645"", ""operator:wikipedia"": ""de:Deutsche Post AG"", ""ref"": ""Varziner Str. (S-Bahnhof Bundesplatz), 12159 Berlin""}"
node/663879950,52.6146514,13.4703336,"{""amenity"": ""post_box"", ""collection_times"": ""Mo-Fr 15:30; Sa 11:00"", ""drive_through"": ""no"", ""operator"": ""Deutsche Post"", ""operator:wikidata"": ""Q157645"", ""ref"": ""Hubertusdamm 1, 13125 Berlin""}"
node/666388883,52.4906083,13.304939,"{""amenity"": ""post_box"", ""collection_times"": ""Mo-Fr 17:45; Sa 16:15"", ""operator"": ""Deutsche Post"", ""operator:wikidata"": ""Q157645"", ""operator:wikipedia"": ""de:Deutsche Post AG"", ""ref"": ""Mansfelder Str. 49, 10709 Berlin""}"
node/666388874,52.4882218,13.3033639,"{""amenity"": ""post_box"", ""collection_times"": ""Mo-Fr 15:30; Sa 16:30"", ""operator"": ""Deutsche Post"", ""operator:wikidata"": ""Q157645"", ""operator:wikipedia"": ""de:Deutsche Post AG"", ""ref"": ""Hohenzollerndamm 158, 10713 Berlin""}"
node/666388898,52.4931105,13.3047286,"{""amenity"": ""post_box"", ""check_date:collection_times"": ""2025-04-07"", ""collection_times"": ""Mo-Fr 17:45; Sa 16:15"", ""operator"": ""Deutsche Post"", ""operator:wikidata"": ""Q157645"", ""operator:wikipedia"": ""de:Deutsche Post AG"", ""ref"": ""Eisenzahnstr. 19, 10709 Berlin""}"
node/666394736,52.495938,13.286702,"{""amenity"": ""post_box"", ""collection_times"": ""Mo-Fr 15:15; Sa 16:30"", ""operator"": ""Deutsche Post"", ""operator:wikidata"": ""Q157645"", ""operator:wikipedia"": ""de:Deutsche Post AG"", ""ref"": ""Kurfürstendamm 122a, 10711 Berlin""}"
node/658629084,52.5820579,13.4239327,"{""amenity"": ""post_box"", ""check_date"": ""2025-01-03"", ""collection_times"": ""Mo-Fr 15:00; Sa 12:00"", ""operator"": ""Deutsche Post"", ""operator:wikidata"": ""Q157645"", ""operator:wikipedia"": ""de:Deutsche Post AG"", ""ref"": ""Schloßallee 11, 13156 Berlin""}"
node/667211392,52.5158254,13.2625758,"{""amenity"": ""post_box"", ""check_date:collection_times"": ""2024-05-07"", ""collection_times"": ""Mo-Fr 13:00,16:00,18:00; Sa 13:30"", ""operator"": ""Deutsche Post"", ""operator:wikidata"": ""Q157645"", ""operator:wikipedia"": ""de:Deutsche Post AG"", ""ref"": ""Rüsternallee 45, 14050 Berlin""}"
node/667378682,52.620938,13.4819806,"{""amenity"": ""post_box"", ""check_date:collection_times"": ""2025-10-16"", ""collection_times"": ""Mo-Fr 16:15; Sa 10:45"", ""drive_through"": ""no"", ""operator"": ""Deutsche Post"", ""operator:wikidata"": ""Q157645"", ""ref"": ""Achtrutenbergstr. 36, 13125 Berlin""}"
node/667868703,52.6197734,13.3888542,"{""amenity"": ""post_box"", ""check_date:collection_times"": ""2026-04-13"", ""collection_times"": ""Mo-Fr 13:30; Sa 12:00"", ""drive_through"": ""no"", ""operator"": ""Deutsche Post"", ""operator:wikidata"": ""Q157645"", ""operator:wikipedia"": ""de:Deutsche Post AG"", ""ref"": ""Schildowerstr. 8, 13159 Berlin""}"
node/668246116,52.450324,13.2544396,"{""amenity"": ""post_box"", ""brand"": ""Deutsche Post"", ""brand:wikidata"": ""Q5266289"", ""check_date:collection_times"": ""2024-07-17"", ""collection_times"": ""Mo-Fr 13:00,17:30,21:30; Sa 14:15; Su 21:30"", ""colour"": ""#e2a300"", ""operator"": ""Deutsche Post"", ""operator:wikidata"": ""Q157645"", ""operator:wikipedia"": ""de:Deutsche Post AG"", ""post_box:type"": ""lamp"", ""ref"": ""Riemeisterstr. 132, 14169 Berlin"", ""support"": ""posts""}"
node/670658038,52.4910338,13.3605468,"{""amenity"": ""post_box"", ""collection_times"": ""Mo-Fr 16:15,18:00; Sa 14:45"", ""operator"": ""Deutsche Post"", ""operator:wikidata"": ""Q157645"", ""operator:wikipedia"": ""de:Deutsche Post AG"", ""ref"": ""Potsdamer Str. 192, 10783 Berlin""}"
node/671716487,52.4675038,13.4405508,"{""amenity"": ""post_box"", ""check_date"": ""2020-02-26"", ""collection_times"": ""Mo-Fr 14:00,16:45; Sa 11:00"", ""operator"": ""Deutsche Post"", ""operator:wikidata"": ""Q157645"", ""operator:wikipedia"": ""de:Deutsche Post AG"", ""post_box:type"": ""lamp"", ""postal_code"": ""12051"", ""ref"": ""Silbersteinstr. 10, 12051 Berlin""}"
node/677319556,52.4758187,13.3599507,"{""amenity"": ""post_box"", ""collection_times"": ""Mo-Fr 18:00; Sa 14:45"", ""operator"": ""Deutsche Post"", ""operator:wikidata"": ""Q157645"", ""operator:wikipedia"": ""de:Deutsche Post AG"", ""ref"": ""Gotenstr. 43, 10829 Berlin""}"
node/677319557,52.4728287,13.3732155,"{""amenity"": ""post_box"", ""check_date"": ""2025-09-13"", ""check_date:collection_times"": ""2025-09-13"", ""collection_times"": ""Mo-Fr 16:45; Sa 13:45"", ""operator"": ""Deutsche Post"", ""operator:wikidata"": ""Q157645"", ""operator:wikipedia"": ""de:Deutsche Post AG"", ""post_box:type"": ""lamp"", ""ref"": ""Hoeppnerstr. 89-95, 12101 Berlin""}"
node/672653524,52.5602784,13.4129028,"{""amenity"": ""post_box"", ""collection_times"": ""Mo-Fr 16:00; Sa 12:00"", ""drive_through"": ""no"", ""operator"": ""Deutsche Post"", ""operator:wikidata"": ""Q157645"", ""operator:wikipedia"": ""de:Deutsche Post AG"", ""ref"": ""Berliner Str. 46, 13189 Berlin""}"
node/672902391,52.5150442,13.4779366,"{""amenity"": ""post_box"", ""check_date"": ""2025-06-13"", ""check_date:collection_times"": ""2025-06-13"", ""collection_times"": ""Mo-Fr 17:15; Sa 12:15"", ""operator"": ""Deutsche Post"", ""operator:wikidata"": ""Q157645"", ""operator:wikipedia"": ""de:Deutsche Post AG"", ""ref"": ""Deutschmeisterstr. 1, 10367 Berlin""}"
node/674016087,52.5430536,13.3924847,"{""amenity"": ""post_box"", ""collection_times"": ""Mo-Fr 16:00; Sa 12:00"", ""drive_through"": ""no"", ""operator"": ""Deutsche Post"", ""operator:wikidata"": ""Q157645"", ""operator:wikipedia"": ""de:Deutsche Post AG"", ""ref"": ""Brunnenstr. 78, 13355 Berlin""}"
node/679109126,52.6077589,13.2347906,"{""amenity"": ""post_box"", ""collection_times"": ""Mo-Fr 17:00; Sa 12:30"", ""operator"": ""Deutsche Post"", ""operator:wikidata"": ""Q157645"", ""ref"": ""Bekassinenweg 20, 13503 Berlin""}"
node/680056634,52.6228483,13.2245563,"{""amenity"": ""post_box"", ""collection_times"": ""Mo-Fr 17:15; Sa 14:00"", ""operator"": ""Deutsche Post"", ""operator:wikidata"": ""Q157645"", ""ref"": ""Hennigsdorfer Str. 127, 13503 Berlin""}"
node/681324332,52.4398586,13.4997219,"{""amenity"": ""post_box"", ""check_date:collection_times"": ""2025-09-28"", ""collection_times"": ""Mo-Fr 16:45; Sa 13:30"", ""operator"": ""Deutsche Post"", ""operator:wikidata"": ""Q157645"", ""operator:wikipedia"": ""de:Deutsche Post AG"", ""ref"": ""Sterndamm/Kaufhalle Kaisers 140, 12487 Berlin""}"
node/687759293,52.4455327,13.505526,"{""amenity"": ""post_box"", ""collection_times"": ""Mo-Fr 17:00; Sa 13:45; Su 10:45"", ""operator"": ""Deutsche Post"", ""operator:wikidata"": ""Q157645"", ""operator:wikipedia"": ""de:Deutsche Post AG"", ""ref"": ""Sterndamm 79, 12487 Berlin""}"
node/691484554,52.4541619,13.3236039,"{""amenity"": ""post_box"", ""collection_times"": ""Mo-Fr 16:30; Sa 13:00"", ""operator"": ""Deutsche Post"", ""operator:wikidata"": ""Q157645"", ""operator:wikipedia"": ""de:Deutsche Post AG"", ""ref"": ""Schützenstr. 9, 12165 Berlin""}"
node/691484751,52.4691247,13.3373456,"{""amenity"": ""post_box"", ""check_date:collection_times"": ""2026-08-23"", ""collection_times"": ""Mo-Fr 16:15; Sa 12:30"", ""direction"": ""92"", ""operator"": ""Deutsche Post"", ""operator:wikidata"": ""Q157645"", ""operator:wikipedia"": ""de:Deutsche Post AG"", ""ref"": ""Fregestr./Wilhelm-Hauff-Str., 12159 Berlin""}"
node/691484846,52.4763455,13.3374232,"{""amenity"": ""post_box"", ""check_date:collection_times"": ""2023-12-25"", ""collection_times"": ""Mo-Fr 16:15; Sa 12:30"", ""operator"": ""Deutsche Post"", ""operator:wikidata"": ""Q157645"", ""operator:wikipedia"": ""de:Deutsche Post AG"", ""ref"": ""Stierstr./Bennigsenstr., 12159 Berlin""}"
node/694566646,52.496174,13.3302563,"{""amenity"": ""post_box"", ""check_date"": ""2020-09-07"", ""check_date:collection_times"": ""2023-09-29"", ""collection_times"": ""Mo-Fr 15:15,16:30,17:15,18:15,22:00; Sa 16:00; Su 22:00"", ""operator"": ""Deutsche Post"", ""operator:wikidata"": ""Q157645"", ""operator:wikipedia"": ""de:Deutsche Post AG"", ""post_box:apertures"": ""2"", ""post_box:type"": ""lamp"", ""postal_code"": ""10719"", ""ref"": ""Bundesallee 13, 10719 Berlin"", ""support"": ""pole""}"
node/695831692,52.490045,13.3126075,"{""amenity"": ""post_box"", ""check_date"": ""2026-05-22"", ""check_date:collection_times"": ""2026-05-22"", ""collection_times"": ""Mo-Fr 15:15; Sa 16:45"", ""operator"": ""Deutsche Post"", ""operator:wikidata"": ""Q157645"", ""operator:wikipedia"": ""de:Deutsche Post AG"", ""post_box:apertures"": ""2"", ""post_box:type"": ""lamp"", ""postal_code"": ""10713"", ""ref"": ""Hohenzollerndamm 32a, 10713 Berlin"", ""support"": ""pole""}"
node/695831695,52.4949633,13.2955665,"{""amenity"": ""post_box"", ""collection_times"": ""Mo-Fr 17:30; Sa 16:30"", ""operator"": ""Deutsche Post"", ""operator:wikidata"": ""Q157645"", ""operator:wikipedia"": ""de:Deutsche Post AG"", ""postal_code"": ""10711"", ""ref"": ""Halberstädter Str. 10, 10711 Berlin""}"
node/701059886,52.4190435,13.4977455,"{""amenity"": ""post_box"", ""collection_times"": ""Mo-Fr 17:15; Sa 14:15"", ""operator"": ""Deutsche Post"", ""operator:wikidata"": ""Q157645"", ""operator:wikipedia"": ""de:Deutsche Post AG"", ""ref"": ""Prierosser Str. 61, 12355 Berlin""}"
node/697316267,52.5299319,13.4032337,"{""amenity"": ""post_box"", ""check_date"": ""2024-10-16"", ""check_date:collection_times"": ""2024-10-16"", ""collection_times"": ""Mo-Fr 13:00,17:00,18:15,20:30; Sa 14:00; Su 09:00,21:15"", ""operator"": ""Deutsche Post"", ""operator:wikidata"": ""Q157645"", ""operator:wikipedia"": ""de:Deutsche Post AG"", ""ref"": ""Torstr. 105, 10119 Berlin""}"
node/704913851,52.4941396,13.3385732,"{""amenity"": ""post_box"", ""check_date:collection_times"": ""2024-07-21"", ""collection_times"": ""Mo-Fr 15:30,17:30; Sa 16:30"", ""operator"": ""Deutsche Post"", ""operator:wikidata"": ""Q157645"", ""operator:wikipedia"": ""de:Deutsche Post AG"", ""ref"": ""Hohenstaufenstr. 41, 10779 Berlin""}"
node/701359301,52.5347544,13.3974129,"{""amenity"": ""post_box"", ""check_date:collection_times"": ""2026-02-15"", ""collection_times"": ""Mo-Fr 17:15; Sa 14:15"", ""operator"": ""Deutsche Post"", ""operator:wikidata"": ""Q157645"", ""operator:wikipedia"": ""de:Deutsche Post AG"", ""ref"": ""Anklamer Str. 14, 10115 Berlin""}"
node/704913869,52.4882297,13.3406357,"{""amenity"": ""post_box"", ""check_date:collection_times"": ""2024-02-04"", ""collection_times"": ""Mo-Fr 17:15; Sa 16:30"", ""operator"": ""Deutsche Post"", ""operator:wikidata"": ""Q157645"", ""operator:wikipedia"": ""de:Deutsche Post AG"", ""ref"": ""Salzburger Str. 13, 10825 Berlin""}"
node/704913893,52.4994972,13.3304637,"{""amenity"": ""post_box"", ""check_date:collection_times"": ""2024-03-18"", ""collection_times"": ""Mo-Fr 12:30,15:15,16:30,18:00; Sa 16:30"", ""operator"": ""Deutsche Post"", ""operator:wikidata"": ""Q157645"", ""operator:wikipedia"": ""de:Deutsche Post AG"", ""ref"": ""Schaperstr. 26, 10719 Berlin""}"
node/705853533,52.5090491,13.293439,"{""amenity"": ""post_box"", ""check_date"": ""2025-05-11"", ""check_date:collection_times"": ""2025-05-11"", ""collection_times"": ""Mo-Fr 17:00; Sa 12:30"", ""operator"": ""Deutsche Post"", ""operator:wikidata"": ""Q157645"", ""operator:wikipedia"": ""de:Deutsche Post AG"", ""postal_code"": ""14057""}"
node/713934249,52.5034324,13.2951783,"{""amenity"": ""post_box"", ""check_date:collection_times"": ""2026-04-02"", ""collection_times"": ""Mo-Fr 16:00; Sa 12:30"", ""operator"": ""Deutsche Post"", ""operator:wikidata"": ""Q157645"", ""operator:wikipedia"": ""de:Deutsche Post AG"", ""ref"": ""Rönnestr. 13, 14057 Berlin""}"
node/715203863,52.4812893,13.3133866,"{""amenity"": ""post_box"", ""check_date"": ""2025-09-02"", ""collection_times"": ""Mo-Fr 15:45; Sa 16:45"", ""operator"": ""Deutsche Post"", ""operator:wikidata"": ""Q157645"", ""post_box:apertures"": ""2"", ""post_box:type"": ""lamp"", ""postal_code"": ""10713"", ""ref"": ""Barstraße 32, 10713 Berlin"", ""support"": ""pole""}"
node/718143730,52.5064291,13.2892707,"{""amenity"": ""post_box"", ""check_date:collection_times"": ""2026-04-04"", ""collection_times"": ""Mo-Fr 16:00; Sa 12:30"", ""operator"": ""Deutsche Post"", ""operator:wikidata"": ""Q157645"", ""operator:wikipedia"": ""de:Deutsche Post AG"", ""ref"": ""Kuno-Fischer-Str./Neue Kanstrs., 14057 Berlin""}"
node/712664283,52.5246983,13.4080788,"{""access"": ""yes"", ""addr:floor"": ""0"", ""amenity"": ""post_box"", ""collection_times"": ""Mo-Fr 15:15,17:00,21:15; Sa 14:00; Su 21:15"", ""colour"": ""yellow"", ""covered"": ""no"", ""level"": ""0"", ""material"": ""steel"", ""operator"": ""Deutsche Post"", ""operator:wikidata"": ""Q157645"", ""operator:wikipedia"": ""de:Deutsche Post AG"", ""post_box:type"": ""pillar"", ""ref"": ""Max-Beer-Str. 2-4, 10119 Berlin"", ""source"": ""survey"", ""support"": ""ground"", ""wheelchair"": ""yes""}"
node/718143902,52.5061449,13.2838246,"{""amenity"": ""post_box"", ""brand"": ""Deutsche Post"", ""collection_times"": ""Mo-Fr 16:00; Sa 12:30"", ""operator"": ""Deutsche Post"", ""operator:wikidata"": ""Q157645"", ""operator:wikipedia"": ""de:Deutsche Post AG"", ""ref"": ""Dernburgstr./Neue Kantstr., 14057 Berlin""}"
node/722560296,52.4361552,13.6979835,"{""amenity"": ""post_box"", ""collection_times"": ""Mo-Fr 16:45; Sa 12:30"", ""operator"": ""Deutsche Post"", ""operator:wikidata"": ""Q157645"", ""ref"": ""Fürstenwalder Allee 115, 12589 Berlin""}"
node/726126790,52.4733416,13.314583,"{""amenity"": ""post_box"", ""collection_times"": ""Mo-Fr 16:00,17:00,21:30; Sa 13:00; Su 21:30"", ""operator"": ""Deutsche Post"", ""operator:wikidata"": ""Q157645"", ""ref"": ""Rüdesheimer Str. 11, 14197 Berlin""}"
node/727702936,52.5399913,13.4013221,"{""amenity"": ""post_box"", ""check_date"": ""2024-08-28"", ""check_date:collection_times"": ""2024-08-28"", ""collection_times"": ""Mo-Fr 16:00; Sa 12:00"", ""operator"": ""Deutsche Post"", ""operator:wikidata"": ""Q157645"", ""operator:wikipedia"": ""de:Deutsche Post AG"", ""ref"": ""Wolliner Str. 46, 13355 Berlin""}"
node/734303642,52.5988512,13.4293974,"{""amenity"": ""post_box"", ""collection_times"": ""Mo-Fr 15:00; Sa 12:00"", ""operator"": ""Deutsche Post"", ""operator:wikidata"": ""Q157645"", ""operator:wikipedia"": ""de:Deutsche Post AG"", ""ref"": ""Rosenthaler Str. 23/24, 13127 Berlin""}"
node/731948127,52.5040137,13.3708571,"{""amenity"": ""post_box"", ""collection_times"": ""Mo-Fr 17:30; Sa 14:15"", ""operator"": ""Deutsche Post"", ""operator:wikidata"": ""Q157645"", ""operator:wikipedia"": ""de:Deutsche Post AG"", ""ref"": ""Am Karlsbad 8, 10785 Berlin""}"
node/738241930,52.551817,13.3887086,"{""amenity"": ""post_box"", ""check_date"": ""2025-01-19"", ""check_date:collection_times"": ""2024-03-19"", ""collection_times"": ""Mo-Fr 16:00; Sa 12:00"", ""operator"": ""Deutsche Post"", ""operator:wikidata"": ""Q157645"", ""operator:wikipedia"": ""de:Deutsche Post AG"", ""ref"": ""Bellermannstr. 20, 13357 Berlin""}"
node/738996205,52.5006867,13.3634626,"{""amenity"": ""post_box"", ""collection_times"": ""Mo-Fr 15:15, Sa 14:30, Mo-Fr 16:15,17:45"", ""operator"": ""Deutsche Post"", ""operator:wikidata"": ""Q157645"", ""operator:wikipedia"": ""de:Deutsche Post AG"", ""ref"": ""Potsdamer Str. 112, 10785 Berlin""}"
node/742013578,52.4246252,13.4632885,"{""amenity"": ""post_box"", ""collection_times"": ""Mo-Fr 14:45,16:30,18:00,21:00; Sa 13:45; Su 21:00"", ""operator"": ""Deutsche Post"", ""operator:wikidata"": ""Q157645"", ""operator:wikipedia"": ""de:Deutsche Post AG"", ""ref"": ""Lipschitzallee72, 12353 Berlin""}"
node/745932160,52.4367023,13.3621708,"{""amenity"": ""post_box"", ""check_date:collection_times"": ""2022-11-30"", ""collection_times"": ""Mo-Fr 16:00; Sa 13:00"", ""obstacle:parking"": ""yes"", ""operator"": ""Deutsche Post"", ""operator:wikidata"": ""Q157645"", ""operator:wikipedia"": ""de:Deutsche Post AG"", ""postal_code"": ""12247"", ""ref"": ""Alt-Lankwitz/Bernecker Weg, 12247 Berlin""}"
node/747517157,52.5888013,13.401588,"{""amenity"": ""post_box"", ""collection_times"": ""Mo-Fr 15:45; Sa 12:00"", ""drive_through"": ""no"", ""operator"": ""Deutsche Post"", ""operator:wikidata"": ""Q157645"", ""operator:wikipedia"": ""de:Deutsche Post AG"", ""ref"": ""Dietzgenstr. 83, 13156 Berlin""}"
node/748726079,52.4696775,13.341594,"{""amenity"": ""post_box"", ""check_date"": ""2023-02-15"", ""collection_times"": ""Mo-Fr 14:00,16:15,21:00; Sa 12:30; Su 21:00"", ""operator"": ""Deutsche Post"", ""operator:wikidata"": ""Q157645"", ""operator:wikipedia"": ""de:Deutsche Post AG"", ""ref"": ""Dürerplatz, 12157 Berlin""}"
node/760035378,52.4970555,13.3075489,"{""amenity"": ""post_box"", ""collection_times"": ""Mo-Fr 16:00; Sa 16:15"", ""operator"": ""Deutsche Post"", ""operator:wikidata"": ""Q157645"", ""operator:wikipedia"": ""de:Deutsche Post AG"", ""ref"": ""Paderborner Str. 6, 10709 Berlin"", ""toilets:wheelchair"": ""no"", ""wheelchair"": ""yes""}"
node/765573724,52.4238443,13.2526412,"{""amenity"": ""post_box"", ""check_date"": ""2022-09-20"", ""check_date:collection_times"": ""2024-05-15"", ""collection_times"": ""Mo-Fr 16:00,22:00; Sa 13:45; Su 22:00"", ""operator"": ""Deutsche Post"", ""operator:wikidata"": ""Q157645"", ""operator:wikipedia"": ""de:Deutsche Post AG"", ""ref"": ""Gimpelsteig 3, 14165 Berlin"", ""toilets:wheelchair"": ""no"", ""wheelchair"": ""yes""}"
node/737216263,52.5458515,13.4281905,"{""amenity"": ""post_box"", ""collection_times"": ""Mo-Fr 20:00"", ""collection_times:signed"": ""no"", ""operator"": ""PIN Mail"", ""operator:type"": ""private"", ""operator:wikidata"": ""Q1342288"", ""operator:wikipedia"": ""de:PIN Mail""}"
node/765929716,52.4762277,13.3643847,"{""amenity"": ""post_box"", ""brand"": ""Deutsche Post"", ""check_date:collection_times"": ""2025-12-20"", ""collection_times"": ""Mo-Fr 18:00; Sa 16:45; Su 09:00"", ""colour"": ""yellow"", ""operator"": ""Deutsche Post"", ""operator:wikidata"": ""Q157645"", ""operator:wikipedia"": ""de:Deutsche Post AG"", ""post_box:type"": ""pillar"", ""ref"": ""Hildegard-Knef-Platz 1, 10829 Berlin""}"
node/766742184,52.4892769,13.408162,"{""amenity"": ""post_box"", ""check_date"": ""2025-01-02"", ""collection_times"": ""Mo-Fr 15:15,17:30,21:30; Sa 14:30; Su 21:30"", ""operator"": ""Deutsche Post"", ""operator:wikidata"": ""Q157645"", ""operator:wikipedia"": ""de:Deutsche Post AG"", ""post_box:type"": ""lamp"", ""postal_code"": ""10967"", ""ref"": ""Körtestraße 35, 10967 Berlin""}"
node/769024872,52.5012446,13.2749543,"{""amenity"": ""post_box"", ""collection_times"": ""Mo-Fr 16:00; Sa 13:15"", ""operator"": ""Deutsche Post"", ""operator:wikidata"": ""Q157645"", ""ref"": ""Messedamm 20-22, 14055 Berlin""}"
node/771332586,52.5008261,13.3416153,"{""amenity"": ""post_box"", ""check_date:collection_times"": ""2026-02-20"", ""collection_times"": ""Mo-Fr 18:45; Sa 16:15"", ""operator"": ""Deutsche Post"", ""operator:wikidata"": ""Q157645"", ""operator:wikipedia"": ""de:Deutsche Post AG"", ""ref"": ""Ansbacher Str. 29, 10789 Berlin""}"
node/775844630,52.5494063,13.4340404,"{""amenity"": ""post_box"", ""check_date:collection_times"": ""2026-02-07"", ""collection_times"": ""Mo-Fr 17:30; Sa 12:30"", ""operator"": ""Deutsche Post"", ""operator:wikidata"": ""Q157645"", ""operator:wikipedia"": ""de:Deutsche Post AG"", ""ref"": ""Ostseestr. 28, 10409 Berlin""}"
node/778781292,52.4817038,13.3244966,"{""amenity"": ""post_box"", ""check_date:collection_times"": ""2024-05-05"", ""collection_times"": ""Mo-Fr 17:00; Sa 16:00"", ""operator"": ""Deutsche Post"", ""operator:wikidata"": ""Q157645"", ""operator:wikipedia"": ""de:Deutsche Post AG"", ""ref"": ""Hildegardstr. 23, 10715 Berlin""}"
node/782330847,52.5340656,13.5196582,"{""amenity"": ""post_box"", ""collection_times"": ""Mo-Fr 14:00; Sa 13:15"", ""operator"": ""Deutsche Post"", ""operator:wikidata"": ""Q157645"", ""operator:wikipedia"": ""de:Deutsche Post AG"", ""ref"": ""Alte Rhinstr. 16, 12681 Berlin""}"
node/783379180,52.5470783,13.4305672,"{""amenity"": ""post_box"", ""collection_times"": ""Mo-Fr 17:30; Sa 12:30"", ""operator"": ""Deutsche Post"", ""operator:wikidata"": ""Q157645"", ""operator:wikipedia"": ""de:Deutsche Post AG"", ""ref"": ""Erich-Weinert-Str. 98, 10409 Berlin""}"
node/786216881,52.5395888,13.4226864,"{""amenity"": ""post_box"", ""check_date:collection_times"": ""2026-06-22"", ""collection_times"": ""Mo-Fr 17:30; Sa 12:30"", ""obstacle:parking"": ""yes"", ""operator"": ""Deutsche Post"", ""operator:wikidata"": ""Q157645"", ""operator:wikipedia"": ""de:Deutsche Post AG"", ""ref"": ""Danziger Str. 63, 10435 Berlin""}"
node/794041766,52.5573869,13.5551175,"{""amenity"": ""post_box"", ""brand"": ""Deutsche Post"", ""collection_times"": ""Mo-Fr 14:45; Sa 13:15"", ""drive_through"": ""no"", ""operator"": ""Deutsche Post"", ""operator:wikidata"": ""Q157645"", ""operator:wikipedia"": ""de:Deutsche Post AG"", ""ref"": ""Mehrower Allee (S-Bahnhof), 12681 Berlin""}"
node/804958381,52.5496365,13.4176754,"{""amenity"": ""post_box"", ""check_date:collection_times"": ""2025-04-12"", ""collection_times"": ""Mo-Fr 17:00, Sa 12:15"", ""operator"": ""Deutsche Post"", ""operator:wikidata"": ""Q157645"", ""operator:wikipedia"": ""de:Deutsche Post AG"", ""ref"": ""Wichertstraße 10, 10439 Berlin""}"
node/793020074,52.5339216,13.3879323,"{""access"": ""yes"", ""addr:floor"": ""0"", ""amenity"": ""post_box"", ""check_date"": ""2023-03-03"", ""check_date:collection_times"": ""2023-03-03"", ""collection_times"": ""Mo-Fr 16:00; Sa 12:00"", ""covered"": ""no"", ""indoor"": ""no"", ""level"": ""0"", ""material"": ""steel"", ""operator"": ""Deutsche Post"", ""operator:wikidata"": ""Q157645"", ""operator:wikipedia"": ""de:Deutsche Post AG"", ""position"": ""street_side"", ""post_box:type"": ""pillar"", ""ref"": ""Bernauer Str. 118, 13355 Berlin"", ""source"": ""survey"", ""support"": ""ground""}"
node/789379923,52.5229016,13.4133669,"{""amenity"": ""post_box"", ""collection_times"": ""Mo-Fr 15:00,17:15; Sa 16:15"", ""operator"": ""Deutsche Post"", ""operator:wikidata"": ""Q157645"", ""operator:wikipedia"": ""de:Deutsche Post AG"", ""ref"": ""Alexanderplatz 7-9, 10178 Berlin""}"
node/818038579,52.5423388,13.3460685,"{""amenity"": ""post_box"", ""check_date"": ""2025-07-25"", ""check_date:collection_times"": ""2025-07-25"", ""collection_times"": ""Mo-Fr 15:30; Sa 11:00"", ""operator"": ""Deutsche Post"", ""operator:wikidata"": ""Q157645"", ""ref"": ""Augustenburger Platz 1, 13353 Berlin""}"
node/822873223,52.5280734,13.2284839,"{""amenity"": ""post_box"", ""collection_times"": ""Mo-Sa 12:00"", ""operator"": ""Deutsche Post"", ""operator:wikidata"": ""Q157645"", ""ref"": ""Charlottenburger Chaussee 67, 13597 Berlin""}"
node/828586692,52.5379177,13.4199627,"{""amenity"": ""post_box"", ""check_date:collection_times"": ""2024-08-31"", ""collection_times"": ""Mo-Fr 15:30,17:30,21:00; Sa 14:30; Su 10:30,21:00"", ""operator"": ""Deutsche Post"", ""operator:wikidata"": ""Q157645"", ""operator:wikipedia"": ""de:Deutsche Post AG"", ""ref"": ""Kollwitzstr. 86, 10435 Berlin"", ""wheelchair"": ""yes""}"
node/832840931,52.4912893,13.394648,"{""amenity"": ""post_box"", ""check_date"": ""2025-03-01"", ""check_date:collection_times"": ""2025-03-01"", ""collection_times"": ""Mo-Fr 17:15; Sa 14:15"", ""colour"": ""yellow"", ""operator"": ""Deutsche Post"", ""operator:wikidata"": ""Q157645"", ""operator:wikipedia"": ""de:Deutsche Post AG"", ""post_box:apertures"": ""2"", ""post_box:type"": ""lamp"", ""ref"": ""Gneisenaustr. 23, 10961 Berlin"", ""support"": ""pole""}"
node/832549911,52.5581898,13.3660715,"{""amenity"": ""post_box"", ""check_date"": ""2021-01-30"", ""collection_times"": ""Mo-Fr 16:00, Sa 12:00"", ""operator"": ""Deutsche Post"", ""operator:wikidata"": ""Q157645"", ""operator:wikipedia"": ""de:Deutsche Post AG"", ""ref"": ""Reginhardstr. 1, 13407 Berlin""}"
node/833044982,52.4514844,13.5120123,"{""amenity"": ""post_box"", ""collection_times"": ""Mo-Fr 17:00; Sa 14:00"", ""drive_through"": ""no"", ""operator"": ""Deutsche Post"", ""operator:wikidata"": ""Q157645"", ""operator:wikipedia"": ""de:Deutsche Post AG"", ""ref"": ""Hagedornstr. 15-17, 12487 Berlin""}"
node/837697210,52.4490442,13.5128845,"{""amenity"": ""post_box"", ""collection_times"": ""Mo-Fr 17:00; Sa 13:45"", ""drive_through"": ""no"", ""operator"": ""Deutsche Post"", ""operator:wikidata"": ""Q157645"", ""operator:wikipedia"": ""de:Deutsche Post AG"", ""ref"": ""Nieberstr./Am Grünen Anger, 12487 Berlin""}"
node/845830179,52.5300092,13.4999053,"{""amenity"": ""post_box"", ""collection_times"": ""Mo-Fr 17:15; Sa 12:00"", ""operator"": ""Deutsche Post"", ""operator:wikidata"": ""Q157645"", ""operator:wikipedia"": ""de:Deutsche Post AG"", ""ref"": ""Siegfriedstr. 142, 10365 Berlin""}"
node/850619769,52.4234037,13.3677989,"{""amenity"": ""post_box"", ""brand"": ""Deutsche Post"", ""check_date"": ""2024-12-15"", ""collection_times"": ""Mo-Fr 16:00, Sa 12:15"", ""colour"": ""yellow"", ""operator"": ""Deutsche Post"", ""operator:wikidata"": ""Q157645"", ""operator:wikipedia"": ""de:Deutsche Post AG"", ""post_box:apertures"": ""2"", ""post_box:type"": ""lamp"", ""ref"": ""Hranitzkystr./Beyrodtstr., 12277 Berlin""}"
node/851572301,52.4131528,13.5539555,"{""amenity"": ""post_box"", ""collection_times"": ""Mo-Fr 17:30; Sa 13:00"", ""operator"": ""Deutsche Post"", ""operator:wikidata"": ""Q157645"", ""operator:wikipedia"": ""de:Deutsche Post AG"", ""ref"": ""Germanenstr. 79, 12524 Berlin""}"
node/851572571,52.3999299,13.5384051,"{""amenity"": ""post_box"", ""collection_times"": ""Mo-Fr 17:45; Sa 13:00"", ""operator"": ""Deutsche Post"", ""operator:wikidata"": ""Q157645"", ""operator:wikipedia"": ""de:Deutsche Post AG"", ""ref"": ""Grünbergallee/Rebenweg, 12524 Berlin""}"
node/851572666,52.4227741,13.5271231,"{""amenity"": ""post_box"", ""collection_times"": ""Mo-Fr 17:00; Sa 12:15"", ""operator"": ""Deutsche Post"", ""operator:wikidata"": ""Q157645"", ""operator:wikipedia"": ""de:Deutsche Post AG"", ""ref"": ""Rudower Str. 23, 12524 Berlin""}"
node/851572989,52.4179902,13.5356077,"{""amenity"": ""post_box"", ""collection_times"": ""Mo-Fr 15:45; Sa 12:15"", ""operator"": ""Deutsche Post"", ""operator:wikidata"": ""Q157645"", ""operator:wikipedia"": ""de:Deutsche Post AG"", ""ref"": ""Schönefelder Chaussee 1, 12524 Berlin""}"
node/859187803,52.5274609,13.3393143,"{""amenity"": ""post_box"", ""check_date:collection_times"": ""2025-01-10"", ""collection_times"": ""Mo-Fr 17:30, Sa 12:30"", ""operator"": ""Deutsche Post"", ""operator:wikidata"": ""Q157645"", ""operator:wikipedia"": ""de:Deutsche Post AG"", ""ref"": ""Jonasstraße 5, 10551 Berlin""}"
node/866647162,52.5183817,13.3421584,"{""amenity"": ""post_box"", ""check_date:collection_times"": ""2025-12-08"", ""collection_times"": ""Mo-Fr 17:00, Sa 12:00"", ""operator"": ""Deutsche Post"", ""operator:wikidata"": ""Q157645"", ""ref"": ""Altonaer Str. 18, 10557 Berlin""}"
node/866869421,52.4953448,13.4204401,"{""access"": ""yes"", ""addr:floor"": ""0"", ""amenity"": ""post_box"", ""check_date"": ""2022-09-01"", ""collection_times"": ""Mo-Fr 15:15,17:15, Sa 14:15"", ""colour"": ""yellow"", ""covered"": ""no"", ""drive_through"": ""no"", ""indoor"": ""no"", ""level"": ""0"", ""material"": ""steel"", ""operator"": ""Deutsche Post"", ""operator:wikidata"": ""Q157645"", ""operator:wikipedia"": ""de:Deutsche Post AG"", ""post_box:apertures"": ""2"", ""post_box:type"": ""lamp"", ""ref"": ""Kottbusser Damm 1, 10967 Berlin"", ""source"": ""survey"", ""support"": ""pole""}"
node/888928802,52.51324,13.3010429,"{""amenity"": ""post_box"", ""collection_times"": ""Mo-Fr 17:00; Sa 16:15"", ""operator"": ""Deutsche Post"", ""operator:wikidata"": ""Q157645"", ""operator:wikipedia"": ""de:Deutsche Post AG"", ""ref"": ""Kaiser-Friedrich-Str. 21, 10585 Berlin""}"
node/897605277,52.5885809,13.4134356,"{""amenity"": ""post_box"", ""check_date:collection_times"": ""2023-07-23"", ""collection_times"": ""Mo-Fr 15:30; Sa 12:00"", ""operator"": ""Deutsche Post"", ""operator:wikidata"": ""Q157645"", ""operator:wikipedia"": ""de:Deutsche Post AG"", ""ref"": ""Buchholzer Str. 69a, 13156 Berlin""}"
node/912152716,52.6014335,13.471249,"{""amenity"": ""post_box"", ""collection_times"": ""Mo-Fr 15:30; Sa 10:15"", ""drive_through"": ""no"", ""operator"": ""Deutsche Post"", ""operator:wikidata"": ""Q157645"", ""operator:wikipedia"": ""de:Deutsche Post AG"", ""ref"": ""Straße 45 1, 13125 Berlin""}"
node/918358478,52.5227,13.2888598,"{""amenity"": ""post_box"", ""collection_times"": ""Mo-Fr 15:30; Sa 12:30"", ""operator"": ""Deutsche Post"", ""operator:wikidata"": ""Q157645"", ""operator:wikipedia"": ""de:Deutsche Post AG"", ""ref"": ""Heubnerweg 4, 14059 Berlin""}"
node/924592362,52.4050427,13.4904951,"{""amenity"": ""post_box"", ""collection_times"": ""Mo-Fr 17:30; Sa 14:15"", ""operator"": ""Deutsche Post"", ""operator:wikidata"": ""Q157645"", ""operator:wikipedia"": ""de:Deutsche Post AG"", ""ref"": ""Waßmannsdorfer Chaussee/Geflügelsteig, 12355 Berlin""}"
node/930307282,52.4547415,13.3953338,"{""amenity"": ""post_box"", ""check_date:collection_times"": ""2023-02-25"", ""collection_times"": ""Mo-Fr 14:00,17:00; Sa 14:15"", ""colour"": ""yellow"", ""drive_through"": ""no"", ""material"": ""metal"", ""operator"": ""Deutsche Post"", ""operator:wikidata"": ""Q157645"", ""operator:wikipedia"": ""de:Deutsche Post AG"", ""ref"": ""Colditzstr. 34-36, 12099 Berlin"", ""support"": ""pole""}"
node/926945697,52.532741,13.3325537,"{""amenity"": ""post_box"", ""check_date:collection_times"": ""2026-04-06"", ""collection_times"": ""Mo-Fr 17:15; Sa 12:15"", ""operator"": ""Deutsche Post"", ""operator:wikidata"": ""Q157645"", ""operator:wikipedia"": ""de:Deutsche Post AG"", ""ref"": ""Siemensstr. 10, 10551 Berlin""}"
node/938593765,52.4602882,13.3313639,"{""amenity"": ""post_box"", ""check_date"": ""2024-07-22"", ""check_date:collection_times"": ""2024-07-22"", ""collection_times"": ""Mo-Fr 16:00; Sa 12:45"", ""operator"": ""Deutsche Post"", ""operator:wikidata"": ""Q157645"", ""operator:wikipedia"": ""de:Deutsche Post AG"", ""post_box:apertures"": ""2"", ""post_box:type"": ""lamp"", ""ref"": ""Kniephofstr./Menckenstr., 12157 Berlin"", ""support"": ""pole""}"
node/941363161,52.5390043,13.3490371,"{""amenity"": ""post_box"", ""check_date"": ""2025-09-04"", ""check_date:collection_times"": ""2025-09-04"", ""collection_times"": ""Mo-Fr 15:30; Sa 12:00"", ""operator"": ""Deutsche Post"", ""operator:wikidata"": ""Q157645"", ""operator:wikipedia"": ""de:Deutsche Post AG"", ""ref"": ""Nordufer 19, 13353 Berlin""}"
node/942862184,52.3992371,13.5806411,"{""amenity"": ""post_box"", ""collection_times"": ""Mo-Fr 17:00; Sa 13:00"", ""operator"": ""Deutsche Post"", ""operator:wikidata"": ""Q157645"", ""operator:wikipedia"": ""de:Deutsche Post AG"", ""postal_code"": ""12526"", ""ref"": ""Schulzendorfer Str./Neptunstr., 12526 Berlin""}"
node/944604667,52.5500476,13.5485846,"{""amenity"": ""post_box"", ""collection_times"": ""Mo-Fr 14:30,17:00; Sa 14:30"", ""operator"": ""Deutsche Post"", ""operator:wikidata"": ""Q157645"", ""operator:wikipedia"": ""de:Deutsche Post AG"", ""ref"": ""Raoul-Wallenberg-Str. (S-Bahnhof), 12681 Berlin""}"
node/945197046,52.4874826,13.4080251,"{""amenity"": ""post_box"", ""check_date"": ""2022-08-27"", ""collection_times"": ""Mo-Fr 17:30, Sa 14:30"", ""colour"": ""yellow"", ""operator"": ""Deutsche Post"", ""operator:wikidata"": ""Q157645"", ""operator:wikipedia"": ""de:Deutsche Post AG"", ""post_box:apertures"": ""2"", ""post_box:type"": ""lamp"", ""ref"": ""Lilienthalstraße 14, 10965 Berlin"", ""support"": ""pole""}"
node/946947669,52.3986736,13.5403477,"{""amenity"": ""post_box"", ""brand"": ""Deutsche Post"", ""collection_times"": ""Mo-Fr 16:45; Sa 13:45"", ""operator"": ""Deutsche Post"", ""operator:wikidata"": ""Q157645"", ""operator:wikipedia"": ""de:Deutsche Post AG"", ""postal_code"": ""12526"", ""ref"": ""Schützenstr. 15, 12526 Berlin""}"
node/948655923,52.4217736,13.5048257,"{""amenity"": ""post_box"", ""collection_times"": ""Mo-Fr 17:45; Sa 14:00"", ""operator"": ""Deutsche Post"", ""operator:wikidata"": ""Q157645"", ""operator:wikipedia"": ""de:Deutsche Post AG"", ""ref"": ""Köpenicker Str. 116-118, 12355 Berlin""}"
node/956276811,52.4023195,13.5229752,"{""amenity"": ""post_box"", ""collection_times"": ""Mo-Fr 14:45,17:45; Sa 12:15"", ""operator"": ""Deutsche Post"", ""operator:wikidata"": ""Q157645"", ""ref"": ""Siriusstr. (Kaufhalle) , 12524 Berlin""}"
node/960215597,52.5155391,13.1835869,"{""amenity"": ""post_box"", ""collection_times"": ""Mo-Fr 16:00; Sa 12:00"", ""operator"": ""Deutsche Post"", ""operator:wikidata"": ""Q157645"", ""operator:wikipedia"": ""de:Deutsche Post AG"", ""ref"": ""Heerstr. 287, 13595 Berlin""}"
node/963961709,52.4868863,13.4229359,"{""amenity"": ""post_box"", ""check_date"": ""2025-07-22"", ""check_date:collection_times"": ""2025-07-22"", ""collection_times"": ""Mo-Fr 17:30; Sa 14:30"", ""operator"": ""Deutsche Post"", ""operator:wikidata"": ""Q157645"", ""operator:wikipedia"": ""de:Deutsche Post AG"", ""post_box:type"": ""lamp"", ""ref"": ""Hasenheide 5-6, 10967 Berlin""}"
node/975875401,52.4940955,13.403785,"{""amenity"": ""post_box"", ""check_date"": ""2024-11-20"", ""check_date:collection_times"": ""2024-11-20"", ""collection_times"": ""Mo-Fr 17:30; Sa 14:30"", ""colour"": ""yellow"", ""operator"": ""Deutsche Post"", ""operator:wikidata"": ""Q157645"", ""operator:wikipedia"": ""de:Deutsche Post AG"", ""post_box:apertures"": ""2"", ""post_box:type"": ""lamp"", ""ref"": ""Baerwaldstr. 63, 10961 Berlin"", ""support"": ""pole""}"
node/961626608,52.5263012,13.3927572,"{""amenity"": ""post_box"", ""check_date:collection_times"": ""2026-02-24"", ""collection_times"": ""Mo-Fr 17:30; Sa 16:30"", ""operator"": ""Deutsche Post"", ""operator:wikidata"": ""Q157645"", ""operator:wikipedia"": ""de:Deutsche Post AG"", ""ref"": ""Auguststr. 82, 10117 Berlin""}"
node/976895650,52.5141305,13.473299,"{""amenity"": ""post_box"", ""check_date"": ""2025-05-06"", ""check_date:collection_times"": ""2025-05-06"", ""collection_times"": ""Mo-Fr 17:30; Sa 14:30"", ""operator"": ""Deutsche Post"", ""operator:wikidata"": ""Q157645"", ""operator:wikipedia"": ""de:Deutsche Post AG"", ""ref"": ""Pettenkofer Str. 52, 10247 Berlin""}"
node/1021094784,52.553383,13.4208764,"{""amenity"": ""post_box"", ""check_date:collection_times"": ""2025-05-06"", ""collection_times"": ""Mo-Fr 15:30, Sa 12:00"", ""operator"": ""Deutsche Post"", ""operator:wikidata"": ""Q157645"", ""operator:wikipedia"": ""de:Deutsche Post AG"", ""ref"": ""Baumbachstr. 1, 13189 Berlin""}"
node/1027521308,52.4846888,13.5261352,"{""amenity"": ""post_box"", ""collection_times"": ""Mo-Sa 13:00"", ""last_checked"": ""2026-04-30"", ""operator"": ""Deutsche Post"", ""operator:wikidata"": ""Q157645"", ""operator:wikipedia"": ""de:Deutsche Post AG"", ""ref"": ""Treskowallee 86, 10318 Berlin""}"
node/1037241966,52.5581415,13.155802,"{""amenity"": ""post_box"", ""collection_times"": ""Mo-Fr 16:00; Sa 13:00"", ""operator"": ""Deutsche Post"", ""operator:wikidata"": ""Q157645"", ""operator:wikipedia"": ""de:Deutsche Post AG"", ""ref"": ""Stadtrandstr. 547, 13589 Berlin""}"
node/1037186978,52.4851598,13.4485903,"{""amenity"": ""post_box"", ""check_date:collection_times"": ""2024-06-04"", ""collection_times"": ""Mo-Fr 14:15,17:15; Sa 14:15"", ""operator"": ""Deutsche Post"", ""operator:wikidata"": ""Q157645"", ""operator:wikipedia"": ""de:Deutsche Post AG"", ""ref"": ""Harzer Str./Elsenstr., 12435 Berlin""}"
node/1037241967,52.5506375,13.1635275,"{""amenity"": ""post_box"", ""collection_times"": ""Mo-Fr 16:00; Sa 12:30"", ""operator"": ""Deutsche Post"", ""operator:wikidata"": ""Q157645"", ""operator:wikipedia"": ""de:Deutsche Post AG"", ""ref"": ""Posthausweg 5, 13589 Berlin""}"
node/1063487416,52.562386,13.1572144,"{""amenity"": ""post_box"", ""operator"": ""Deutsche Post"", ""operator:wikidata"": ""Q157645""}"
node/1077044412,52.4109033,13.262745,"{""amenity"": ""post_box"", ""check_date"": ""2025-08-31"", ""check_date:collection_times"": ""2024-06-20"", ""collection_times"": ""Mo-Fr 16:00; Sa 12:30"", ""operator"": ""Deutsche Post"", ""operator:wikidata"": ""Q157645"", ""operator:wikipedia"": ""de:Deutsche Post AG"", ""ref"": ""Ladiusstr. 23, 14165 Berlin""}"
node/1078649533,52.4789935,13.3479292,"{""amenity"": ""post_box"", ""check_date"": ""2026-07-02"", ""check_date:collection_times"": ""2026-07-02"", ""collection_times"": ""Mo-Fr 17:00; Sa 16:15"", ""operator"": ""Deutsche Post"", ""operator:wikidata"": ""Q157645"", ""operator:wikipedia"": ""de:Deutsche Post AG"", ""ref"": ""Ebersstraße 36, 10827 Berlin""}"
node/1078651352,52.4711538,13.3443177,"{""amenity"": ""post_box"", ""check_date"": ""2020-09-11"", ""collection_times"": ""Mo-Fr 16:15; Sa 12:30"", ""operator"": ""Deutsche Post"", ""operator:wikidata"": ""Q157645"", ""operator:wikipedia"": ""de:Deutsche Post AG"", ""post_box:apertures"": ""2"", ""post_box:type"": ""lamp"", ""postal_code"": ""12157"", ""ref"": ""Vorarlberger Damm 1, 12157 Berlin"", ""support"": ""pole""}"
node/1078763356,52.5231208,13.3491313,"{""amenity"": ""post_box"", ""collection_times"": ""Mo-Fr 15:00, Sa 12:00"", ""obstacle:parking"": ""yes"", ""operator"": ""Deutsche Post"", ""operator:wikidata"": ""Q157645"", ""operator:wikipedia"": ""de:Deutsche Post AG"", ""ref"": ""Kirchstr. 19, 10557 Berlin"", ""wheelchair"": ""yes""}"
node/1086406622,52.4670041,13.3427737,"{""amenity"": ""post_box"", ""check_date"": ""2026-06-24"", ""check_date:collection_times"": ""2026-06-24"", ""collection_times"": ""Mo-Fr 16:15; Sa 12:30"", ""operator"": ""Deutsche Post"", ""operator:wikidata"": ""Q157645"", ""operator:wikipedia"": ""de:Deutsche Post AG"", ""post_box:apertures"": ""1"", ""post_box:type"": ""lamp"", ""postal_code"": ""12157"", ""ref"": ""Beckerstraße 22, 12157 Berlin"", ""support"": ""pole""}"
node/1108967192,52.5358599,13.4754939,"{""addr:city"": ""Berlin"", ""addr:housenumber"": ""249"", ""addr:postcode"": ""13055"", ""addr:street"": ""Landsberger Allee"", ""addr:suburb"": ""Alt-Hohenschönhausen"", ""amenity"": ""post_box"", ""check_date:collection_times"": ""2023-12-25"", ""collection_times"": ""Mo-Fr 15:30; Sa 12:00"", ""operator"": ""Deutsche Post"", ""operator:wikidata"": ""Q157645"", ""operator:wikipedia"": ""de:Deutsche Post AG"", ""ref"": ""Konrad-Wolf-Str. 60, 13055 Berlin""}"
node/1119694790,52.4121381,13.3206717,"{""amenity"": ""post_box"", ""check_date:collection_times"": ""2024-11-24"", ""collection_times"": ""Mo-Fr 13:45,15:45; Sa 13:15"", ""operator"": ""Deutsche Post"", ""operator:wikidata"": ""Q157645"", ""operator:wikipedia"": ""de:Deutsche Post AG"", ""ref"": ""Osdorfer Str./Scheelestr. 12207 Berlin""}"
node/1123243923,52.5596847,13.4606208,"{""amenity"": ""post_box"", ""collection_times"": ""Mo-Fr 15:30; Sa 10:00"", ""operator"": ""Deutsche Post"", ""operator:wikidata"": ""Q157645"", ""operator:wikipedia"": ""de:Deutsche Post AG"", ""ref"": ""Pasedagplatz 1, 13088 Berlin""}"
node/1140165312,52.5031357,13.4204772,"{""access"": ""yes"", ""addr:floor"": ""0"", ""amenity"": ""post_box"", ""collection_times"": ""Mo-Fr 17:00; Sa 13:45"", ""colour"": ""yellow"", ""covered"": ""no"", ""indoor"": ""no"", ""level"": ""0"", ""material"": ""metal"", ""operator"": ""Deutsche Post"", ""operator:wikidata"": ""Q157645"", ""operator:wikipedia"": ""de:Deutsche Post AG"", ""post_box:type"": ""pillar"", ""ref"": ""Adalbertstr. 79, 10997 Berlin"", ""source"": ""survey"", ""support"": ""ground""}"
node/1140165338,52.5005285,13.4296976,"{""amenity"": ""post_box"", ""check_date"": ""2025-01-31"", ""collection_times"": ""Mo-Fr 17:15; Sa 14:15"", ""colour"": ""yellow"", ""drive_through"": ""no"", ""material"": ""metal"", ""operator"": ""Deutsche Post"", ""operator:wikidata"": ""Q157645"", ""operator:wikipedia"": ""de:Deutsche Post AG"", ""postal_code"": ""10997"", ""ref"": ""Lausitzer Platz 2, 10997 Berlin""}"
node/1129787460,52.526031,13.3889242,"{""access"": ""yes"", ""addr:floor"": ""0"", ""amenity"": ""post_box"", ""check_date"": ""2025-08-26"", ""check_date:collection_times"": ""2024-03-11"", ""collection_times"": ""Mo-Fr 17:30; Sa 16:30"", ""colour"": ""yellow"", ""covered"": ""no"", ""drive_through"": ""no"", ""indoor"": ""no"", ""level"": ""0"", ""material"": ""metal"", ""operator"": ""Deutsche Post"", ""operator:wikidata"": ""Q157645"", ""operator:wikipedia"": ""de:Deutsche Post AG"", ""post_box:apertures"": ""2"", ""post_box:type"": ""pillar"", ""ref"": ""Oranienburger Str. 48-49, 10117 Berlin"", ""support"": ""pole""}"
node/1145597654,52.5775531,13.2770463,"{""amenity"": ""post_box"", ""collection_times"": ""Mo-Fr 17:30; Sa 13:30"", ""operator"": ""Deutsche Post"", ""operator:wikidata"": ""Q157645"", ""ref"": ""Neheimerstr. 8, 13507 Berlin""}"
node/1143567938,52.500052,13.4354157,"{""amenity"": ""post_box"", ""check_date"": ""2026-09-03"", ""check_date:collection_times"": ""2026-09-03"", ""collection_times"": ""Mo-Fr 17:15; Sa 14:15; Su 09:00"", ""colour"": ""yellow"", ""drive_through"": ""no"", ""material"": ""metal"", ""operator"": ""Deutsche Post"", ""operator:wikidata"": ""Q157645"", ""operator:wikipedia"": ""de:Deutsche Post AG"", ""post_box:apertures"": ""4"", ""postal_code"": ""10997"", ""ref"": ""Skalitzer Str. 84-92, 10997 Berlin"", ""support"": ""pole""}"
node/1140165371,52.5021889,13.4146289,"{""access"": ""yes"", ""addr:floor"": ""0"", ""amenity"": ""post_box"", ""check_date"": ""2025-06-25"", ""collection_times"": ""Mo-Fr 15:30,17:00, Sa 13:45"", ""covered"": ""no"", ""drive_through"": ""no"", ""indoor"": ""no"", ""level"": ""0"", ""material"": ""steel"", ""operator"": ""Deutsche Post"", ""operator:wikidata"": ""Q157645"", ""operator:wikipedia"": ""de:Deutsche Post AG"", ""post_box:type"": ""pillar"", ""postal_code"": ""10999"", ""ref"": ""Oranienplatz 2, 10999 Berlin"", ""source"": ""survey"", ""support"": ""ground""}"
node/1153110127,52.4792725,13.272842,"{""amenity"": ""post_box"", ""collection_times"": ""Mo-Fr 16:00; Sa 14:00"", ""operator"": ""Deutsche Post"", ""operator:wikidata"": ""Q157645"", ""operator:wikipedia"": ""de:Deutsche Post AG"", ""ref"": ""Hagenstr. 45, 14193 Berlin""}"
node/1168451779,52.485001,13.3572315,"{""amenity"": ""post_box"", ""check_date"": ""2025-01-26"", ""collection_times"": ""Mo-Fr 15:30,18:00; Sa 14:45"", ""drive_through"": ""no"", ""operator"": ""Deutsche Post"", ""operator:wikidata"": ""Q157645"", ""operator:wikipedia"": ""de:Deutsche Post AG"", ""ref"": ""Feurigstr. 60, 10827 Berlin""}"
node/1148049975,52.4985169,13.4061517,"{""amenity"": ""post_box"", ""collection_times"": ""Mo-Fr 17:45; Sa 14:30"", ""operator"": ""Deutsche Post"", ""operator:wikidata"": ""Q157645"", ""operator:wikipedia"": ""de:Deutsche Post AG"", ""ref"": ""Gitschiner Str. 72, 10969 Berlin""}"
node/1169056614,52.4689732,13.328667,"{""amenity"": ""post_box"", ""collection_times"": ""Mo-Fr 15:30; Sa 13:00"", ""operator"": ""Deutsche Post"", ""operator:wikidata"": ""Q157645"", ""operator:wikipedia"": ""de:Deutsche Post AG"", ""ref"": ""Handjerystr./Bundesallee, 12161 Berlin""}"
node/1169056626,52.4754084,13.3405783,"{""amenity"": ""post_box"", ""check_date"": ""2025-04-24"", ""collection_times"": ""Mo-Fr 14:00,16:15; Sa 12:45"", ""operator"": ""Deutsche Post"", ""operator:wikidata"": ""Q157645"", ""operator:wikipedia"": ""de:Deutsche Post AG"", ""post_box:apertures"": ""2"", ""post_box:type"": ""lamp"", ""postal_code"": ""12159"", ""ref"": ""Sponholzstr. 56, 12159 Berlin"", ""support"": ""pole""}"
node/1140206962,52.5034169,13.41105,"{""access"": ""yes"", ""addr:floor"": ""0"", ""amenity"": ""post_box"", ""check_date"": ""2026-08-12"", ""check_date:collection_times"": ""2026-08-12"", ""collection_times"": ""Mo-Fr 16:45; Sa 13:45"", ""colour"": ""yellow"", ""covered"": ""no"", ""indoor"": ""no"", ""level"": ""0"", ""material"": ""metal"", ""operator"": ""Deutsche Post"", ""operator:wikidata"": ""Q157645"", ""operator:wikipedia"": ""de:Deutsche Post AG"", ""post_box:type"": ""pillar"", ""ref"": ""Oranienstr. 151, 10969 Berlin"", ""source"": ""survey"", ""support"": ""ground""}"
node/1176698908,52.4829745,13.3385047,"{""amenity"": ""post_box"", ""collection_times"": ""Mo-Fr 17:30; Sa 16:45"", ""operator"": ""Deutsche Post"", ""operator:wikidata"": ""Q157645"", ""operator:wikipedia"": ""de:Deutsche Post AG"", ""ref"": ""Meraner Str. 55, 10825 Berlin""}"
node/1198000130,52.4227473,13.3408861,"{""amenity"": ""post_box"", ""collection_times"": ""Mo-Fr 13:45; Sa 13:15"", ""operator"": ""Deutsche Post"", ""operator:wikidata"": ""Q157645"", ""operator:wikipedia"": ""de:Deutsche Post AG"", ""ref"": ""Hirzbacher Weg (Wendekehre), 12249 Berlin""}"
node/1198768332,52.5012537,13.3977125,"{""amenity"": ""post_box"", ""check_date:collection_times"": ""2024-10-22"", ""collection_times"": ""Mo-Fr 17:15; Sa 14:15"", ""drive_through"": ""no"", ""operator"": ""Deutsche Post"", ""operator:wikidata"": ""Q157645"", ""operator:wikipedia"": ""de:Deutsche Post AG"", ""ref"": ""Alte Jakobstr. 173, 10969 Berlin""}"
node/1198768434,52.4897231,13.3768531,"{""amenity"": ""post_box"", ""collection_times"": ""Mo-Fr 15:45; Sa 14:00"", ""operator"": ""Deutsche Post"", ""operator:wikidata"": ""Q157645"", ""operator:wikipedia"": ""de:Deutsche Post AG"", ""ref"": ""Katzbachstr. 29, 10965 Berlin""}"
node/1198768325,52.4936697,13.3884936,"{""amenity"": ""post_box"", ""check_date"": ""2025-02-13"", ""check_date:collection_times"": ""2025-02-13"", ""collection_times"": ""Mo-Fr 17:00; Sa 14:00"", ""colour"": ""yellow"", ""drive_through"": ""no"", ""material"": ""metal"", ""operator"": ""Deutsche Post"", ""operator:wikidata"": ""Q157645"", ""operator:wikipedia"": ""de:Deutsche Post AG"", ""post_box:apertures"": ""2"", ""post_box:type"": ""lamp"", ""postal_code"": ""10961"", ""ref"": ""Mehringdamm 29, 10961 Berlin"", ""support"": ""pole""}"
node/1198768375,52.548478,13.4269032,"{""amenity"": ""post_box"", ""collection_times"": ""Mo-Fr 17:00; Sa 12:15"", ""operator"": ""Deutsche Post"", ""operator:wikidata"": ""Q157645"", ""operator:wikipedia"": ""de:Deutsche Post AG"", ""ref"": ""Erich-Weinert-Str. 77, 10439 Berlin""}"
node/1209659463,52.4986039,13.3809159,"{""amenity"": ""post_box"", ""check_date"": ""2025-04-12"", ""check_date:collection_times"": ""2025-04-12"", ""collection_times"": ""Mo-Fr 17:30; Sa 14:30"", ""colour"": ""yellow"", ""operator"": ""Deutsche Post"", ""operator:wikidata"": ""Q157645"", ""operator:wikipedia"": ""de:Deutsche Post AG"", ""post_box:apertures"": ""2"", ""post_box:type"": ""lamp"", ""ref"": ""Tempelhofer Ufer 24, 10961 Berlin"", ""support"": ""pole""}"
node/1210027376,52.549577,13.3497186,"{""amenity"": ""post_box"", ""check_date"": ""2025-01-03"", ""collection_times"": ""Mo-Fr 16:00; Sa 12:00"", ""operator"": ""Deutsche Post"", ""operator:wikidata"": ""Q157645"", ""operator:wikipedia"": ""de:Deutsche Post AG"", ""ref"": ""Seestr. 99, 13353 Berlin""}"
node/1237776847,52.5132981,13.3939855,"{""amenity"": ""post_box"", ""check_date"": ""2026-09-01"", ""check_date:collection_times"": ""2026-09-01"", ""collection_times"": ""Mo-Fr 17:00; Sa 15:45"", ""operator"": ""Deutsche Post"", ""operator:wikidata"": ""Q157645"", ""operator:wikipedia"": ""de:Deutsche Post AG"", ""ref"": ""Taubenstr. 30, 10117 Berlin""}"
node/1241927578,52.5489406,13.4104876,"{""amenity"": ""post_box"", ""check_date:collection_times"": ""2026-09-09"", ""collection_times"": ""Mo-Fr 17:15; Sa 12:30"", ""operator"": ""Deutsche Post"", ""operator:wikidata"": ""Q157645"", ""operator:wikipedia"": ""de:Deutsche Post AG"", ""ref"": ""Kopenhagener Str. 9, 10437 Berlin""}"
node/1211114338,52.5056532,13.4214832,"{""amenity"": ""post_box"", ""check_date"": ""2024-11-13"", ""check_date:collection_times"": ""2024-11-13"", ""collection_times"": ""Mo-Fr 17:45; Sa 14:45"", ""operator"": ""Deutsche Post"", ""operator:wikidata"": ""Q157645"", ""operator:wikipedia"": ""de:Deutsche Post AG"", ""ref"": ""Engeldamm 62-64, 10179 Berlin""}"
node/1258516067,52.4211932,13.1924499,"{""amenity"": ""post_box"", ""check_date"": ""2026-03-13"", ""check_date:collection_times"": ""2026-03-13"", ""collection_times"": ""Mo-Fr 16:00; Sa 12:30"", ""operator"": ""Deutsche Post"", ""operator:wikidata"": ""Q157645"", ""ref"": ""Dreilindenstr. 26, 14109 Berlin""}"
node/1245063432,52.5123932,13.4043627,"{""amenity"": ""post_box"", ""collection_times"": ""Mo-Fr 15:00,17:00; Sa 16:00"", ""operator"": ""Deutsche Post"", ""operator:wikidata"": ""Q157645"", ""operator:wikipedia"": ""de:Deutsche Post AG"", ""ref"": ""Fischerinsel 11, 10179 Berlin""}"
node/1280254378,52.5857284,13.3977608,"{""amenity"": ""post_box"", ""check_date:collection_times"": ""2025-08-06"", ""collection_times"": ""Mo-Fr 16:00, Sa 12:00"", ""operator"": ""Deutsche Post"", ""operator:wikidata"": ""Q157645"", ""operator:wikipedia"": ""de:Deutsche Post AG"", ""ref"": ""Waldstr. 25/26, 13156 Berlin""}"
node/1285053862,52.4957371,13.384114,"{""amenity"": ""post_box"", ""check_date"": ""2024-07-11"", ""check_date:collection_times"": ""2024-04-12"", ""collection_times"": ""Mo-Fr 17:30, Sa 14:30"", ""operator"": ""Deutsche Post"", ""operator:wikidata"": ""Q157645"", ""operator:wikipedia"": ""de:Deutsche Post AG"", ""ref"": ""Großbeerenstr. 22, 10963 Berlin""}"
node/1244617502,52.5074975,13.4155832,"{""amenity"": ""post_box"", ""collection_times"": ""Mo-Fr 17:45; Sa 14:45"", ""operator"": ""Deutsche Post"", ""operator:wikidata"": ""Q157645"", ""operator:wikipedia"": ""de:Deutsche Post AG"", ""ref"": ""Annenstr. 4a, 10179 Berlin""}"
node/1304859066,52.4227981,13.1609601,"{""amenity"": ""post_box"", ""check_date"": ""2023-04-02"", ""collection_times"": ""Mo-Fr 16:00; Sa 12:00"", ""operator"": ""Deutsche Post"", ""operator:wikidata"": ""Q157645"", ""operator:wikipedia"": ""de:Deutsche Post AG"", ""ref"": ""Straße zum Löwen 5, 14109 Berlin""}"
node/1305230452,52.5180445,13.3141012,"{""amenity"": ""post_box"", ""check_date:collection_times"": ""2026-08-13"", ""collection_times"": ""Mo-Fr 17:15; Sa 14:15"", ""operator"": ""Deutsche Post"", ""operator:wikidata"": ""Q157645"", ""operator:wikipedia"": ""de:Deutsche Post AG"", ""ref"": ""Guerickestr. 1, 10587 Berlin""}"
node/1260786662,52.5409929,13.4391966,"{""amenity"": ""post_box"", ""collection_times"": ""Mo-Fr 17:00; Sa 12:00"", ""drive_through"": ""no"", ""operator"": ""Deutsche Post"", ""operator:wikidata"": ""Q157645"", ""operator:wikipedia"": ""de:Deutsche Post AG"", ""ref"": ""Storkower Str. 2, 10409 Berlin""}"
node/1315650130,52.5038888,13.303458,"{""amenity"": ""post_box"", ""brand"": ""pin"", ""check_date:collection_times"": ""2024-09-29"", ""collection_times"": ""Mo-Fr 18:00"", ""operator"": ""PIN Mail"", ""operator:type"": ""private"", ""operator:wikidata"": ""Q1342288"", ""operator:wikipedia"": ""de:PIN Mail""}"
node/1317702880,52.4749881,13.3663124,"{""amenity"": ""post_box"", ""collection_times"": ""Mo-Fr 16:30; Sa 13:45"", ""drive_through"": ""no"", ""operator"": ""Deutsche Post"", ""operator:wikidata"": ""Q157645"", ""operator:wikipedia"": ""de:Deutsche Post AG"", ""ref"": ""General-Pape-Str. 1, 12101 Berlin""}"
node/1327681764,52.4210114,13.3351362,"{""amenity"": ""post_box"", ""collection_times"": ""Mo-Fr 15:30; Sa 13:15"", ""operator"": ""Deutsche Post"", ""operator:wikidata"": ""Q157645"", ""operator:wikipedia"": ""de:Deutsche Post AG"", ""ref"": ""Geraer Str./Mariannenstr., 12209 Berlin""}"
node/1346374610,52.5005107,13.5205721,"{""amenity"": ""post_box"", ""check_date:collection_times"": ""2026-06-26"", ""collection_times"": ""Mo-Fr 16:30; Sa 12:00"", ""operator"": ""Deutsche Post"", ""operator:wikidata"": ""Q157645"", ""operator:wikipedia"": ""de:Deutsche Post AG"", ""ref"": ""Franz-Mett-Str. 3-9,10319 Berlin""}"
node/1362032996,52.5697629,13.566246,"{""amenity"": ""post_box"", ""collection_times"": ""Mo-Fr 15:30, Sa 13:30"", ""operator"": ""Deutsche Post"", ""operator:wikidata"": ""Q157645"", ""operator:wikipedia"": ""de:Deutsche Post AG"", ""ref"": ""Märkische Allee 376, 12689 Berlin""}"
node/1370410863,52.4209793,13.2813311,"{""access"": ""yes"", ""amenity"": ""post_box"", ""check_date:collection_times"": ""2026-04-14"", ""collection_times"": ""Mo-Fr 16:00; Sa 12:45"", ""colour"": ""yellow"", ""indoor"": ""no"", ""operator"": ""Deutsche Post"", ""operator:wikidata"": ""Q157645"", ""operator:wikipedia"": ""de:Deutsche Post AG"", ""ref"": ""Osteweg 69, 14167 Berlin""}"
node/1382999376,52.4509358,13.5215094,"{""amenity"": ""post_box"", ""collection_times"": ""Mo-Fr 16:00; Sa 13:00"", ""operator"": ""Deutsche Post"", ""operator:wikidata"": ""Q157645"", ""operator:wikipedia"": ""de:Deutsche Post AG"", ""ref"": ""Grimaustr. 77, 12439 Berlin""}"
node/1383533698,52.4387726,13.5713536,"{""amenity"": ""post_box"", ""brand"": ""Deutsche Post"", ""collection_times"": ""Mo-Fr 17:15, Sa 12:30"", ""operator"": ""Deutsche Post"", ""operator:wikidata"": ""Q157645"", ""operator:wikipedia"": ""de:Deutsche Post AG"", ""postal_code"": ""12557"", ""ref"": ""Grünauer Str. 80, 12557 Berlin""}"
node/1352704776,52.5523175,13.4145131,"{""amenity"": ""post_box"", ""check_date:collection_times"": ""2026-09-09"", ""collection_times"": ""Mo-Fr 17:00; Sa 12:15"", ""operator"": ""Deutsche Post"", ""operator:wikidata"": ""Q157645"", ""operator:wikipedia"": ""de:Deutsche Post AG"", ""postal_code"": ""10439"", ""ref"": ""Schönhauser Allee 87""}"
node/1387999135,52.4551986,13.3181648,"{""amenity"": ""post_box"", ""collection_times"": ""Mo-Fr 14:00,18:00,21:15; Sa 13:45; Su 21:15"", ""operator"": ""Deutsche Post"", ""operator:wikidata"": ""Q157645"", ""operator:wikipedia"": ""de:Deutsche Post AG"", ""ref"": ""Wrangelstr. 4, 12165 Berlin""}"
node/1394764784,52.5402443,13.2627413,"{""amenity"": ""post_box"", ""check_date:collection_times"": ""2026-05-02"", ""collection_times"": ""Mo-Fr 16:00; Sa 12:30"", ""drive_through"": ""no"", ""operator"": ""Deutsche Post"", ""operator:wikidata"": ""Q157645"", ""operator:wikipedia"": ""de:Deutsche Post AG"", ""ref"": ""Rohrdamm 80, 13629 Berlin""}"
node/1407065723,52.5029151,13.2885104,"{""amenity"": ""post_box"", ""check_date:collection_times"": ""2026-09-16"", ""collection_times"": ""Mo-Fr 16:00; Sa 12:30"", ""operator"": ""Deutsche Post"", ""operator:wikidata"": ""Q157645"", ""operator:wikipedia"": ""de:Deutsche Post AG"", ""ref"": ""Dernburgstr. 13, 14057 Berlin""}"
node/1389043779,52.5296025,13.4257341,"{""amenity"": ""post_box"", ""collection_times"": ""Mo-Fr 17:00; Sa 12:00; Su 09:00"", ""operator"": ""Deutsche Post"", ""operator:wikidata"": ""Q157645"", ""operator:wikipedia"": ""de:Deutsche Post AG"", ""ref"": ""Greifswalder Str. 9-10, 10405 Berlin""}"
node/1420114210,52.466987,13.3091597,"{""amenity"": ""post_box"", ""check_date:collection_times"": ""2023-12-25"", ""collection_times"": ""Mo-Fr 16:00; Sa 13:00"", ""layer"": ""1"", ""operator"": ""Deutsche Post"", ""operator:wikidata"": ""Q157645"", ""operator:wikipedia"": ""de:Deutsche Post AG"", ""ref"": ""Breitenbachplatz, 14195 Berlin"", ""wheelchair"": ""yes""}"
node/1389419250,52.5289242,13.3950784,"{""amenity"": ""post_box"", ""collection_times"": ""Mo-Fr 15:15,17:15,21:15; Sa 14:15; Su 21:15"", ""operator"": ""Deutsche Post"", ""operator:wikidata"": ""Q157645"", ""operator:wikipedia"": ""de:Deutsche Post AG"", ""ref"": ""Torstr. 171, 10115 Berlin""}"
node/1425707924,52.4817448,13.4250267,"{""amenity"": ""post_box"", ""check_date"": ""2026-04-07"", ""check_date:collection_times"": ""2026-04-07"", ""collection_times"": ""Mo-Fr 16:45; Sa 13:00"", ""operator"": ""Deutsche Post"", ""operator:wikidata"": ""Q157645"", ""operator:wikipedia"": ""de:Deutsche Post AG"", ""post_box:apertures"": ""2"", ""post_box:type"": ""lamp"", ""ref"": ""Hermannstr./Biebricher Str., 12049 Berlin""}"
node/1425984514,52.4772786,13.5118621,"{""amenity"": ""post_box"", ""check_date"": ""2024-11-29"", ""check_date:collection_times"": ""2024-11-29"", ""collection_times"": ""Mo-Fr 17:00; Sa 11:30"", ""operator"": ""Deutsche Post"", ""operator:wikidata"": ""Q157645"", ""operator:wikipedia"": ""de:Deutsche Post AG"", ""ref"": ""Liepnitzstr. 63, 10318 Berlin""}"
node/1421776287,52.5314594,13.3821057,"{""amenity"": ""post_box"", ""check_date:collection_times"": ""2023-04-09"", ""collection_times"": ""Mo-Fr 20:00"", ""collection_times:signed"": ""no"", ""operator"": ""PIN AG"", ""ref"": ""PIN AG"", ""wheelchair"": ""yes""}"
node/1433072305,52.5287346,13.3973807,"{""access"": ""yes"", ""addr:floor"": ""0"", ""amenity"": ""post_box"", ""check_date"": ""2025-04-18"", ""collection_times"": ""Mo-Fr 15:15,17:00, Sa 14:00"", ""colour"": ""yellow"", ""covered"": ""no"", ""drive_through"": ""no"", ""indoor"": ""no"", ""level"": ""0"", ""material"": ""steel"", ""operator"": ""Deutsche Post"", ""operator:wikidata"": ""Q157645"", ""operator:wikipedia"": ""de:Deutsche Post AG"", ""post_box:type"": ""pillar"", ""postal_code"": ""10115"", ""ref"": ""Linienstr. 93, 10115 Berlin"", ""source"": ""survey"", ""support"": ""ground""}"
node/1457592384,52.5565825,13.3583281,"{""amenity"": ""post_box"", ""check_date"": ""2025-02-14"", ""collection_times"": ""Mo-Fr 16:00; Sa 12:00"", ""operator"": ""Deutsche Post"", ""operator:wikidata"": ""Q157645"", ""operator:wikipedia"": ""de:Deutsche Post AG"", ""ref"": ""Ungarnstr. 82, 13349 Berlin""}"
node/1436421352,52.5115623,13.4820177,"{""amenity"": ""post_box"", ""check_date"": ""2025-10-25"", ""check_date:collection_times"": ""2025-10-25"", ""collection_times"": ""Mo-Fr 17:00, Sa 11:00"", ""operator"": ""Deutsche Post"", ""operator:wikidata"": ""Q157645"", ""operator:wikipedia"": ""de:Deutsche Post AG"", ""post_box:apertures"": ""2"", ""post_box:type"": ""lamp"", ""ref"": ""Schulze-Boysen-Straße 8, 10365 Berlin""}"
node/1461099294,52.5531175,13.442539,"{""amenity"": ""post_box"", ""collection_times"": ""Mo-Fr 15:45; Sa 10:00"", ""operator"": ""Deutsche Post"", ""operator:wikidata"": ""Q157645"", ""operator:wikipedia"": ""de:Deutsche Post AG"", ""ref"": ""Charlottenburger Str. 109, 13086 Berlin""}"
node/1471979416,52.5476568,13.4050884,"{""amenity"": ""post_box"", ""collection_times"": ""Mo-Fr 17:15; Sa 12:45"", ""operator"": ""Deutsche Post"", ""operator:wikidata"": ""Q157645"", ""operator:wikipedia"": ""de:Deutsche Post AG"", ""ref"": ""Ystader Str. 15, 10437 Berlin""}"
node/1474737235,52.4992052,13.4638035,"{""amenity"": ""post_box"", ""check_date"": ""2025-01-19"", ""collection_times"": ""Mo-Fr 17:30,20:45; Sa 12:30; Su 21:30"", ""colour"": ""yellow"", ""drive_through"": ""no"", ""material"": ""metal"", ""operator"": ""Deutsche Post"", ""operator:wikidata"": ""Q157645"", ""operator:wikipedia"": ""de:Deutsche Post AG"", ""post_box:apertures"": ""2"", ""post_box:type"": ""lamp"", ""postal_code"": ""10245"", ""ref"": ""Corinthstr. 54, 10245 Berlin"", ""support"": ""pole""}"
node/1481294376,52.4931628,13.5058711,"{""amenity"": ""post_box"", ""check_date:collection_times"": ""2025-12-06"", ""collection_times"": ""Mo-Fr 16:30, Sa 11:15"", ""operator"": ""Deutsche Post"", ""operator:wikidata"": ""Q157645""}"
node/1485772901,52.4870443,13.3198075,"{""amenity"": ""post_box"", ""check_date"": ""2026-04-20"", ""collection_times"": ""Mo-Fr"", ""operator"": ""PIN Mail"", ""operator:type"": ""private"", ""operator:wikidata"": ""Q1342288"", ""operator:wikipedia"": ""de:PIN Mail""}"
node/1485024627,52.5825999,13.3919414,"{""amenity"": ""post_box"", ""check_date:collection_times"": ""2025-01-26"", ""collection_times"": ""Mo-Fr 16:00; Sa 12:00"", ""operator"": ""Deutsche Post"", ""operator:wikidata"": ""Q157645"", ""operator:wikipedia"": ""de:Deutsche Post AG"", ""ref"": ""Friedrich-Engels-Str. 33, 13156 Berlin""}"
node/1500112664,52.4927624,13.4449908,"{""amenity"": ""post_box"", ""check_date"": ""2022-09-06"", ""collection_times"": ""Mo-Fr 15:00, 17:00; Sa 14:00"", ""colour"": ""yellow"", ""operator"": ""Deutsche Post"", ""operator:wikidata"": ""Q157645"", ""operator:wikipedia"": ""de:Deutsche Post AG"", ""post_box:apertures"": ""2"", ""post_box:type"": ""lamp"", ""ref"": ""Karl-Kunger-Str. 69, 12435 Berlin"", ""support"": ""pole""}"
node/1504968447,52.5821916,13.3442323,"{""amenity"": ""post_box"", ""collection_times"": ""Mo-Fr 16:30; Sa 13:00"", ""operator"": ""Deutsche Post"", ""operator:wikidata"": ""Q157645"", ""operator:wikipedia"": ""de:Deutsche Post AG"", ""ref"": ""Roedernallee 162a, 13407 Berlin""}"
node/1523240824,52.4875991,13.5186735,"{""amenity"": ""post_box"", ""check_date"": ""2022-04-27"", ""collection_times"": ""Mo-Fr 16:45; Sa 11:15"", ""operator"": ""Deutsche Post"", ""operator:wikidata"": ""Q157645"", ""operator:wikipedia"": ""de:Deutsche Post AG"", ""ref"": ""Marksburgstraße 13, 10318 Berlin""}"
node/1545970151,52.549309,13.456212,"{""amenity"": ""post_box"", ""collection_times"": ""Mo-Fr 16:00; Sa 11:00"", ""operator"": ""Deutsche Post"", ""operator:wikidata"": ""Q157645"", ""operator:wikipedia"": ""de:Deutsche Post AG"", ""ref"": ""Berliner Allee 82a, 13088 Berlin""}"
node/1556404184,52.5474952,13.4472748,"{""amenity"": ""post_box"", ""collection_times"": ""Mo-Fr 15:30; Sa 10:00"", ""operator"": ""Deutsche Post"", ""operator:wikidata"": ""Q157645"", ""operator:wikipedia"": ""de:Deutsche Post AG"", ""ref"": ""Lehderstr. 4, 13086 Berlin""}"
node/1575196763,52.4346973,13.3426591,"{""amenity"": ""post_box"", ""collection_times"": ""Mo-Fr 16:15; Sa 14:00; Su 10:15"", ""operator"": ""Deutsche Post"", ""operator:wikidata"": ""Q157645"", ""operator:wikipedia"": ""de:Deutsche Post AG"", ""ref"": ""Dillges Str./Kaiser-Wilhelm-Str., 12247 Berlin""}"
node/1575387605,52.4266187,13.3318875,"{""amenity"": ""post_box"", ""collection_times"": ""Mo-Fr 15:00; Sa 12:30"", ""operator"": ""Deutsche Post"", ""operator:wikidata"": ""Q157645"", ""operator:wikipedia"": ""de:Deutsche Post AG"", ""ref"": ""Jäger Str./Lorenzstr., 12209 Berlin""}"
node/1569311513,52.51148,13.4169027,"{""amenity"": ""post_box"", ""note"": ""Informeller(?) gelber Briefkasten in Kiosk mit Postfiliale"", ""operator"": ""Deutsche Post"", ""operator:wikidata"": ""Q157645"", ""operator:wikipedia"": ""de:Deutsche Post AG""}"
node/1598903599,52.591011,13.4425058,"{""amenity"": ""post_box"", ""check_date:collection_times"": ""2025-09-25"", ""collection_times"": ""Mo-Fr 14:15,21:00; Sa 12:00"", ""drive_through"": ""no"", ""operator"": ""Deutsche Post"", ""operator:wikidata"": ""Q157645"", ""operator:wikipedia"": ""de:Deutsche Post AG"", ""ref"": ""S-Bahn Blankenburg, 13129 Berlin""}"
node/1607962899,52.5234982,13.3790692,"{""access"": ""yes"", ""addr:floor"": ""0"", ""amenity"": ""post_box"", ""check_date"": ""2025-03-26"", ""check_date:collection_times"": ""2025-03-26"", ""collection_times"": ""Mo-Fr 17:30; Sa 16:15"", ""colour"": ""yellow"", ""covered"": ""no"", ""drive_through"": ""no"", ""indoor"": ""no"", ""level"": ""0"", ""material"": ""metal"", ""operator"": ""Deutsche Post"", ""operator:wikidata"": ""Q157645"", ""operator:wikipedia"": ""de:Deutsche Post AG"", ""post_box:apertures"": ""2"", ""post_box:type"": ""pillar"", ""ref"": ""Schumannstr. 20, 10117 Berlin"", ""source"": ""survey"", ""support"": ""pole""}"
node/1623643665,52.5792748,13.4429809,"{""amenity"": ""post_box"", ""collection_times"": ""Mo-Fr 16:00; Sa 12:00"", ""note"": ""Falsche Schreibweise Straßennamen auf Briefkastenschild"", ""operator"": ""Deutsche Post"", ""operator:wikidata"": ""Q157645"", ""ref"": ""Frithjofstraße 66, 13089 Berlin""}"
node/1629533316,52.4738541,13.2846808,"{""amenity"": ""post_box"", ""collection_times"": ""Mo-Fr 16:00; Sa 12:45"", ""operator"": ""Deutsche Post"", ""operator:wikidata"": ""Q157645"", ""operator:wikipedia"": ""de:Deutsche Post AG"", ""ref"": ""Rheinbabenallee 23, 14199 Berlin""}"
node/1630245014,52.4429392,13.380939,"{""amenity"": ""post_box"", ""collection_times"": ""Mo-Fr 14:15,16:00; Sa 13:30"", ""operator"": ""Deutsche Post"", ""operator:wikidata"": ""Q157645"", ""operator:wikipedia"": ""de:Deutsche Post AG"", ""ref"": ""Prühßstr./Rathausstr., 12105 Berlin""}"
node/1631749519,52.4503142,13.6245022,"{""amenity"": ""post_box"", ""collection_times"": ""Mo-Fr 16:15; Sa 13:00"", ""operator"": ""Deutsche Post"", ""operator:wikidata"": ""Q157645"", ""operator:wikipedia"": ""de:Deutsche Post AG"", ""ref"": ""Bölschestr./Aßmannstr., 12587 Berlin""}"
node/1632210355,52.4294472,13.2946908,"{""amenity"": ""post_box"", ""collection_times"": ""Mo-Fr 15:15; Sa 12:30"", ""operator"": ""Deutsche Post"", ""operator:wikidata"": ""Q157645"", ""operator:wikipedia"": ""de:Deutsche Post AG"", ""ref"": ""Baseler Str./Altdorfer Str., 12205 Berlin""}"
node/1632210459,52.4298254,13.2890432,"{""amenity"": ""post_box"", ""collection_times"": ""Mo-Fr 15:15; Sa 12:30"", ""operator"": ""Deutsche Post"", ""operator:wikidata"": ""Q157645"", ""operator:wikipedia"": ""de:Deutsche Post AG"", ""ref"": ""Carstennstr. 58, 12205 Berlin""}"
node/1628927236,52.5849276,13.4286807,"{""amenity"": ""post_box"", ""check_date:collection_times"": ""2026-01-22"", ""collection_times"": ""Mo-Fr 15:00, Sa 12:00"", ""operator"": ""Deutsche Post"", ""operator:wikidata"": ""Q157645"", ""ref"": ""Pasewalker Str. 13, 13127 Berlin""}"
node/1657397503,52.4762541,13.309862,"{""amenity"": ""post_box"", ""collection_times"": ""Mo-Fr 16:00; Sa 12:45"", ""operator"": ""Deutsche Post"", ""operator:wikidata"": ""Q157645"", ""ref"": ""Nauheimer Str. 44, 14197 Berlin""}"
node/1673899387,52.3926722,13.5878877,"{""amenity"": ""post_box"", ""collection_times"": ""Mo-Fr 16:45; Sa 12:30"", ""operator"": ""Deutsche Post"", ""operator:wikidata"": ""Q157645"", ""operator:wikipedia"": ""de:Deutsche Post AG"", ""ref"": ""Schulzendorfer Str./Waldstr., 12526 Berlin""}"
node/1675579221,52.4275458,13.3646003,"{""amenity"": ""post_box"", ""brand"": ""Deutsche Post"", ""check_date"": ""2024-12-15"", ""check_date:collection_times"": ""2024-12-15"", ""collection_times"": ""Mo-Fr 16:30; Sa 12:15"", ""colour"": ""yellow"", ""operator"": ""Deutsche Post"", ""operator:wikidata"": ""Q157645"", ""operator:wikipedia"": ""de:Deutsche Post AG"", ""post_box:apertures"": ""2"", ""post_box:type"": ""lamp"", ""ref"": ""Haynauer Str./Beußstr., 12249 Berlin""}"
node/1678448373,52.4651992,13.3106494,"{""amenity"": ""post_box"", ""collection_times"": ""Mo-Fr 14:00,16:15; Sa 13:15"", ""obstacle:parking"": ""yes"", ""operator"": ""Deutsche Post"", ""operator:wikidata"": ""Q157645"", ""operator:wikipedia"": ""de:Deutsche Post AG"", ""ref"": ""Buggestr./Forststr., 12163 Berlin""}"
node/1699354333,52.5411123,13.3513425,"{""amenity"": ""post_box"", ""check_date"": ""2025-03-09"", ""collection_times"": ""Mo-Fr 15:30,22:00; Sa 11:00; Su 22:00"", ""operator"": ""Deutsche Post"", ""operator:wikidata"": ""Q157645"", ""operator:wikipedia"": ""de:Deutsche Post AG"", ""ref"": ""Sprengelstr. 25a, 13353 Berlin""}"
node/1701095379,52.4725668,13.420898,"{""amenity"": ""post_box"", ""check_date"": ""2025-12-31"", ""collection_times"": ""Mo-Fr 17:00; Sa 13:30"", ""colour"": ""yellow"", ""lit"": ""yes"", ""operator"": ""Deutsche Post"", ""operator:wikidata"": ""Q157645"", ""operator:wikipedia"": ""de:Deutsche Post AG"", ""post_box:apertures"": ""1"", ""post_box:type"": ""pillar"", ""postal_code"": ""12049"", ""ref"": ""Leinestr. 31, 12049 Berlin"", ""support"": ""ground""}"
node/1711228249,52.5458486,13.5131015,"{""amenity"": ""post_box"", ""check_date:collection_times"": ""2024-09-05"", ""collection_times"": ""Mo-Fr 18:00"", ""operator"": ""PIN AG"", ""postal_code"": ""13053""}"
node/1628927171,52.5773849,13.4283256,"{""amenity"": ""post_box"", ""check_date"": ""2025-07-29"", ""check_date:collection_times"": ""2025-07-29"", ""collection_times"": ""Mo-Fr 15:00; Sa 12:00"", ""drive_through"": ""no"", ""operator"": ""Deutsche Post"", ""operator:wikidata"": ""Q157645"", ""operator:wikipedia"": ""de:Deutsche Post AG"", ""ref"": ""Damerowstr., 13187 Berlin""}"
node/1714278207,52.5450203,13.391624,"{""amenity"": ""post_box"", ""check_date"": ""2025-04-24"", ""check_date:collection_times"": ""2024-02-18"", ""collection_times"": ""Mo-Fr 16:00; Sa 12:00"", ""operator"": ""Deutsche Post"", ""operator:wikidata"": ""Q157645"", ""operator:wikipedia"": ""de:Deutsche Post AG"", ""ref"": ""Rügener Str. 26, 13355 Berlin""}"
node/1735093007,52.4459018,13.3731276,"{""amenity"": ""post_box"", ""check_date:collection_times"": ""2023-08-09"", ""collection_times"": ""Mo-Fr 14:00,16:45; Sa 14:00"", ""operator"": ""Deutsche Post"", ""operator:wikidata"": ""Q157645"", ""operator:wikipedia"": ""de:Deutsche Post AG"", ""ref"": ""Gersdorfstr./Königstr., 12105 Berlin""}"
node/1735093097,52.4473808,13.3624722,"{""amenity"": ""post_box"", ""check_date:collection_times"": ""2023-08-09"", ""collection_times"": ""Mo-Fr 14:00,17:15; Sa 13:15"", ""operator"": ""Deutsche Post"", ""operator:wikidata"": ""Q157645"", ""operator:wikipedia"": ""de:Deutsche Post AG"", ""ref"": ""Attilastr./Ringstr., 12105 Berlin""}"
node/1746680517,52.5036458,13.3459705,"{""amenity"": ""post_box"", ""collection_times"": ""Mo-Fr 15:00,17:15,21:15; Sa 16:45; Su 21:15"", ""note"": ""2 Briefkästen"", ""operator"": ""Deutsche Post"", ""operator:wikidata"": ""Q157645"", ""operator:wikipedia"": ""de:Deutsche Post AG"", ""ref"": ""Keithstr. 20, 10787 Berlin""}"
node/1714261695,52.5290411,13.4054512,"{""access"": ""yes"", ""amenity"": ""post_box"", ""check_date"": ""2022-09-17"", ""collection_times"": ""Mo-Fr 17:00; Sa 14:00"", ""covered"": ""no"", ""drive_through"": ""no"", ""indoor"": ""no"", ""material"": ""steel"", ""operator"": ""Deutsche Post"", ""operator:wikidata"": ""Q157645"", ""operator:wikipedia"": ""de:Deutsche Post AG"", ""post_box:type"": ""pillar"", ""ref"": ""Gormannstr. 16, 10119 Berlin"", ""source"": ""survey""}"
node/1770447019,52.4863131,13.3635795,"{""amenity"": ""post_box"", ""collection_times"": ""Mo-Fr 15:30,17:15, Sa 14:00"", ""operator"": ""Deutsche Post"", ""operator:wikidata"": ""Q157645"", ""operator:wikipedia"": ""de:Deutsche Post AG"", ""ref"": ""Naumannstr. 1, 10829 Berlin""}"
node/1774535028,52.5175715,13.4948415,"{""amenity"": ""post_box"", ""check_date"": ""2024-08-10"", ""check_date:collection_times"": ""2024-08-10"", ""collection_times"": ""Mo-Fr 17:15; Sa 11:45"", ""operator"": ""Deutsche Post"", ""operator:wikidata"": ""Q157645"", ""operator:wikipedia"": ""de:Deutsche Post AG"", ""ref"": ""Atzpodienstr. 24, 10365 Berlin""}"
node/1779968474,52.5264845,13.3539319,"{""amenity"": ""post_box"", ""check_date:collection_times"": ""2024-04-20"", ""collection_times"": ""Mo-Fr 17:00, Sa 12:00"", ""operator"": ""Deutsche Post"", ""operator:wikidata"": ""Q157645"", ""operator:wikipedia"": ""de:Deutsche Post AG"", ""postal_code"": ""10559"", ""ref"": ""Turmstraße 91, 10559 Berlin""}"
node/1783705734,52.4079703,13.3508127,"{""amenity"": ""post_box"", ""brand"": ""Deutsche Post"", ""check_date"": ""2024-11-01"", ""collection_times"": ""Mo-Fr 15:15; Sa 12:45"", ""colour"": ""yellow"", ""operator"": ""Deutsche Post"", ""operator:wikidata"": ""Q157645"", ""operator:wikipedia"": ""de:Deutsche Post AG"", ""post_box:apertures"": ""2"", ""post_box:type"": ""lamp"", ""ref"": ""Waldsassener Str./Tirschenreuther Ring, 12279 Berlin"", ""wheelchair"": ""yes""}"
node/1782970150,52.4517076,13.1352968,"{""amenity"": ""post_box"", ""collection_times"": ""Mo-Fr 16:00; Sa 12:00"", ""operator"": ""Deutsche Post"", ""operator:wikidata"": ""Q157645"", ""operator:wikipedia"": ""de:Deutsche Post AG"", ""ref"": ""Sakrower Landstr. 48, 14089 Berlin""}"
node/1754094580,52.5026997,13.4386421,"{""amenity"": ""post_box"", ""check_date"": ""2025-10-16"", ""check_date:collection_times"": ""2025-10-16"", ""collection_times"": ""Sa 14:00; Mo-Fr 14:30"", ""colour"": ""yellow"", ""drive_through"": ""no"", ""material"": ""metal"", ""operator"": ""Deutsche Post"", ""operator:wikidata"": ""Q157645"", ""operator:wikipedia"": ""de:Deutsche Post AG"", ""post_box:apertures"": ""2"", ""ref"": ""Köpenicker Str. 185, 10997 Berlin"", ""support"": ""pole""}"
node/1799850951,52.5938688,13.2801425,"{""amenity"": ""post_box"", ""collection_times"": ""Mo-Fr 17:00; Sa 13:00"", ""operator"": ""Deutsche Post"", ""operator:wikidata"": ""Q157645"", ""operator:wikipedia"": ""de:Deutsche Post AG"", ""ref"": ""An der Mühle 2, 13507 Berlin""}"
node/1833582169,52.4849775,13.3304345,"{""amenity"": ""post_box"", ""collection_times"": ""Mo-Fr 15:15,17:15,22:00; Sa 16:30; Su 22:00"", ""operator"": ""Deutsche Post"", ""operator:wikidata"": ""Q157645"", ""operator:wikipedia"": ""de:Deutsche Post AG"", ""ref"": ""Wilhelmsaue 138, 10715 Berlin""}"
node/1768055807,52.5470613,13.4242024,"{""amenity"": ""post_box"", ""check_date:collection_times"": ""2025-04-30"", ""collection_times"": ""Mo-Fr 17:00; Sa 12:15"", ""operator"": ""Deutsche Post"", ""operator:wikidata"": ""Q157645"", ""operator:wikipedia"": ""de:Deutsche Post AG"", ""ref"": ""Wichertstr. 33, 10439 Berlin""}"
node/1844986326,52.5607134,13.395879,"{""amenity"": ""post_box"", ""collection_times"": ""Mo-Fr 14:30; Sa 12:00"", ""last_checked"": ""2020-03-27"", ""operator"": ""Deutsche Post"", ""operator:wikidata"": ""Q157645"", ""operator:wikipedia"": ""de:Deutsche Post AG"", ""ref"": ""Steegerstr. 18, 13359 Berlin""}"
node/1853277790,52.460832,13.348655,"{""amenity"": ""post_box"", ""check_date:collection_times"": ""2021-06-13"", ""collection_times"": ""Mo-Fr 16:00, Sa 13:00"", ""operator"": ""Deutsche Post"", ""operator:wikidata"": ""Q157645"", ""operator:wikipedia"": ""de:Deutsche Post AG"", ""ref"": ""Grazer Damm/Overbeckstr., 12157 Berlin""}"
node/1846580569,52.5870436,13.3679378,"{""amenity"": ""post_box"", ""check_date:collection_times"": ""2025-08-30"", ""collection_times"": ""Mo-Fr 16:45; Sa 12:00"", ""operator"": ""Deutsche Post"", ""operator:wikidata"": ""Q157645"", ""operator:wikipedia"": ""de:Deutsche Post AG"", ""ref"": ""Hauptstr. 32, 13158 Berlin""}"
node/1839838860,52.5677298,13.4273289,"{""amenity"": ""post_box"", ""collection_times"": ""Mo-Fr 15:00; Sa 12:00"", ""note"": ""ref am Briefkasten enthält \""Prommenade\"""", ""operator"": ""Deutsche Post"", ""operator:wikidata"": ""Q157645"", ""operator:wikipedia"": ""de:Deutsche Post AG"", ""ref"": ""Prenzlauer Promenade 129, 13189 Berlin""}"
node/1849461143,52.5937094,13.46858,"{""amenity"": ""post_box"", ""check_date:collection_times"": ""2026-08-18"", ""collection_times"": ""Mo-Fr 14:00; Sa 12:00"", ""operator"": ""Deutsche Post"", ""operator:wikidata"": ""Q157645"", ""operator:wikipedia"": ""de:Deutsche Post AG"", ""ref"": ""Lindenberger Weg 39, 13129 Berlin""}"
node/1908859669,52.4758009,13.4430751,"{""amenity"": ""post_box"", ""check_date"": ""2026-08-08"", ""check_date:collection_times"": ""2026-08-08"", ""collection_times"": ""Mo-Fr 16:15; Sa 14:15"", ""colour"": ""yellow"", ""indoor"": ""no"", ""material"": ""steel"", ""operator"": ""Deutsche Post"", ""operator:wikidata"": ""Q157645"", ""operator:wikipedia"": ""de:Deutsche Post AG"", ""post_box:apertures"": ""2"", ""post_box:type"": ""pillar"", ""ref"": ""Richardstr. / Uthmannstr., 12043 Berlin"", ""support"": ""pole""}"
node/1950308534,52.6295192,13.2948284,"{""amenity"": ""post_box"", ""collection_times"": ""Mo-Fr 16:30; Sa 13:00"", ""drive_through"": ""no"", ""operator"": ""Deutsche Post"", ""operator:wikidata"": ""Q157645"", ""ref"": ""Im Fischgrund 2, 13465 Berlin""}"
node/1950308539,52.6262139,13.2806536,"{""amenity"": ""post_box"", ""collection_times"": ""Mo-Fr 16:00; Sa 13:00"", ""operator"": ""Deutsche Post"", ""operator:wikidata"": ""Q157645"", ""ref"": ""Welfenallee 73, 13465 Berlin""}"
node/1950308540,52.6381708,13.2808333,"{""amenity"": ""post_box"", ""collection_times"": ""Mo-Fr 16:00; Sa 13:00"", ""operator"": ""Deutsche Post"", ""operator:wikidata"": ""Q157645"", ""ref"": ""Im Amseltal 50, 13465 Berlin""}"
node/1966769124,52.5175834,13.321765,"{""amenity"": ""post_box"", ""collection_times"": ""Mo-Fr 15:00,17:00; Sa 14:00"", ""operator"": ""Deutsche Post"", ""operator:wikidata"": ""Q157645"", ""operator:wikipedia"": ""de:Deutsche Post AG"", ""ref"": ""Abbestr. 19, 10587 Berlin""}"
node/1963679254,52.4689424,13.3858564,"{""amenity"": ""post_box"", ""check_date"": ""2022-06-24"", ""collection_times"": ""Mo-Fr 14:00,17:30, Sa 14:45"", ""colour"": ""yellow"", ""drive_through"": ""no"", ""material"": ""metal"", ""operator"": ""Deutsche Post"", ""operator:wikidata"": ""Q157645"", ""operator:wikipedia"": ""de:Deutsche Post AG"", ""ref"": ""Tempelhofer Damm 121, 12099 Berlin"", ""support"": ""pole""}"
node/1989350209,52.5541932,13.3396177,"{""amenity"": ""post_box"", ""collection_times"": ""Sa 11:30; Mo-Fr 15:45"", ""operator"": ""Deutsche Post"", ""operator:wikidata"": ""Q157645"", ""operator:wikipedia"": ""de:Deutsche Post AG"", ""ref"": ""Otawistr. 21, 13351 Berlin""}"
node/1989352755,52.5557739,13.3423239,"{""amenity"": ""post_box"", ""collection_times"": ""Mo-Fr 16:00; Sa 11:30"", ""operator"": ""Deutsche Post"", ""operator:wikidata"": ""Q157645"", ""operator:wikipedia"": ""de:Deutsche Post AG"", ""ref"": ""Müllerstraße 113, 13351 Berlin""}"
node/2018710526,52.4258697,13.4827998,"{""amenity"": ""post_box"", ""collection_times"": ""Mo-Fr 17:15; Sa 13:30"", ""operator"": ""Deutsche Post"", ""operator:wikidata"": ""Q157645"", ""ref"": ""Neuköllner Str./Fritz-Erler-Allee, 12357 Berlin""}"
node/2026462692,52.539221,13.5571647,"{""amenity"": ""post_box"", ""check_date:collection_times"": ""2024-09-27"", ""collection_times"": ""Mo-Fr 14:45; Sa 14:00"", ""operator"": ""Deutsche Post"", ""operator:wikidata"": ""Q157645"", ""operator:wikipedia"": ""de:Deutsche Post AG"", ""ref"": ""Auersbergstr. 16, 12685 Berlin""}"
node/2017165210,52.4920079,13.4507951,"{""amenity"": ""post_box"", ""check_date"": ""2026-05-16"", ""check_date:collection_times"": ""2026-05-16"", ""collection_times"": ""Mo-Fr 20:00"", ""colour"": ""green"", ""operator"": ""PIN Mail"", ""operator:type"": ""private"", ""operator:wikidata"": ""Q1342288"", ""operator:wikipedia"": ""de:PIN Mail"", ""post_box:apertures"": ""1"", ""post_box:type"": ""pillar"", ""support"": ""ground""}"
node/2008686487,52.5417775,13.3931251,"{""amenity"": ""post_box"", ""collection_times"": ""Mo-Fr 16:00; Sa 12:00"", ""operator"": ""Deutsche Post"", ""operator:wikidata"": ""Q157645"", ""operator:wikipedia"": ""de:Deutsche Post AG"", ""ref"": ""Brunnenstr. 115, 13355 Berlin""}"
node/2032575820,52.4808371,13.3625437,"{""amenity"": ""post_box"", ""check_date:collection_times"": ""2025-03-19"", ""collection_times"": ""Mo-Fr 17:15; Sa 14:00"", ""operator"": ""Deutsche Post"", ""operator:wikidata"": ""Q157645"", ""operator:wikipedia"": ""de:Deutsche Post AG"", ""ref"": ""Gustav-Müller-Str. 35, 10829 Berlin""}"
node/2064590675,52.5727417,13.3709004,"{""amenity"": ""post_box"", ""check_date:collection_times"": ""2024-01-16"", ""collection_times"": ""Mo-Fr 16:00; Sa 12:30"", ""last_checked"": ""2023-01-14"", ""operator"": ""Deutsche Post"", ""operator:wikidata"": ""Q157645"", ""operator:wikipedia"": ""de:Deutsche Post AG"", ""ref"": ""Herbststr. 54, 13409 Berlin""}"
node/2046262916,52.5017625,13.355594,"{""amenity"": ""post_box"", ""check_date"": ""2022-09-22"", ""collection_times"": ""Mo-Fr 17:00, Sa 16:00"", ""colour"": ""yellow"", ""operator"": ""Deutsche Post"", ""operator:wikidata"": ""Q157645"", ""operator:wikipedia"": ""de:Deutsche Post AG"", ""post_box:apertures"": ""2"", ""post_box:type"": ""lamp"", ""ref"": ""Kurfürstenstr. 56, 10785 Berlin"", ""support"": ""pole""}"
node/2006266194,52.5353702,13.4224834,"{""amenity"": ""post_box"", ""check_date"": ""2025-01-21"", ""check_date:collection_times"": ""2025-01-21"", ""collection_times"": ""Mo-Fr 18:15; Sa 12:30; Su 09:00"", ""operator"": ""Deutsche Post"", ""operator:wikidata"": ""Q157645"", ""operator:wikipedia"": ""de:Deutsche Post AG"", ""ref"": ""Marienburger Str. 1, 10405 Berlin""}"
node/2049303007,52.6310399,13.3053123,"{""amenity"": ""post_box"", ""check_date:collection_times"": ""2025-02-01"", ""collection_times"": ""Mo-Fr 16:30; Sa 13:00"", ""drive_through"": ""no"", ""operator"": ""Deutsche Post"", ""operator:wikidata"": ""Q157645"", ""ref"": ""Fürstendamm 46, 13465 Berlin""}"
node/2082688218,52.5472532,13.4093092,"{""amenity"": ""post_box"", ""check_date:collection_times"": ""2026-09-09"", ""collection_times"": ""Mo-Fr 17:15; Sa 12:30"", ""operator"": ""Deutsche Post"", ""operator:wikidata"": ""Q157645"", ""operator:wikipedia"": ""de:Deutsche Post AG"", ""ref"": ""Gleimstr. 18-19, 10437 Berlin""}"
node/2080594548,52.5247683,13.3471788,"{""amenity"": ""post_box"", ""check_date"": ""2025-07-02"", ""collection_times"": ""Mo-Fr 17:45; Sa 12:45"", ""operator"": ""Deutsche Post"", ""operator:wikidata"": ""Q157645"", ""operator:wikipedia"": ""de:Deutsche Post AG"", ""ref"": ""Alt-Moabit 103, 10559 Berlin"", ""wheelchair"": ""yes""}"
node/2091870377,52.5116726,13.3102404,"{""amenity"": ""post_box"", ""check_date:collection_times"": ""2026-04-12"", ""collection_times"": ""Mo-Fr 17:00; Sa 16:15"", ""operator"": ""Deutsche Post"", ""operator:wikidata"": ""Q157645"", ""operator:wikipedia"": ""de:Deutsche Post AG"", ""ref"": ""Bismarckstr. 92, 10625 Berlin""}"
node/2095183186,52.3986621,13.3895319,"{""amenity"": ""post_box"", ""collection_times"": ""Mo-Fr 14:00,17:00,21:00, Sa 13:30, Su 21:00"", ""operator"": ""Deutsche Post"", ""operator:wikidata"": ""Q157645"", ""operator:wikipedia"": ""de:Deutsche Post AG"", ""ref"": ""Schichauweg (S-Bahnhof), 12307 Berlin""}"
node/2098280281,52.4468891,13.3427311,"{""amenity"": ""post_box"", ""check_date:collection_times"": ""2023-10-17"", ""collection_times"": ""Mo-Fr 18:00"", ""operator"": ""pin AG""}"
node/2098474725,52.5367368,13.4168107,"{""amenity"": ""post_box"", ""check_date"": ""2026-03-19"", ""collection_times"": ""Mo-Fr 17:30, Sa 14:30"", ""operator"": ""Deutsche Post"", ""operator:wikidata"": ""Q157645"", ""operator:wikipedia"": ""de:Deutsche Post AG"", ""ref"": ""Wörther Str. 36, 10435 Berlin"", ""wheelchair"": ""yes""}"
node/2114862478,52.5299359,13.4367095,"{""amenity"": ""post_box"", ""check_date:collection_times"": ""2025-05-14"", ""collection_times"": ""Mo-Fr 16:45, Sa 12:00"", ""operator"": ""Deutsche Post"", ""operator:wikidata"": ""Q157645"", ""operator:wikipedia"": ""de:Deutsche Post AG"", ""ref"": ""Hufelandstr. 49, 10407 Berlin""}"
node/2127240550,52.4962783,13.3587944,"{""amenity"": ""post_box"", ""check_date"": ""2021-01-06"", ""collection_times"": ""Mo-Fr 17:15;Sa 16:15"", ""operator"": ""Deutsche Post"", ""operator:wikidata"": ""Q157645"", ""operator:wikipedia"": ""de:Deutsche Post AG"", ""postal_code"": ""10781"", ""ref"": ""Winterfeldtstr. 13-15, 10781 Berlin""}"
node/2125008938,52.4895113,13.4244479,"{""amenity"": ""post_box"", ""collection_times"": ""Mo-Fr 17:30; Sa 14:30"", ""operator"": ""Deutsche Post"", ""operator:wikidata"": ""Q157645"", ""operator:wikipedia"": ""de:Deutsche Post AG"", ""post_box:apertures"": ""2"", ""post_box:type"": ""lamp"", ""ref"": ""Kottbusser Damm 70-71, 10967 Berlin""}"
node/2131931608,52.4851372,13.3746512,"{""amenity"": ""post_box"", ""collection_times"": ""Mo-Fr 17:30; Sa 14:30"", ""operator"": ""Deutsche Post"", ""operator:wikidata"": ""Q157645"", ""operator:wikipedia"": ""de:Deutsche Post AG"", ""ref"": ""Dudenstr. 76, 10965 Berlin""}"
node/2117472730,52.5039373,13.4286872,"{""amenity"": ""post_box"", ""check_date"": ""2026-01-13"", ""check_date:collection_times"": ""2026-01-13"", ""collection_times"": ""Mo-Fr 16:45, Sa 13:45"", ""colour"": ""yellow"", ""operator"": ""Deutsche Post"", ""operator:wikidata"": ""Q157645"", ""operator:wikipedia"": ""de:Deutsche Post AG"", ""post_box:apertures"": ""2"", ""post_box:type"": ""lamp"", ""postal_code"": ""10997"", ""ref"": ""Wrangelstr. 11, 10997 Berlin"", ""support"": ""pole""}"
node/2117472709,52.5024978,13.4310114,"{""amenity"": ""post_box"", ""check_date"": ""2025-08-23"", ""check_date:collection_times"": ""2025-08-23"", ""collection_times"": ""Mo-Fr 14:30; Sa 14:15"", ""colour"": ""yellow"", ""operator"": ""Deutsche Post"", ""operator:wikidata"": ""Q157645"", ""operator:wikipedia"": ""de:Deutsche Post AG"", ""post_box:apertures"": ""2"", ""post_box:type"": ""lamp"", ""postal_code"": ""10997"", ""ref"": ""Pücklerstr. 34, 10997 Berlin"", ""support"": ""pole""}"
node/2123335105,52.5422215,13.3833968,"{""amenity"": ""post_box"", ""check_date"": ""2025-07-10"", ""check_date:collection_times"": ""2023-05-10"", ""collection_times"": ""Mo-Fr 18:00"", ""collection_times:signed"": ""no"", ""operator"": ""PIN AG""}"
node/2214550368,52.5203419,13.2664774,"{""amenity"": ""post_box"", ""collection_times"": ""Mo-Fr 16:00; Sa 13:30"", ""operator"": ""Deutsche Post"", ""operator:wikidata"": ""Q157645"", ""ref"": ""Spandauer Damm 173, 14050 Berlin""}"
node/2131611353,52.5112257,13.4145694,"{""amenity"": ""post_box"", ""check_date"": ""2026-05-04"", ""collection_times"": ""Mo-Fr 17:45; Sa 14:45"", ""direction"": ""185"", ""note"": ""2 nebeneinander"", ""operator"": ""Deutsche Post"", ""operator:wikidata"": ""Q157645"", ""operator:wikipedia"": ""de:Deutsche Post AG"", ""post_box:type"": ""lamp"", ""ref"": ""Köpenicker Str. 96-98, 10179 Berlin""}"
node/2229535553,52.5126003,13.6123234,"{""amenity"": ""post_box"", ""check_date:collection_times"": ""2024-09-01"", ""collection_times"": ""Mo-Fr 14:30, Sa 14:00"", ""operator"": ""Deutsche Post"", ""operator:wikidata"": ""Q157645"", ""operator:wikipedia"": ""de:Deutsche Post AG"", ""ref"": ""Hönower Str. 84, 12623 Berlin""}"
node/2270383012,52.6145294,13.4961497,"{""amenity"": ""post_box"", ""collection_times"": ""Mo-Fr 16:00; Sa 10:45"", ""drive_through"": ""no"", ""operator"": ""Deutsche Post"", ""operator:wikidata"": ""Q157645"", ""ref"": ""Achillesstr. 110, 13125 Berlin""}"
node/2272630010,52.4730116,13.2987242,"{""amenity"": ""post_box"", ""check_date:collection_times"": ""2024-02-12"", ""collection_times"": ""Mo-Fr 13:00,16:00,21:15, Sa 12:30, Su 21:15"", ""operator"": ""Deutsche Post"", ""operator:wikidata"": ""Q157645"", ""operator:wikipedia"": ""de:Deutsche Post AG"", ""ref"": ""Zoppoter Str. 2, 14199 Berlin""}"
node/2294620573,52.4825929,13.3885293,"{""amenity"": ""post_box"", ""check_date:collection_times"": ""2026-01-09"", ""collection_times"": ""Mo-Fr 17:45; Sa 14:45"", ""colour"": ""yellow"", ""material"": ""metal"", ""operator"": ""Deutsche Post"", ""operator:wikidata"": ""Q157645"", ""ref"": ""Platz der Luftbrücke/Flughafen-Hauptplatz, 12101 Berlin"", ""support"": ""pole""}"
node/2298418689,52.5479722,13.3642477,"{""amenity"": ""post_box"", ""check_date:collection_times"": ""2023-11-10"", ""collection_times"": ""Mo-Fr 15:00; Sa 11:00"", ""operator"": ""Deutsche Post"", ""operator:wikidata"": ""Q157645"", ""operator:wikipedia"": ""de:Deutsche Post AG"", ""ref"": ""Prinz-Eugenstr. 19, 13347 Berlin""}"
node/2300358493,52.5106112,13.4328297,"{""access"": ""yes"", ""addr:floor"": ""0"", ""amenity"": ""post_box"", ""check_date"": ""2025-11-24"", ""check_date:collection_times"": ""2025-11-24"", ""collection_times"": ""Mo-Fr 17:30; Sa 14:30; Su 09:00"", ""colour"": ""yellow"", ""covered"": ""yes"", ""indoor"": ""yes"", ""level"": ""0"", ""material"": ""metal"", ""operator"": ""Deutsche Post"", ""operator:wikidata"": ""Q157645"", ""operator:wikipedia"": ""de:Deutsche Post AG"", ""post_box:type"": ""pillar"", ""ref"": ""Koppenstr. 3, 10243 Berlin"", ""support"": ""ground""}"
node/2320116711,52.494803,13.5151008,"{""amenity"": ""post_box"", ""check_date:collection_times"": ""2025-05-03"", ""collection_times"": ""Mo-Fr 16:30, Sa 11:15"", ""operator"": ""Deutsche Post"", ""operator:wikidata"": ""Q157645"", ""operator:wikipedia"": ""de:Deutsche Post AG"", ""ref"": ""Sewanstr. 227-233, 10319 Berlin""}"
node/2295222957,52.4985531,13.4483651,"{""amenity"": ""post_box"", ""check_date"": ""2025-11-14"", ""check_date:collection_times"": ""2025-11-14"", ""collection_times"": ""Mo-Fr 18:00"", ""operator"": ""PIN AG"", ""ref"": ""Schlesische Str. 27, 10997 Berlin""}"
node/2330343955,52.6069114,13.2106048,"{""amenity"": ""post_box"", ""collection_times"": ""Mo-Fr 16:30; Sa 12:00"", ""operator"": ""Deutsche Post"", ""ref"": ""Alt-Heiligensee 70-72, 13503 Berlin""}"
node/2333241913,52.4253179,13.3364997,"{""amenity"": ""post_box"", ""collection_times"": ""Mo-Fr 15:00; Sa 12:30"", ""obstacle:parking"": ""yes"", ""operator"": ""Deutsche Post"", ""operator:wikidata"": ""Q157645"", ""operator:wikipedia"": ""de:Deutsche Post AG"", ""ref"": ""Kurfürstenstr./Dessauer Str., 12249 Berlin""}"
node/2327678665,52.544817,13.4271451,"{""amenity"": ""post_box"", ""collection_times"": ""Mo-Fr 12:00,15:15,17:30,21:15; Sa 12:30; Su 21:15"", ""operator"": ""Deutsche Post"", ""operator:wikidata"": ""Q157645"", ""operator:wikipedia"": ""de:Deutsche Post AG"", ""ref"": ""Prenzlauer Allee 178, 10409 Berlin"", ""wheelchair"": ""yes""}"
node/2334727132,52.4702044,13.429255,"{""amenity"": ""post_box"", ""check_date"": ""2026-08-17"", ""check_date:collection_times"": ""2026-08-17"", ""collection_times"": ""Mo-Fr 17:00; Sa 13:30"", ""colour"": ""yellow"", ""operator"": ""Deutsche Post"", ""operator:wikidata"": ""Q157645"", ""operator:wikipedia"": ""de:Deutsche Post AG"", ""post_box:apertures"": ""1"", ""post_box:type"": ""pillar"", ""postal_code"": ""12051"", ""ref"": ""Warthestr. 73, 12051 Berlin"", ""support"": ""ground""}"
node/2327666853,52.5501448,13.4222778,"{""amenity"": ""post_box"", ""check_date:collection_times"": ""2025-06-30"", ""collection_times"": ""Mo-Fr 17:00; Sa 12:15"", ""operator"": ""Deutsche Post"", ""operator:wikidata"": ""Q157645"", ""operator:wikipedia"": ""de:Deutsche Post AG"", ""ref"": ""Stahlheimer Str. 4, 10439 Berlin""}"
node/2370222723,52.4134485,13.0973416,"{""amenity"": ""post_box"", ""check_date"": ""2021-06-03"", ""collection_times"": ""Mo-Fr 09:00, Sa 09:00"", ""operator"": ""Deutsche Post"", ""operator:wikidata"": ""Q157645"", ""ref"": ""Königstr./Glienicker Brücke 36b, 14109 Berlin""}"
node/2383651025,52.4390055,13.2729329,"{""amenity"": ""post_box"", ""collection_times"": ""Mo-Fr 14:00,16:00,18:00; Sa 13:45"", ""operator"": ""Deutsche Post"", ""operator:wikidata"": ""Q157645"", ""operator:wikipedia"": ""de:Deutsche Post AG"", ""ref"": ""Berliner Str. 51, 14169 Berlin"", ""wheelchair"": ""yes""}"
node/2429162142,52.5675728,13.3291182,"{""amenity"": ""post_box"", ""check_date"": ""2025-03-28"", ""collection_times"": ""Mo-Fr 16:30; Sa 12:00"", ""operator"": ""Deutsche Post"", ""operator:wikidata"": ""Q157645"", ""operator:wikipedia"": ""de:Deutsche Post AG"", ""ref"": ""Ollenhauerstr. 122, 13403 Berlin""}"
node/2462156026,52.5727489,13.2781877,"{""amenity"": ""post_box"", ""collection_times"": ""Mo-Fr 17:30; Sa 13:30"", ""operator"": ""Deutsche Post"", ""operator:wikidata"": ""Q157645"", ""ref"": ""Aschebergerweg 25, 13507 Berlin""}"
node/2440891929,52.5161426,13.4253829,"{""amenity"": ""post_box"", ""check_date:collection_times"": ""2026-01-28"", ""collection_times"": ""Mo-Fr 17:00, Sa 14:00"", ""operator"": ""Deutsche Post"", ""operator:wikidata"": ""Q157645"", ""operator:wikipedia"": ""de:Deutsche Post AG"", ""ref"": ""Singerstr. 109, 10243 Berlin"", ""source"": ""Dakota 20""}"
node/2448414654,52.4599962,13.4173005,"{""amenity"": ""post_box"", ""check_date:collection_times"": ""2022-09-26"", ""collection_times"": ""Mo-Fr 15:00,17:30; Sa 14:45"", ""colour"": ""yellow"", ""drive_through"": ""no"", ""material"": ""metal"", ""operator"": ""Deutsche Post"", ""operator:wikidata"": ""Q157645"", ""operator:wikipedia"": ""de:Deutsche Post AG"", ""post_box:apertures"": ""2"", ""post_box:type"": ""lamp"", ""ref"": ""Gottlieb-Dunkel-Str. 56, 12099 Berlin"", ""support"": ""pole""}"
node/2471309472,52.5139304,13.1749657,"{""amenity"": ""post_box"", ""collection_times"": ""Mo-Fr 16:00; Sa 12:00"", ""operator"": ""Deutsche Post"", ""operator:wikidata"": ""Q157645"", ""operator:wikipedia"": ""de:Deutsche Post AG"", ""ref"": ""Wilhelmstr. 63, 13593 Berlin""}"
node/2440890868,52.5210286,13.4150354,"{""amenity"": ""post_box"", ""check_date"": ""2025-05-01"", ""check_date:collection_times"": ""2025-05-01"", ""collection_times"": ""Mo-Fr 20:00"", ""operator"": ""PIN AG"", ""wheelchair"": ""yes""}"
node/2486524333,52.4580631,13.3324473,"{""amenity"": ""post_box"", ""check_date"": ""2021-06-13"", ""collection_times"": ""Mo-Fr 16:00, Sa 12:45"", ""description"": ""Leerung Mo.-Fr. 16:00h/ Sa. 12:45h"", ""operator"": ""Deutsche Post"", ""operator:wikidata"": ""Q157645"", ""operator:wikipedia"": ""de:Deutsche Post AG"", ""ref"": ""Filandastr./Bergstr., 12169 Berlin""}"
node/2484818605,52.5512936,13.4677543,"{""amenity"": ""post_box"", ""check_date:collection_times"": ""2026-07-19"", ""collection_times"": ""Mo-Fr 13:45,16:15; Sa 12:00"", ""operator"": ""Deutsche Post"", ""operator:wikidata"": ""Q157645"", ""operator:wikipedia"": ""de:Deutsche Post AG"", ""ref"": ""Gartenstr. 1-5, 13088 Berlin""}"
node/2544610578,52.4193498,13.3430153,"{""amenity"": ""post_box"", ""collection_times"": ""Mo-Fr 15:30; Sa 13:15"", ""operator"": ""Deutsche Post"", ""operator:wikidata"": ""Q157645"", ""operator:wikipedia"": ""de:Deutsche Post AG"", ""ref"": ""Apoldaer Str./Sondershauser Str., 12249 Berlin""}"
node/2488139814,52.4963598,13.4347507,"{""amenity"": ""post_box"", ""check_date"": ""2025-05-03"", ""check_date:collection_times"": ""2025-05-03"", ""collection_times"": ""Mo-Fr 17:15; Sa 14:15"", ""operator"": ""Deutsche Post"", ""operator:wikidata"": ""Q157645"", ""operator:wikipedia"": ""de:Deutsche Post AG"", ""post_box:apertures"": ""2"", ""post_box:type"": ""lamp"", ""postal_code"": ""10999"", ""ref"": ""Wiener Str. 33, 10999 Berlin"", ""support"": ""pole""}"
node/2560419318,52.5528075,13.4332472,"{""access"": ""yes"", ""addr:floor"": ""0"", ""amenity"": ""post_box"", ""collection_times"": ""Mo-Fr 15:30; Sa 11:30"", ""colour"": ""yellow"", ""covered"": ""no"", ""drive_through"": ""no"", ""indoor"": ""no"", ""level"": ""0"", ""material"": ""metal"", ""operator"": ""Deutsche Post"", ""operator:wikidata"": ""Q157645"", ""operator:wikipedia"": ""de:Deutsche Post AG"", ""post_box:type"": ""pillar"", ""ref"": ""Streustr. 67,  13088 Berlin"", ""support"": ""ground""}"
node/2574391766,52.4512379,13.3293171,"{""amenity"": ""post_box"", ""collection_times"": ""Mo-Fr 16:30; Sa 13:15"", ""operator"": ""Deutsche Post"", ""operator:wikidata"": ""Q157645"", ""operator:wikipedia"": ""de:Deutsche Post AG"", ""ref"": ""Leydenallee/Klingsorstr., 12167 Berlin""}"
node/2596594620,52.6202208,13.3564455,"{""access"": ""yes"", ""amenity"": ""post_box"", ""collection_times"": ""Mo-Fr 16:00; Sa 13:00"", ""colour"": ""#aa7810"", ""drive_through"": ""no"", ""indoor"": ""no"", ""operator"": ""Deutsche Post"", ""operator:wikidata"": ""Q157645"", ""operator:wikipedia"": ""de:Deutsche Post AG"", ""ref"": ""Alt-Lübars 8, 13469 Berlin"", ""wheelchair"": ""limited""}"
node/2596610313,52.6183662,13.3543398,"{""amenity"": ""post_box"", ""collection_times"": ""Mo-Fr 17:00; Sa 13:00"", ""operator"": ""Deutsche Post"", ""operator:wikidata"": ""Q157645"", ""operator:wikipedia"": ""de:Deutsche Post AG"", ""ref"": ""Alt-Lübars 29a, 13469 Berlin""}"
node/2726887656,52.4847347,13.2741325,"{""amenity"": ""post_box"", ""collection_times"": ""Mo-Fr 16:00; Sa 14:00"", ""operator"": ""Deutsche Post"", ""operator:wikidata"": ""Q157645"", ""operator:wikipedia"": ""de:Deutsche Post AG"", ""ref"": ""Furtwänglerstr./Wernerstr., 14193 Berlin""}"
node/2675474229,52.6410792,13.3999622,"{""amenity"": ""post_box"", ""collection_times"": ""Mo-Sa 09:00"", ""operator"": ""Deutsche Post"", ""operator:wikidata"": ""Q157645"", ""operator:wikipedia"": ""de:Deutsche Post AG"", ""post_box:type"": ""lamp"", ""postal_code"": ""13159"", ""ref"": ""Bauernweg 73, 13159 Berlin""}"
node/2742893064,52.3987538,13.3982262,"{""amenity"": ""post_box"", ""collection_times"": ""Mo-Fr 16:45, Sa 13:00"", ""operator"": ""Deutsche Post"", ""operator:wikidata"": ""Q157645"", ""ref"": ""Grimmstr./Rotenkruger Weg, 12305 Berlin""}"
node/2728342496,52.4862146,13.2754578,"{""amenity"": ""post_box"", ""collection_times"": ""Mo-Fr 13:00,16:00; Sa 14:00"", ""operator"": ""Deutsche Post"", ""operator:wikidata"": ""Q157645"", ""operator:wikipedia"": ""de:Deutsche Post AG"", ""ref"": ""Bismarckallee 24, 14193 Berlin""}"
node/2756088410,52.4354587,13.4353925,"{""amenity"": ""post_box"", ""collection_times"": ""Mo-Fr 15:15,17:00; Sa 14:00"", ""drive_through"": ""no"", ""operator"": ""Deutsche Post"", ""operator:wikidata"": ""Q157645"", ""operator:wikipedia"": ""de:Deutsche Post AG"", ""ref"": ""Buckower Damm/Zimmererweg, 12349 Berlin""}"
node/2824781372,52.6259224,13.2369939,"{""amenity"": ""post_box"", ""collection_times"": ""Mo-Fr 17:00; Sa 12:30"", ""operator"": ""Deutsche Post"", ""operator:wikidata"": ""Q157645"", ""ref"": ""Stolpmünderweg 42, 13503 Berlin""}"
node/2851887197,52.5160749,13.2961552,"{""amenity"": ""post_box"", ""check_date:collection_times"": ""2026-04-11"", ""collection_times"": ""Mo-Fr 16:00; Sa 12:45"", ""operator"": ""Deutsche Post"", ""operator:wikidata"": ""Q157645"", ""operator:wikipedia"": ""de:Deutsche Post AG"", ""ref"": ""Schloßstr. 11, 14059 Berlin""}"
node/2876581201,52.39547,13.162564,"{""amenity"": ""post_box"", ""collection_times"": ""Mo-Sa 09:00; PH closed"", ""last_checked"": ""2022-02-23"", ""operator"": ""Deutsche Post"", ""operator:wikidata"": ""Q157645"", ""ref"": ""Albrechts Teerofen, 14109 Berlin"", ""source"": ""Dakota 20""}"
node/2756495827,52.5244643,13.3926983,"{""access"": ""yes"", ""addr:floor"": ""0"", ""amenity"": ""post_box"", ""check_date"": ""2026-09-04"", ""collection_times"": ""Mo-Fr 17:30, Sa 16:15"", ""colour"": ""yellow"", ""covered"": ""no"", ""indoor"": ""no"", ""level"": ""0"", ""material"": ""steel"", ""operator"": ""Deutsche Post"", ""operator:wikidata"": ""Q157645"", ""operator:wikipedia"": ""de:Deutsche Post AG"", ""post_box:type"": ""pillar"", ""ref"": ""Tucholskystr. 14, 10117 Berlin"", ""source"": ""survey"", ""support"": ""ground"", ""wheelchair"": ""yes""}"
node/2785891799,52.5089819,13.4237704,"{""amenity"": ""post_box"", ""check_date:collection_times"": ""2023-11-20"", ""collection_times"": ""Mo-Fr 15:45,17:30,20:30, Sa 14:30, Su 21:00"", ""operator"": ""Deutsche Post"", ""operator:wikidata"": ""Q157645"", ""operator:wikipedia"": ""de:Deutsche Post AG"", ""ref"": ""Köpenicker Str. 127-129, 10179 Berlin""}"
node/2890025630,52.4734436,13.4512172,"{""amenity"": ""post_box"", ""check_date"": ""2025-01-07"", ""collection_times"": ""Mo-Fr 14:15,16:15; Sa 13:15"", ""drive_through"": ""no"", ""operator"": ""Deutsche Post"", ""operator:wikidata"": ""Q157645"", ""operator:wikipedia"": ""de:Deutsche Post AG"", ""post_box:apertures"": ""2"", ""post_box:type"": ""lamp"", ""postal_code"": ""12055"", ""ref"": ""Schudomastraße 13-14, 12055 Berlin"", ""support"": ""pole""}"
node/2880929628,52.5085062,13.2511369,"{""amenity"": ""post_box"", ""collection_times"": ""Mo-Fr 17:00; Sa 14:15"", ""operator"": ""Deutsche Post"", ""operator:wikidata"": ""Q157645"", ""operator:wikipedia"": ""de:Deutsche Post AG"", ""ref"": ""Pillkaller Allee 1, 14055 Berlin""}"
node/2895083803,52.4782808,13.6091301,"{""amenity"": ""post_box"", ""collection_times"": ""Mo-Fr 16:30; Sa 14:00"", ""operator"": ""Deutsche Post"", ""operator:wikidata"": ""Q157645"", ""ref"": ""Akazienallee 15, 12623 Berlin""}"
node/3012459473,52.5660542,13.2231722,"{""amenity"": ""post_box"", ""collection_times"": ""Mo-Sa 13:00"", ""operator"": ""Deutsche Post"", ""operator:wikidata"": ""Q157645"", ""post_box:type"": ""pillar"", ""ref"": ""Werderstr. 51, 13587 Berlin""}"
node/3011419206,52.5493433,13.5525192,"{""amenity"": ""post_box"", ""collection_times"": ""Mo-Fr 17:00; Sa 14:30"", ""operator"": ""Deutsche Post"", ""operator:wikidata"": ""Q157645"", ""operator:wikipedia"": ""de:Deutsche Post AG"", ""ref"": ""Raoul-Wallenberg-Str./Stolzenhagener Str., 12679 Berlin""}"
node/3012457852,52.5541427,13.2084711,"{""access"": ""yes"", ""amenity"": ""post_box"", ""check_date:collection_times"": ""2024-05-01"", ""collection_times"": ""Mo-Fr 16:00, Sa 13:00"", ""drive_through"": ""no"", ""indoor"": ""no"", ""operator"": ""Deutsche Post"", ""operator:wikidata"": ""Q157645"", ""operator:wikipedia"": ""de:Deutsche Post AG"", ""ref"": ""Havelschanze 3-7, 13587 Berlin"", ""wheelchair"": ""yes""}"
node/3013244128,52.5324761,13.2086103,"{""amenity"": ""post_box"", ""collection_times"": ""Mo-Fr 16:00, Sa 12:00"", ""operator"": ""Deutsche Post"", ""operator:wikidata"": ""Q157645"", ""ref"": ""Freiheit 52, 13597 Berlin""}"
node/3013787340,52.5572409,13.2074932,"{""amenity"": ""post_box"", ""check_date:collection_times"": ""2024-08-14"", ""collection_times"": ""Mo-Fr 12:30,16:00; Sa 13:00"", ""operator"": ""Deutsche Post"", ""operator:wikidata"": ""Q157645"", ""operator:wikipedia"": ""de:Deutsche Post AG"", ""ref"": ""Streitstr. 75, 13587 Berlin"", ""wheelchair"": ""yes""}"
node/3017519651,52.5588612,13.5647754,"{""amenity"": ""post_box"", ""collection_times"": ""Mo-Fr 15:00; Sa 13:15"", ""operator"": ""Deutsche Post"", ""operator:wikidata"": ""Q157645"", ""operator:wikipedia"": ""de:Deutsche Post AG"", ""ref"": ""Schleusinger Str. 14, 12687 Berlin""}"
node/3017758855,52.5499039,13.5618835,"{""amenity"": ""post_box"", ""check_date:collection_times"": ""2024-01-23"", ""collection_times"": ""Mo-Fr 15:15; Sa 14:30"", ""operator"": ""Deutsche Post"", ""operator:wikidata"": ""Q157645"", ""operator:wikipedia"": ""de:Deutsche Post AG"", ""ref"": ""Jan-Petersen-Str./Lea-Grundig-Str., 12679 Berlin""}"
node/2894107086,52.5549116,13.4317435,"{""amenity"": ""post_box"", ""collection_times"": ""Mo-Fr 15:30; Sa 11:30"", ""operator"": ""Deutsche Post"", ""operator:wikidata"": ""Q157645"", ""operator:wikipedia"": ""de:Deutsche Post AG"", ""ref"": ""Heinersdorfer Str. 44/43, 13086 Berlin""}"
node/3064202652,52.4185401,13.3991404,"{""amenity"": ""post_box"", ""collection_times"": ""Mo-Fr 14:00,17:15; Sa 13:45"", ""operator"": ""Deutsche Post"", ""operator:wikidata"": ""Q157645"", ""operator:wikipedia"": ""de:Deutsche Post AG"", ""ref"": ""Mariendorfer Damm 405-407,12107 Berlin""}"
node/3057253964,52.593458,13.4394165,"{""amenity"": ""post_box"", ""check_date"": ""2026-05-10"", ""check_date:collection_times"": ""2026-05-10"", ""collection_times"": ""Mo-Fr 15:00; Sa 12:00"", ""operator"": ""Deutsche Post"", ""operator:wikidata"": ""Q157645"", ""ref"": ""Pankstraße 8-10,13127 Berlin""}"
node/3091582766,52.4092327,13.4005142,"{""amenity"": ""post_box"", ""collection_times"": ""Mo-Fr 17:00; Sa 14:30"", ""operator"": ""Deutsche Post"", ""operator:wikidata"": ""Q157645"", ""operator:wikipedia"": ""de:Deutsche Post AG"", ""ref"": ""Raabestraße 7, 12305 Berlin""}"
node/3101664917,52.4167998,13.1686663,"{""amenity"": ""post_box"", ""check_date"": ""2025-10-18"", ""collection_times"": ""Mo-Fr 16:00, Sa 12:30"", ""operator"": ""Deutsche Post"", ""operator:wikidata"": ""Q157645"", ""ref"": ""Bismarckstraße 22-24, 14109 Berlin""}"
node/3115430287,52.4530103,13.6248097,"{""amenity"": ""post_box"", ""collection_times"": ""Mo-Fr 16:15; Sa 13:00"", ""obstacle:parking"": ""yes"", ""operator"": ""Deutsche Post"", ""operator:wikidata"": ""Q157645"", ""operator:wikipedia"": ""de:Deutsche Post AG"", ""ref"": ""Bölschestr. 96, 12587 Berlin""}"
node/3154413856,52.5309111,13.470828,"{""amenity"": ""post_box"", ""collection_times"": ""Mo-Fr 16:45; Sa 12:00"", ""operator"": ""Deutsche Post"", ""operator:wikidata"": ""Q157645"", ""operator:wikipedia"": ""de:Deutsche Post AG"", ""ref"": ""Landsberger Allee 176, 10369 Berlin""}"
node/3139030580,52.5618496,13.3674358,"{""amenity"": ""post_box"", ""check_date:collection_times"": ""2024-05-06"", ""collection_times"": ""Mo-Fr 16:00; Sa 12:00"", ""operator"": ""Deutsche Post"", ""operator:wikidata"": ""Q157645"", ""operator:wikipedia"": ""de:Deutsche Post AG"", ""ref"": ""Residenzstr. 99, 13409 Berlin""}"
node/3179634949,52.5353233,13.3559628,"{""amenity"": ""post_box"", ""check_date:collection_times"": ""2024-04-27"", ""collection_times"": ""Mo-Fr 17:15; Sa 12:15"", ""operator"": ""Deutsche Post"", ""operator:wikidata"": ""Q157645"", ""operator:wikipedia"": ""de:Deutsche Post AG"", ""ref"": ""Perleberger Str. 4, 10559 Berlin""}"
node/3220151413,52.5246231,13.3056825,"{""amenity"": ""post_box"", ""check_date:collection_times"": ""2026-07-09"", ""collection_times"": ""Mo-Fr 17:30; Sa 14:30"", ""operator"": ""Deutsche Post"", ""operator:wikidata"": ""Q157645"", ""operator:wikipedia"": ""de:Deutsche Post AG"", ""ref"": ""Nordhauser Str. 24, 10589 Berlin""}"
node/3232844066,52.4565832,13.5092993,"{""amenity"": ""post_box"", ""check_date:collection_times"": ""2026-02-21"", ""collection_times"": ""Mo-Fr 17:15; Sa 14:00"", ""operator"": ""Deutsche Post"", ""operator:wikidata"": ""Q157645"", ""operator:wikipedia"": ""de:Deutsche Post AG"", ""ref"": ""Schnellerstr. 21, 12439 Berlin""}"
node/3194910751,52.5691986,13.4001524,"{""amenity"": ""post_box"", ""check_date"": ""2024-12-15"", ""collection_times"": ""Mo-Fr 14:00,17:00, Sa 12:00"", ""operator"": ""Deutsche Post"", ""operator:wikidata"": ""Q157645"", ""operator:wikipedia"": ""de:Deutsche Post AG"", ""ref"": ""Wilhelm-Kuhr-Str. 88, 13187 Berlin""}"
node/3232889529,52.5391449,13.3951892,"{""amenity"": ""post_box"", ""collection_times"": ""Mo-Fr 16:00,21:45; Sa 12:00; Su 21:45"", ""operator"": ""Deutsche Post"", ""operator:wikidata"": ""Q157645"", ""operator:wikipedia"": ""de:Deutsche Post AG"", ""ref"": ""Brunnenstr. 131, 13355 Berlin""}"
node/3232883644,52.5441886,13.3992973,"{""amenity"": ""post_box"", ""check_date:collection_times"": ""2025-11-07"", ""collection_times"": ""Mo-Fr 16:00; Sa 12:00"", ""operator"": ""Deutsche Post"", ""operator:wikidata"": ""Q157645"", ""ref"": ""Graunstr. 8, 13355 Berlin"", ""toilets:wheelchair"": ""no"", ""wheelchair"": ""yes""}"
node/3290386101,52.484567,13.4232412,"{""amenity"": ""post_box"", ""check_date"": ""2022-06-20"", ""collection_times"": ""Mo-Fr 14:45,16:45; Sa 13:15"", ""collection_times:signed"": ""no"", ""operator"": ""Deutsche Post"", ""operator:wikidata"": ""Q157645"", ""operator:wikipedia"": ""de:Deutsche Post AG"", ""post_box:type"": ""lamp"", ""ref"": ""Wissmannstr. 9 12049 Berlin""}"
node/3345545266,52.5212147,13.3282937,"{""amenity"": ""post_box"", ""check_date:collection_times"": ""2022-04-23"", ""collection_times"": ""Mo-Fr 18:00"", ""operator"": ""PIN AG""}"
node/3370094810,52.4801732,13.4506476,"{""amenity"": ""post_box"", ""check_date"": ""2024-12-19"", ""check_date:collection_times"": ""2024-12-19"", ""collection_times"": ""Mo-Fr 14:15,17:30; Sa 14:15"", ""operator"": ""Deutsche Post"", ""operator:wikidata"": ""Q157645"", ""operator:wikipedia"": ""de:Deutsche Post AG"", ""post_box:apertures"": ""2"", ""post_box:type"": ""lamp"", ""postal_code"": ""12059"", ""ref"": ""Treptower Str. / Werrastr., 12059 Berlin"", ""support"": ""pole""}"
node/3378708296,52.4214157,13.1784324,"{""amenity"": ""post_box"", ""check_date:collection_times"": ""2025-03-25"", ""collection_times"": ""Mo-Fr 16:00; Sa 12:30"", ""operator"": ""Deutsche Post"", ""operator:wikidata"": ""Q157645"", ""operator:wikipedia"": ""de:Deutsche Post AG"", ""ref"": ""Kronprinzessinnenweg 251, 14109 Berlin""}"
node/3378738096,52.553033,13.3793411,"{""access"": ""yes"", ""addr:floor"": ""0"", ""amenity"": ""post_box"", ""check_date"": ""2025-05-16"", ""collection_times"": ""Mo-Fr 15:30; Sa 12:00"", ""colour"": ""yellow"", ""covered"": ""no"", ""indoor"": ""no"", ""level"": ""0"", ""material"": ""steel"", ""operator"": ""Deutsche Post"", ""operator:wikidata"": ""Q157645"", ""operator:wikipedia"": ""de:Deutsche Post AG"", ""post_box:type"": ""pillar"", ""ref"": ""Badstr. 34, 13357 Berlin"", ""source"": ""survey"", ""support"": ""ground""}"
node/3385669885,52.4813899,13.5258832,"{""access"": ""yes"", ""addr:floor"": ""0"", ""amenity"": ""post_box"", ""check_date:collection_times"": ""2026-03-28"", ""collection_times"": ""Mo-Fr 17:00; Sa 11:30"", ""colour"": ""yellow"", ""covered"": ""no"", ""drive_through"": ""no"", ""indoor"": ""no"", ""level"": ""0"", ""material"": ""steel"", ""operator"": ""Deutsche Post"", ""operator:wikidata"": ""Q157645"", ""operator:wikipedia"": ""de:Deutsche Post AG"", ""post_box:type"": ""pillar"", ""ref"": ""Stolzenfelsstr. 29, 10318 Berlin"", ""source"": ""survey"", ""support"": ""ground""}"
node/3383037911,52.5327094,13.4132381,"{""access"": ""yes"", ""addr:floor"": ""0"", ""amenity"": ""post_box"", ""check_date:collection_times"": ""2024-03-08"", ""collection_times"": ""Mo-Fr 18:00"", ""colour"": ""green"", ""covered"": ""no"", ""indoor"": ""no"", ""level"": ""0"", ""material"": ""steel"", ""operator"": ""PIN Mail"", ""operator:type"": ""private"", ""operator:wikidata"": ""Q1342288"", ""operator:wikipedia"": ""de:PIN Mail"", ""post_box:type"": ""pillar"", ""source"": ""survey"", ""support"": ""ground""}"
node/3399602431,52.5595284,13.3696356,"{""amenity"": ""post_box"", ""check_date"": ""2021-01-16"", ""collection_times"": ""Mo-Fr 16:00, Sa 12:00"", ""operator"": ""Deutsche Post"", ""operator:wikidata"": ""Q157645"", ""operator:wikipedia"": ""de:Deutsche Post AG"", ""ref"": ""Reginhardstr. 22, 13409 Berlin""}"
node/3400224274,52.5672524,13.4118835,"{""access"": ""yes"", ""amenity"": ""post_box"", ""check_date"": ""2025-11-02"", ""collection_times"": ""Mo-Fr 20:00"", ""colour"": ""green"", ""covered"": ""no"", ""indoor"": ""no"", ""level"": ""0"", ""material"": ""steel"", ""operator"": ""PIN Mail"", ""operator:type"": ""private"", ""operator:wikidata"": ""Q1342288"", ""post_box:type"": ""pillar"", ""source"": ""survey"", ""support"": ""ground""}"
node/3404710436,52.5299354,13.6141673,"{""amenity"": ""post_box"", ""collection_times"": ""Mo-Fr 15:30; Sa 13:30"", ""operator"": ""Deutsche Post"", ""operator:wikidata"": ""Q157645"", ""operator:wikipedia"": ""de:Deutsche Post AG"", ""ref"": ""Jenaerstr./Hermsdorfer Str., 12627 Berlin""}"
node/3404715712,52.5343634,13.6102457,"{""amenity"": ""post_box"", ""collection_times"": ""Mo-Fr 15:30; Sa 13:30"", ""operator"": ""Deutsche Post"", ""operator:wikidata"": ""Q157645"", ""operator:wikipedia"": ""de:Deutsche Post AG"", ""ref"": ""Mark-Twain-Str./Martin-Riesenburger-Str., 12627 Berlin""}"
node/3438872993,52.5348944,13.591602,"{""access"": ""yes"", ""addr:floor"": ""0"", ""amenity"": ""post_box"", ""check_date:collection_times"": ""2025-07-15"", ""collection_times"": ""Mo-Fr 15:45; Sa 13:00"", ""colour"": ""yellow"", ""covered"": ""no"", ""indoor"": ""no"", ""level"": ""0"", ""material"": ""metal"", ""operator"": ""Deutsche Post"", ""operator:wikidata"": ""Q157645"", ""operator:wikipedia"": ""de:Deutsche Post AG"", ""post_box:type"": ""pillar"", ""ref"": ""Alte Hellersdorfer Str. / Spremberger Str., 12629 Berlin"", ""support"": ""pole""}"
node/3403955973,52.5199409,13.3884697,"{""amenity"": ""post_box"", ""check_date"": ""2025-07-05"", ""check_date:collection_times"": ""2025-07-05"", ""collection_times"": ""Mo-Fr 18:30; Sa 16:00; Su 09:00"", ""indoor"": ""no"", ""operator"": ""PIN AG"", ""ref"": ""Friedrichstr. 98, 10117 Berlin""}"
node/3442446809,52.5704452,13.1962906,"{""amenity"": ""post_box"", ""collection_times"": ""Mo-Fr 16:00; Sa 13:00"", ""note"": ""2 räumlich getrennte Briefkästen auf dem Gelände mit gleicher ref"", ""operator"": ""Deutsche Post"", ""operator:wikidata"": ""Q157645"", ""ref"": ""Schönwalder Allee 26, 13587 Berlin""}"
node/3508811765,52.4607115,13.3700605,"{""amenity"": ""post_box"", ""check_date"": ""2025-09-10"", ""check_date:collection_times"": ""2025-09-10"", ""collection_times"": ""Mo-Fr 17:30; Sa 14:30"", ""colour"": ""yellow"", ""drive_through"": ""no"", ""material"": ""metal"", ""operator"": ""Deutsche Post"", ""operator:wikidata"": ""Q157645"", ""operator:wikipedia"": ""de:Deutsche Post AG"", ""ref"": ""Kaiserin-Augusta-Str./Alboinstr., 12103 Berlin"", ""support"": ""pole""}"
node/3442711112,52.4931321,13.4393124,"{""amenity"": ""post_box"", ""check_date"": ""2025-10-14"", ""check_date:collection_times"": ""2025-10-14"", ""collection_times"": ""Mo-Fr 17:15; Sa 14:15"", ""colour"": ""yellow"", ""operator"": ""Deutsche Post"", ""operator:wikidata"": ""Q157645"", ""operator:wikipedia"": ""de:Deutsche Post AG"", ""post_box:apertures"": ""2"", ""post_box:type"": ""lamp"", ""postal_code"": ""10999"", ""ref"": ""Ratiborstr. 7, 10999 Berlin"", ""support"": ""pole""}"
node/3508811768,52.465706,13.3700556,"{""amenity"": ""post_box"", ""check_date:collection_times"": ""2024-11-08"", ""collection_times"": ""Mo-Fr 14:00,17:45; Sa 14:15"", ""operator"": ""Deutsche Post"", ""operator:wikidata"": ""Q157645"", ""operator:wikipedia"": ""de:Deutsche Post AG"", ""ref"": ""Alboinstr. 36-42, 12103 Berlin""}"
node/3508811769,52.4689003,13.3739928,"{""amenity"": ""post_box"", ""check_date"": ""2026-06-11"", ""check_date:collection_times"": ""2026-06-11"", ""collection_times"": ""Mo-Fr 17:00; Sa 14:15; Su,PH off"", ""colour"": ""#e2a300"", ""material"": ""metal"", ""operator"": ""Deutsche Post"", ""operator:wikidata"": ""Q157645"", ""operator:wikipedia"": ""de:Deutsche Post AG"", ""post_box:type"": ""pillar"", ""ref"": ""Schöneberger Str./Ringbahnstr., 12103 Berlin"", ""support"": ""ground""}"
node/3621440651,52.6054823,13.2235075,"{""amenity"": ""post_box"", ""collection_times"": ""Mo-Fr 17:00; Sa 14:00"", ""obstacle:parking"": ""yes"", ""operator"": ""Deutsche Post"", ""operator:wikidata"": ""Q157645"", ""ref"": ""Wesselburer Weg 4, 13503 Berlin""}"
node/3608884082,52.5025688,13.3435879,"{""amenity"": ""post_box"", ""check_date"": ""2025-09-15"", ""check_date:collection_times"": ""2023-11-13"", ""collection_times"": ""Mo-Fr 18:00"", ""indoor"": ""no"", ""operator"": ""PIN Mail"", ""operator:type"": ""private"", ""operator:wikidata"": ""Q1342288"", ""ref"": ""Wittenbergplatz, Berlin""}"
node/3627777118,52.5419158,13.2054421,"{""amenity"": ""post_box"", ""check_date:collection_times"": ""2026-09-17"", ""collection_times"": ""Mo-Fr 16:00; Sa 13:00"", ""operator"": ""Deutsche Post"", ""operator:wikidata"": ""Q157645"", ""operator:wikipedia"": ""de:Deutsche Post AG"", ""ref"": ""Neuendorfer Str. 105, 13585 Berlin"", ""wheelchair"": ""yes""}"
node/3640000655,52.548535,13.3492,"{""amenity"": ""post_box"", ""check_date"": ""2026-08-26"", ""check_date:collection_times"": ""2026-08-26"", ""collection_times"": ""Mo-Fr 16:00; Sa 12:00"", ""operator"": ""Deutsche Post"", ""operator:wikidata"": ""Q157645"", ""operator:wikipedia"": ""de:Deutsche Post AG"", ""ref"": ""Antwerpenerstr. 50, 13353 Berlin""}"
node/3647464057,52.5654689,13.4031747,"{""amenity"": ""post_box"", ""check_date"": ""2026-09-01"", ""check_date:collection_times"": ""2026-09-01"", ""collection_times"": ""Mo-Fr 15:30; Sa 12:00"", ""operator"": ""Deutsche Post"", ""operator:wikidata"": ""Q157645"", ""operator:wikipedia"": ""de:Deutsche Post AG""}"
node/3648874219,52.5660143,13.3516301,"{""amenity"": ""post_box"", ""check_date"": ""2021-05-15"", ""check_date:collection_times"": ""2023-09-23"", ""collection_times"": ""Mo-Fr 16:00, Sa 11:30"", ""direction"": ""75"", ""operator"": ""Deutsche Post"", ""operator:wikidata"": ""Q157645"", ""operator:wikipedia"": ""de:Deutsche Post AG"", ""ref"": ""Aroser Allee 107, 13407 Berlin""}"
node/3666951539,52.5608598,13.4224205,"{""amenity"": ""post_box"", ""brand"": ""Pin Mail"", ""check_date:collection_times"": ""2023-07-26"", ""collection_times"": ""Mo-Fr 18:00"", ""collection_times:signed"": ""no"", ""drive_through"": ""no"", ""operator"": ""PIN Mail"", ""operator:type"": ""private"", ""operator:wikidata"": ""Q1342288"", ""operator:wikipedia"": ""de:PIN Mail""}"
node/3666951538,52.5607902,13.422287,"{""amenity"": ""post_box"", ""check_date:collection_times"": ""2025-11-09"", ""collection_times"": ""Mo-Fr 15:30; Sa 12:00"", ""drive_through"": ""no"", ""note"": ""Briefzentrum: BZ13 Walter-Kleinow-Ring 8 16761 Hennigsdorf"", ""operator"": ""Deutsche Post"", ""operator:wikidata"": ""Q157645"", ""operator:wikipedia"": ""de:Deutsche Post AG"", ""ref"": ""Neumannstraße 13, 13189 Berlin""}"
node/3657597827,52.5145096,13.3893322,"{""amenity"": ""post_box"", ""check_date"": ""2026-02-03"", ""collection_times"": ""Mo-Fr 18:00"", ""colour"": ""green"", ""operator"": ""PIN AG"", ""post_box:type"": ""pillar"", ""postal_code"": ""10117"", ""ref"": ""Friedrichstraße 78, 10117 Berlin""}"
node/3763348872,52.5152309,13.4608697,"{""amenity"": ""post_box"", ""brand"": ""pin"", ""check_date"": ""2024-09-06"", ""check_date:collection_times"": ""2024-09-06"", ""collection_times"": ""Mo-Fr 20:00"", ""collection_times:signed"": ""no"", ""operator"": ""PIN Mail"", ""operator:type"": ""private"", ""operator:wikidata"": ""Q1342288"", ""operator:wikipedia"": ""de:PIN Mail""}"
node/3781198546,52.5000664,13.3754924,"{""amenity"": ""post_box"", ""check_date"": ""2026-07-21"", ""collection_times"": ""Mo-Fr 18:45; Sa 14:15; Su off"", ""colour"": ""yellow"", ""drive_through"": ""no"", ""operator"": ""Deutsche Post"", ""operator:wikidata"": ""Q157645"", ""operator:wikipedia"": ""de:Deutsche Post AG"", ""post_box:apertures"": ""2"", ""post_box:type"": ""lamp"", ""ref"": ""Luckenwalder Str. 4-6, 10963 Berlin"", ""support"": ""pole""}"
node/3812785560,52.5324565,13.4320314,"{""amenity"": ""post_box"", ""collection_times"": ""Sa 12:00; Mo-Fr 16:45"", ""operator"": ""Deutsche Post"", ""operator:wikidata"": ""Q157645"", ""operator:wikipedia"": ""de:Deutsche Post AG"", ""ref"": ""Esmarchstr. 8, 10407 Berlin""}"
node/3805490085,52.5487302,13.3406522,"{""amenity"": ""post_box"", ""collection_times"": ""Mo-Fr 15:45; Sa 11:45"", ""last_checked"": ""2020-06-28"", ""operator"": ""Deutsche Post"", ""operator:wikidata"": ""Q157645"", ""operator:wikipedia"": ""de:Deutsche Post AG"", ""ref"": ""Afrikanische Str. 33, 13351 Berlin""}"
node/3734954306,52.5298475,13.3920374,"{""amenity"": ""post_box"", ""check_date"": ""2025-11-16"", ""check_date:collection_times"": ""2025-11-16"", ""collection_times"": ""Mo-Fr 17:15; Sa 14:15"", ""operator"": ""Deutsche Post"", ""operator:wikidata"": ""Q157645"", ""operator:wikipedia"": ""de:Deutsche Post AG"", ""postal_code"": ""10115"", ""ref"": ""Gartenstr. 105-106, 10115 Berlin""}"
node/3880652851,52.4840205,13.428933,"{""amenity"": ""post_box"", ""check_date"": ""2020-10-30"", ""collection_times"": ""Mo-Fr 14:00,16:45; Sa 14:15"", ""operator"": ""Deutsche Post"", ""operator:wikidata"": ""Q157645"", ""operator:wikipedia"": ""de:Deutsche Post AG"", ""ref"": ""Reuterstr./Karl-Marx-Str., 12053 Berlin""}"
node/3881502859,52.4272646,13.4471497,"{""amenity"": ""post_box"", ""check_date:collection_times"": ""2024-10-03"", ""collection_times"": ""Mo-Fr 17:15; Sa 13:00"", ""operator"": ""Deutsche Post"", ""operator:wikidata"": ""Q157645"", ""operator:wikipedia"": ""de:Deutsche Post AG"", ""ref"": ""Johannisthaler Chaussee/Tischlerzeile, 12351 Berlin""}"
node/3883500942,52.4348116,13.4880325,"{""amenity"": ""post_box"", ""check_date"": ""2021-06-15"", ""collection_times"": ""Mo-Fr 15:15,16:45; Sa 13:45"", ""operator"": ""Deutsche Post"", ""operator:wikidata"": ""Q157645"", ""operator:wikipedia"": ""de:Deutsche Post AG"", ""post_box:apertures"": ""2"", ""post_box:type"": ""lamp"", ""postal_code"": ""12357"", ""ref"": ""Seidelbastweg/Flurweg, 12357 Berlin"", ""support"": ""pole""}"
node/3883501041,52.4525348,13.4462803,"{""amenity"": ""post_box"", ""check_date"": ""2026-04-07"", ""check_date:collection_times"": ""2026-04-07"", ""collection_times"": ""Mo-Fr 17:00; Sa 15:15"", ""colour"": ""yellow"", ""operator"": ""Deutsche Post"", ""operator:wikidata"": ""Q157645"", ""operator:wikipedia"": ""de:Deutsche Post AG"", ""post_box:apertures"": ""2"", ""post_box:type"": ""lamp"", ""postal_code"": ""12359"", ""ref"": ""Blaschkoallee 32-46, 12359 Berlin"", ""support"": ""wall_mounted""}"
node/3884823999,52.4409409,13.3914786,"{""amenity"": ""post_box"", ""check_date"": ""2025-04-29"", ""check_date:collection_times"": ""2025-04-29"", ""collection_times"": ""Mo-Fr 17:00; Sa 14:00"", ""operator"": ""Deutsche Post"", ""operator:wikidata"": ""Q157645"", ""operator:wikipedia"": ""de:Deutsche Post AG"", ""post_box:apertures"": ""1"", ""post_box:type"": ""pillar"", ""ref"": ""Alt-Mariendorf 16, 12107 Berlin"", ""support"": ""ground""}"
node/3890748405,52.4428888,13.6860109,"{""amenity"": ""post_box"", ""check_date:collection_times"": ""2025-05-31"", ""collection_times"": ""Mo-Fr 16:30, Sa 12:15"", ""operator"": ""Deutsche Post"", ""operator:wikidata"": ""Q157645"", ""ref"": ""Fürstenwalder Allee 1, 12589 Berlin""}"
node/3917221921,52.440283,13.3123781,"{""amenity"": ""post_box"", ""collection_times"": ""Mo-Fr 13:30,16:00; Sa 13:30"", ""operator"": ""Deutsche Post"", ""operator:wikidata"": ""Q157645"", ""operator:wikipedia"": ""de:Deutsche Post AG"", ""ref"": ""Dürerstr. 7a, 12203 Berlin""}"
node/3919438310,52.4371373,13.3079204,"{""amenity"": ""post_box"", ""check_date:collection_times"": ""2024-09-06"", ""collection_times"": ""Mo-Fr 15:45; Sa 13:00"", ""operator"": ""Deutsche Post"", ""operator:wikidata"": ""Q157645"", ""operator:wikipedia"": ""de:Deutsche Post AG"", ""ref"": ""Ringstr./Söhtstr., 12203 Berlin""}"
node/3918277357,52.4432236,13.3351492,"{""amenity"": ""post_box"", ""collection_times"": ""Mo-Fr 16:00; Sa 12:30"", ""operator"": ""Deutsche Post"", ""operator:wikidata"": ""Q157645"", ""operator:wikipedia"": ""de:Deutsche Post AG"", ""ref"": ""Siemensstr./Nicolaistr., 12247 Berlin""}"
node/3939590758,52.5365962,13.2968904,"{""amenity"": ""post_box"", ""check_date:collection_times"": ""2026-06-28"", ""collection_times"": ""Mo-Fr 16:00; Sa 12:00"", ""operator"": ""Deutsche Post"", ""operator:wikidata"": ""Q157645"", ""operator:wikipedia"": ""de:Deutsche Post AG"", ""ref"": ""Klausingring 33, 13627 Berlin""}"
node/3956288021,52.4694163,13.331956,"{""amenity"": ""post_box"", ""collection_times"": ""Mo-Fr 14:00, Sa 12:30, Mo-Fr 15:30"", ""operator"": ""Deutsche Post"", ""operator:wikidata"": ""Q157645"", ""operator:wikipedia"": ""de:Deutsche Post AG"", ""ref"": ""Schmiljanstr. 18, 12161 Berlin""}"
node/3964399103,52.4745,13.3282044,"{""amenity"": ""post_box"", ""check_date"": ""2025-01-26"", ""collection_times"": ""Mo-Fr 14:00, Sa 13:00, Mo-Fr 15:45"", ""operator"": ""Deutsche Post"", ""operator:wikidata"": ""Q157645"", ""operator:wikipedia"": ""de:Deutsche Post AG"", ""post_box:apertures"": ""2"", ""post_box:type"": ""lamp"", ""postal_code"": ""12161"", ""ref"": ""Bundesallee/Bachestr., 12161 Berlin""}"
node/4004265273,52.4797881,13.5905109,"{""amenity"": ""post_box"", ""collection_times"": ""Mo-Fr 16:30; Sa 14:00"", ""operator"": ""Deutsche Post"", ""operator:wikidata"": ""Q157645"", ""ref"": ""Kohlisstr. 35a, 12623 Berlin""}"
node/3969069723,52.5446529,13.4297814,"{""amenity"": ""post_box"", ""check_date:collection_times"": ""2026-07-31"", ""collection_times"": ""Mo-Fr 17:15; Sa 12:15"", ""operator"": ""Deutsche Post"", ""operator:wikidata"": ""Q157645"", ""operator:wikipedia"": ""de:Deutsche Post AG"", ""postal_code"": ""10409"", ""ref"": ""Grellstr. 7, 10409 Berlin""}"
node/4004265288,52.4848612,13.5813725,"{""amenity"": ""post_box"", ""collection_times"": ""Mo-Fr 16:30; Sa 13:45"", ""operator"": ""Deutsche Post"", ""operator:wikidata"": ""Q157645"", ""operator:wikipedia"": ""de:Deutsche Post AG"", ""ref"": ""Ulmenstr./Eichenstr., 12621 Berlin""}"
node/4004265620,52.5162287,13.527215,"{""amenity"": ""post_box"", ""collection_times"": ""Mo-Fr 14:30; Sa 13:15"", ""operator"": ""Deutsche Post"", ""operator:wikidata"": ""Q157645"", ""operator:wikipedia"": ""de:Deutsche Post AG"", ""ref"": ""Beilsteiner Str./Marzahner Chaussee, 12681 Berlin""}"
node/4010264752,52.5348104,13.6232248,"{""amenity"": ""post_box"", ""collection_times"": ""Mo-Fr 15:45; Sa 13:45"", ""drive_through"": ""no"", ""operator"": ""Deutsche Post"", ""operator:wikidata"": ""Q157645"", ""ref"": ""Louis-Lewin-Str./Forsterstr., 12627 Berlin""}"
node/4026176948,52.4843846,13.3848461,"{""amenity"": ""post_box"", ""check_date"": ""2025-10-24"", ""check_date:collection_times"": ""2025-10-24"", ""collection_times"": ""Mo-Fr 18:00"", ""colour"": ""green"", ""operator"": ""PIN Mail"", ""operator:type"": ""private"", ""operator:wikidata"": ""Q1342288"", ""operator:wikipedia"": ""de:PIN Mail"", ""post_box:type"": ""pillar""}"
node/4036636487,52.5935129,13.4396639,"{""amenity"": ""post_box"", ""brand"": ""PIN AG"", ""check_date"": ""2026-05-11"", ""check_date:collection_times"": ""2024-06-13"", ""collection_times"": ""Mo-Fr 13:30,15:00; Sa 12:00"", ""operator"": ""PIN AG""}"
node/4083044551,52.4645921,13.4859881,"{""amenity"": ""post_box"", ""collection_times"": ""Mo-Fr 14:30,16:15; Sa 13:15"", ""note"": ""ja, wirklich 2 Briefkästen in direkter Nähe"", ""operator"": ""Deutsche Post"", ""operator:wikidata"": ""Q157645"", ""operator:wikipedia"": ""de:Deutsche Post AG"", ""ref"": ""Baumschulenstr. 27, 12437 Berlin"", ""wheelchair"": ""yes""}"
node/4097937043,52.5696034,13.1988184,"{""amenity"": ""post_box"", ""collection_times"": ""Mo-Fr 16:00; Sa 13:00"", ""note"": ""2 räumlich getrennte Briefkästen auf dem Gelände mit gleicher ref"", ""operator"": ""Deutsche Post"", ""operator:wikidata"": ""Q157645"", ""ref"": ""Schönwalder Allee 26, 13587 Berlin""}"
node/4100092491,52.5321837,13.6096977,"{""amenity"": ""post_box"", ""collection_times"": ""Mo-Fr 15:30; Sa 13:30"", ""operator"": ""Deutsche Post"", ""operator:wikidata"": ""Q157645"", ""operator:wikipedia"": ""de:Deutsche Post AG"", ""ref"": ""Nossener Str. 9, 12627 Berlin""}"
node/4121141201,52.604339,13.3262013,"{""amenity"": ""post_box"", ""collection_times"": ""Mo-Fr 17:00; Sa 12:30"", ""operator"": ""Deutsche Post"", ""operator:wikidata"": ""Q157645"", ""ref"": ""Hermsdorfer Str. 47, 13437 Berlin""}"
node/4125940246,52.5600438,13.1974236,"{""amenity"": ""post_box"", ""check_date:collection_times"": ""2023-09-02"", ""collection_times"": ""Mo-Fr 16:00; Sa 13:00"", ""operator"": ""Deutsche Post"", ""operator:wikidata"": ""Q157645"", ""operator:wikipedia"": ""de:Deutsche Post AG"", ""ref"": ""Schönwalder Allee 58, 13587 Berlin""}"
node/4126223772,52.5331525,13.1629052,"{""amenity"": ""post_box"", ""check_date:collection_times"": ""2026-04-27"", ""collection_times"": ""Mo-Fr 16:00; Sa 13:00"", ""operator"": ""Deutsche Post"", ""operator:wikidata"": ""Q157645"", ""operator:wikipedia"": ""de:Deutsche Post AG"", ""ref"": ""Brunsbütteler Damm 229, 13581 Berlin""}"
node/4152700904,52.5316343,13.4404675,"{""amenity"": ""post_box"", ""check_date:collection_times"": ""2025-03-15"", ""collection_times"": ""Mo-Fr 16:45; Sa 12:00"", ""operator"": ""Deutsche Post"", ""operator:wikidata"": ""Q157645"", ""operator:wikipedia"": ""de:Deutsche Post AG"", ""ref"": ""Kniprodestr. 114, 10407 Berlin""}"
node/4208728948,52.4788488,13.4417911,"{""amenity"": ""post_box"", ""check_date"": ""2026-09-16"", ""check_date:collection_times"": ""2026-09-16"", ""collection_times"": ""Mo-Fr 16:15; Sa 14:15"", ""colour"": ""yellow"", ""operator"": ""Deutsche Post"", ""operator:wikidata"": ""Q157645"", ""operator:wikipedia"": ""de:Deutsche Post AG"", ""post_box:apertures"": ""2"", ""post_box:type"": ""lamp"", ""postal_code"": ""12043"", ""ref"": ""Donaustr. 83, 12043 Berlin"", ""support"": ""pole""}"
node/4197433136,52.516598,13.4064143,"{""amenity"": ""post_box"", ""check_date"": ""2025-04-28"", ""check_date:collection_times"": ""2025-04-28"", ""collection_times"": ""Mo-Fr 17:00; Sa 16:00"", ""operator"": ""Deutsche Post"", ""operator:wikidata"": ""Q157645"", ""operator:wikipedia"": ""de:Deutsche Post AG"", ""ref"": ""Propststr. 11, 10178 Berlin""}"
node/4200225431,52.5650357,13.4450503,"{""amenity"": ""post_box"", ""check_date:collection_times"": ""2026-07-20"", ""collection_times"": ""Mo-Fr 16:00; Sa 12:00"", ""operator"": ""Deutsche Post"", ""operator:wikidata"": ""Q157645"", ""operator:wikipedia"": ""de:Deutsche Post AG"", ""ref"": ""Romain-Rolland-Str. 25, 13089 Berlin""}"
node/4219865868,52.4355873,13.223978,"{""amenity"": ""post_box"", ""collection_times"": ""Mo-Fr 16:00; Sa 13:45"", ""last_checked"": ""2016-06-01"", ""operator"": ""Deutsche Post"", ""operator:wikidata"": ""Q157645"", ""ref"": ""Dubrowstr. 33, 14129 Berlin""}"
node/4209765793,52.4204083,13.1675531,"{""amenity"": ""post_box"", ""check_date"": ""2026-05-18"", ""check_date:collection_times"": ""2026-05-18"", ""collection_times"": ""Mo-Fr 16:00; Sa 12:30"", ""operator"": ""Deutsche Post"", ""operator:wikidata"": ""Q157645"", ""population"": ""14109"", ""ref"": ""Königstr. 67, 14109 Berlin""}"
node/4230799121,52.4313136,13.2193331,"{""amenity"": ""post_box"", ""check_date"": ""2025-11-22"", ""check_date:collection_times"": ""2025-11-22"", ""collection_times"": ""Mo-Fr 16:45; Sa 11:30"", ""operator"": ""Deutsche Post"", ""operator:wikidata"": ""Q157645"", ""ref"": ""Spanische Allee 10-14, 14129 Berlin""}"
node/4244401066,52.4115783,13.1364154,"{""amenity"": ""post_box"", ""collection_times"": ""Mo-Fr 16:00; Sa 11:00"", ""last_checked"": ""2016-06-15"", ""operator"": ""Deutsche Post"", ""ref"": ""Schäferstr., 14109 Berlin""}"
node/4253119634,52.4336906,13.1912936,"{""amenity"": ""post_box"", ""check_date"": ""2022-05-11"", ""collection_times"": ""Mo-Fr 16:00; Sa 11:30"", ""operator"": ""Deutsche Post"", ""operator:wikidata"": ""Q157645"", ""ref"": ""Spanische Allee 177, 14129 Berlin""}"
node/4253157003,52.4198568,13.1596972,"{""amenity"": ""post_box"", ""brand"": ""pin"", ""check_date"": ""2024-10-17"", ""check_date:collection_times"": ""2024-10-17"", ""collection_times"": ""Mo-Fr 18:00"", ""operator"": ""PIN Mail"", ""operator:type"": ""private"", ""operator:wikidata"": ""Q1342288"", ""operator:wikipedia"": ""de:PIN Mail"", ""ref"": ""Königstr. 14, 14109 Berlin""}"
node/4266394578,52.4352091,13.2588644,"{""amenity"": ""post_box"", ""check_date"": ""2026-07-14"", ""check_date:collection_times"": ""2026-07-14"", ""collection_times"": ""Mo-Fr 16:00; Sa 13:45"", ""operator"": ""Deutsche Post"", ""operator:wikidata"": ""Q157645"", ""operator:wikipedia"": ""de:Deutsche Post AG"", ""ref"": ""Potsdamer Str. 51, 14163 Berlin""}"
node/4281939059,52.4613967,13.4455249,"{""amenity"": ""post_box"", ""check_date"": ""2020-06-28"", ""collection_times"": ""Mo-Fr 15:15,17:00; Sa 15:00"", ""colour"": ""yellow"", ""drive_through"": ""no"", ""material"": ""metal"", ""operator"": ""Deutsche Post"", ""operator:wikidata"": ""Q157645"", ""operator:wikipedia"": ""de:Deutsche Post AG"", ""post_box:apertures"": ""1"", ""post_box:type"": ""pillar"", ""postal_code"": ""12347"", ""ref"": ""Jahnstr./Buschkrugallee, 12347 Berlin"", ""support"": ""ground"", ""wheelchair"": ""yes""}"
node/4331477042,52.4511544,13.247667,"{""amenity"": ""post_box"", ""check_date:collection_times"": ""2024-10-12"", ""collection_times"": ""Mo-Fr 17:00; Sa 14:15"", ""operator"": ""Deutsche Post"", ""operator:wikidata"": ""Q157645"", ""operator:wikipedia"": ""de:Deutsche Post AG"", ""ref"": ""Eschershauser Weg 19, 14163 Berlin""}"
node/4330886390,52.4558236,13.5100454,"{""amenity"": ""post_box"", ""check_date:collection_times"": ""2026-06-24"", ""collection_times"": ""Mo-Fr 18:00"", ""operator"": ""PIN AG""}"
node/4330404091,52.4614723,13.5170186,"{""amenity"": ""post_box"", ""check_date:collection_times"": ""2025-05-06"", ""collection_times"": ""Mo-Fr 18:00"", ""indoor"": ""no"", ""operator"": ""PIN Mail"", ""operator:type"": ""private"", ""operator:wikidata"": ""Q1342288""}"
node/4342943794,52.5162264,13.5964744,"{""amenity"": ""post_box"", ""collection_times"": ""Mo-Fr 16:45; Sa 14:00"", ""operator"": ""Deutsche Post"", ""operator:wikidata"": ""Q157645"", ""operator:wikipedia"": ""de:Deutsche Post AG"", ""ref"": ""Giesestr./Zanderstr., 12621 Berlin""}"
node/4438443856,52.4525998,13.6370557,"{""access"": ""yes"", ""amenity"": ""post_box"", ""check_date"": ""2025-09-26"", ""check_date:collection_times"": ""2025-09-26"", ""collection_times"": ""Mo-Fr 16:45; Sa 13:15"", ""indoor"": ""no"", ""name"": ""Werlseestr. 47, 12587 Berlin"", ""operator"": ""Deutsche Post"", ""operator:wikidata"": ""Q157645"", ""operator:wikipedia"": ""de:Deutsche Post AG""}"
node/4423325729,52.4148315,13.6582768,"{""amenity"": ""post_box"", ""check_date:collection_times"": ""2026-08-06"", ""collection_times"": ""Mo-Fr 17:00; Sa 12:30"", ""operator"": ""Deutsche Post"", ""operator:wikidata"": ""Q157645"", ""ref"": ""Müggelheimer Damm 233-235, 12559 Berlin""}"
node/4512681317,52.5373123,13.5208601,"{""amenity"": ""post_box"", ""collection_times"": ""Mo-Fr 14:00; Sa 11:45"", ""operator"": ""Deutsche Post"", ""operator:wikidata"": ""Q157645"", ""operator:wikipedia"": ""de:Deutsche Post AG"", ""ref"": ""Dingelstädter Str. 74, 13053 Berlin""}"
node/4549365490,52.4978988,13.5123732,"{""amenity"": ""post_box"", ""check_date:collection_times"": ""2025-07-14"", ""collection_times"": ""Mo-Fr 16:30; Sa 11:00"", ""operator"": ""Deutsche Post"", ""operator:wikidata"": ""Q157645"", ""operator:wikipedia"": ""de:Deutsche Post AG"", ""ref"": ""Balatonstr. 32, 10319 Berlin""}"
node/4526778741,52.5257435,13.3685757,"{""amenity"": ""post_box"", ""brand"": ""Pin Mail AG"", ""check_date"": ""2025-04-09"", ""check_date:collection_times"": ""2025-04-09"", ""collection_times"": ""Mo-Fr 20:00"", ""operator"": ""PIN Mail"", ""operator:type"": ""private"", ""operator:wikidata"": ""Q1342288"", ""postal_code"": ""10557"", ""ref"": ""Europaplatz 1, 10557 Berlin""}"
node/4563737167,52.4442458,13.2405487,"{""amenity"": ""post_box"", ""collection_times"": ""Mo-Fr 13:00,17:00; Sa 14:00"", ""last_checked"": ""2016-12-19"", ""operator"": ""Deutsche Post"", ""operator:wikidata"": ""Q157645"", ""operator:wikipedia"": ""de:Deutsche Post AG"", ""ref"": ""Argentinische Allee 40, 14163 Berlin""}"
node/4563765615,52.4368892,13.2621086,"{""amenity"": ""post_box"", ""check_date"": ""2024-08-17"", ""check_date:collection_times"": ""2024-08-17"", ""collection_times"": ""Mo-Fr 16:00; Sa 13:45"", ""operator"": ""Deutsche Post"", ""operator:wikidata"": ""Q157645"", ""operator:wikipedia"": ""de:Deutsche Post AG"", ""ref"": ""Clayallee 336, 14169 Berlin""}"
node/4565020756,52.4063178,13.6578329,"{""amenity"": ""post_box"", ""collection_times"": ""Mo-Fr 17:00; Sa 13:45"", ""operator"": ""Deutsche Post"", ""operator:wikidata"": ""Q157645"", ""ref"": ""Krampenburger Weg/Hallgarter Steig, 12559 Berlin""}"
node/4639638215,52.5263149,13.5051964,"{""amenity"": ""post_box"", ""check_date:collection_times"": ""2024-10-06"", ""collection_times"": ""Mo-Fr 17:00, Sa 11:45"", ""operator"": ""Deutsche Post"", ""operator:wikidata"": ""Q157645"", ""operator:wikipedia"": ""de:Deutsche Post AG"", ""ref"": ""Herzbergstr. 79, 10365 Berlin""}"
node/4641984397,52.5071313,13.5119557,"{""amenity"": ""post_box"", ""collection_times"": ""Mo-Fr 16:30; Sa 12:00"", ""operator"": ""Deutsche Post"", ""operator:wikidata"": ""Q157645"", ""operator:wikipedia"": ""de:Deutsche Post AG"", ""ref"": ""Massower Str. 2, 10315 Berlin""}"
node/4680608495,52.3988198,13.4101643,"{""amenity"": ""post_box"", ""collection_times"": ""Mo-Fr 14:30,16:45; Sa 14:30"", ""operator"": ""Deutsche Post"", ""operator:wikidata"": ""Q157645"", ""ref"": ""Alt-Lichtenrade/Töpchiner Weg, 12309 Berlin""}"
node/4715101223,52.6080177,13.3209335,"{""amenity"": ""post_box"", ""check_date:collection_times"": ""2025-02-03"", ""collection_times"": ""Mo-Fr 18:00"", ""operator"": ""Pin AG""}"
node/4722071969,52.504496,13.4679284,"{""access"": ""yes"", ""addr:floor"": ""0"", ""amenity"": ""post_box"", ""check_date:collection_times"": ""2026-07-11"", ""collection_times"": ""Mo-Fr 17:15; Sa 12:15"", ""colour"": ""green"", ""covered"": ""no"", ""indoor"": ""no"", ""level"": ""0"", ""material"": ""metal"", ""operator"": ""PIN AG"", ""post_box:type"": ""pillar"", ""postal_code"": ""10245"", ""source"": ""survey"", ""support"": ""ground""}"
node/4747801372,52.4829721,13.3615289,"{""amenity"": ""post_box"", ""check_date:collection_times"": ""2024-11-08"", ""collection_times"": ""Mo-Fr 15:30,17:15; Sa 14:00"", ""operator"": ""Deutsche Post"", ""operator:wikidata"": ""Q157645"", ""operator:wikipedia"": ""de:Deutsche Post AG"", ""ref"": ""Leberstr. 37, 10829 Berlin""}"
node/4782748442,52.5353332,13.5043356,"{""amenity"": ""post_box"", ""collection_times"": ""Mo-Fr 15:45; Sa 11:45"", ""operator"": ""Deutsche Post"", ""operator:wikidata"": ""Q157645"", ""operator:wikipedia"": ""de:Deutsche Post AG"", ""ref"": ""Arendsweg 1, 13055 Berlin""}"
node/4777003049,52.5389434,13.4974189,"{""amenity"": ""post_box"", ""collection_times"": ""Mo-Fr 16:00; Sa 12:15"", ""operator"": ""Deutsche Post"", ""operator:wikidata"": ""Q157645"", ""operator:wikipedia"": ""de:Deutsche Post AG"", ""ref"": ""Werneuchener Str. 16, 13055 Berlin""}"
node/4784191760,52.5350552,13.5193607,"{""amenity"": ""post_box"", ""collection_times"": ""Mo-Fr 20:00"", ""operator"": ""PIN Mail"", ""operator:type"": ""private"", ""operator:wikidata"": ""Q1342288"", ""postal_code"": ""12681""}"
node/4784272498,52.5368953,13.5095021,"{""amenity"": ""post_box"", ""collection_times"": ""Mo-Fr 15:00; Sa 11:45"", ""operator"": ""Deutsche Post"", ""operator:wikidata"": ""Q157645"", ""operator:wikipedia"": ""de:Deutsche Post AG"", ""ref"": ""Schalkauer Str. 22, 13055 Berlin""}"
node/4722071970,52.4955711,13.4566804,"{""amenity"": ""post_box"", ""check_date"": ""2025-04-01"", ""collection_times"": ""Mo-Fr 14:45,16:45; Sa 13:45"", ""operator"": ""Deutsche Post"", ""operator:wikidata"": ""Q157645"", ""operator:wikipedia"": ""de:Deutsche Post AG"", ""post_box:apertures"": ""2"", ""post_box:type"": ""lamp"", ""postal_code"": ""12435"", ""ref"": ""Fanny-Zobel-Str. 49, 12435 Berlin"", ""support"": ""pole""}"
node/4786026176,52.5241185,13.4798052,"{""amenity"": ""post_box"", ""check_date:collection_times"": ""2025-05-06"", ""collection_times"": ""Mo-Fr 18:00"", ""operator"": ""PIN Mail"", ""operator:type"": ""private"", ""operator:wikidata"": ""Q1342288"", ""postal_code"": ""10367""}"
node/4809805807,52.434959,13.5467321,"{""amenity"": ""post_box"", ""collection_times"": ""Mo-Fr 16:30; Sa 13:45"", ""operator"": ""Deutsche Post"", ""operator:wikidata"": ""Q157645"", ""operator:wikipedia"": ""de:Deutsche Post AG"", ""ref"": ""Radickestr. 57, 12489 Berlin""}"
node/4813345190,52.5738944,13.5120494,"{""amenity"": ""post_box"", ""collection_times"": ""Mo-Fr 16:15; Sa 12:15"", ""operator"": ""Deutsche Post"", ""operator:wikidata"": ""Q157645"", ""ref"": ""Woldegker Str. 8, 13059 Berlin""}"
node/4837997065,52.5166452,13.3062864,"{""amenity"": ""post_box"", ""check_date:collection_times"": ""2026-08-12"", ""collection_times"": ""Mo-Fr 17:45; Sa 14:45"", ""operator"": ""Deutsche Post"", ""operator:wikidata"": ""Q157645"", ""operator:wikipedia"": ""de:Deutsche Post AG"", ""ref"": ""Behaimstr. 1, 10585 Berlin""}"
node/4853308261,52.5594131,13.4061444,"{""amenity"": ""post_box"", ""collection_times"": ""Mo-Fr 15:30; Sa 12:00"", ""note"": ""Falsche Schreibweise Straßennamen am Briefkasten"", ""operator"": ""Deutsche Post"", ""operator:wikidata"": ""Q157645"", ""operator:wikipedia"": ""de:Deutsche Post AG"", ""ref"": ""Tiroler Str. 28, 13187 Berlin""}"
node/4894531941,52.4283854,13.5846345,"{""amenity"": ""post_box"", ""check_date"": ""2022-01-01"", ""collection_times"": ""Mo-Sa 18:00+"", ""opening_hours"": ""Mo-Sa 07:00-22:00;Su,PH off"", ""operator"": ""PIN AG""}"
node/4906204422,52.4233063,13.4846778,"{""amenity"": ""post_box"", ""collection_times"": ""Mo-Fr 18:00"", ""drive_through"": ""no"", ""operator"": ""PIN Mail"", ""operator:type"": ""private"", ""operator:wikidata"": ""Q1342288""}"
node/4880475627,52.5380795,13.3847809,"{""amenity"": ""post_box"", ""check_date"": ""2024-09-07"", ""check_date:collection_times"": ""2024-09-07"", ""collection_times"": ""Mo-Fr 16:45; Sa 12:00"", ""operator"": ""Deutsche Post"", ""operator:wikidata"": ""Q157645"", ""operator:wikipedia"": ""de:Deutsche Post AG"", ""ref"": ""Ackerstraße 116a, 13355 Berlin""}"
node/4950601039,52.429609,13.5302329,"{""amenity"": ""post_box"", ""brand"": ""pin"", ""collection_times:signed"": ""no"", ""colour"": ""green"", ""operator"": ""PIN Mail AG"", ""post_box:type"": ""pillar""}"
node/4986305621,52.4294374,13.4529704,"{""amenity"": ""post_box"", ""check_date"": ""2025-01-09"", ""collection_times"": ""Mo-Fr 14:30, 17:15; Sa 13:00"", ""colour"": ""yellow"", ""material"": ""metal"", ""operator"": ""Deutsche Post"", ""operator:wikidata"": ""Q157645"", ""operator:wikipedia"": ""de:Deutsche Post AG"", ""post_box:apertures"": ""1"", ""post_box:type"": ""pillar"", ""postal_code"": ""12351"", ""ref"": ""Johannisthaler Chaussee (U-Bahnhof), 12351 Berlin""}"
node/5001887297,52.5286085,13.4660734,"{""amenity"": ""post_box"", ""check_date:collection_times"": ""2024-12-13"", ""collection_times"": ""Mo-Fr 17:00, Sa 12:15"", ""operator"": ""Deutsche Post"", ""operator:wikidata"": ""Q157645"", ""operator:wikipedia"": ""de:Deutsche Post AG"", ""ref"": ""Karl-Lade-Str. 42, 10369 Berlin""}"
node/5092262232,52.4980773,13.2975798,"{""access"": ""yes"", ""addr:floor"": ""0"", ""amenity"": ""post_box"", ""collection_times"": ""Mo-Fr 15:45; Sa 16:00; Su 09:00"", ""indoor"": ""no"", ""level"": ""0"", ""material"": ""steel"", ""name"": ""Kurfürstendamm 142, 10709 Berlin"", ""operator"": ""PIN Mail AG"", ""post_box:type"": ""pillar"", ""source"": ""survey"", ""support"": ""ground""}"
node/5034225547,52.5563904,13.4234483,"{""amenity"": ""post_box"", ""brand"": ""Pin Mail"", ""check_date:collection_times"": ""2023-07-26"", ""collection_times"": ""Mo-Fr 18:00"", ""drive_through"": ""no"", ""operator"": ""PIN Mail"", ""operator:type"": ""private"", ""operator:wikidata"": ""Q1342288"", ""operator:wikipedia"": ""de:PIN Mail""}"
node/5067400666,52.6363283,13.502189,"{""amenity"": ""post_box"", ""check_date:collection_times"": ""2025-08-02"", ""collection_times"": ""Mo-Fr 18:00"", ""operator"": ""PIN AG"", ""ref"": ""Alt-Buch 55""}"
node/5170070718,52.4799336,13.3273515,"{""amenity"": ""post_box"", ""check_date:collection_times"": ""2023-12-17"", ""collection_times"": ""Mo-Fr 12:00,15:15,17:00,18:15,22:00; Sa 16:00; Su 09:00,22:00"", ""operator"": ""Deutsche Post"", ""operator:wikidata"": ""Q157645"", ""operator:wikipedia"": ""de:Deutsche Post AG"", ""ref"": ""Mainzer Str. 16, 10715 Berlin""}"
node/5228972201,52.4692438,13.4544014,"{""amenity"": ""post_box"", ""check_date"": ""2025-02-22"", ""check_date:collection_times"": ""2025-02-22"", ""collection_times"": ""Mo-Fr 16:45; Sa 14:45"", ""operator"": ""Deutsche Post"", ""operator:wikidata"": ""Q157645"", ""operator:wikipedia"": ""de:Deutsche Post AG"", ""post_box:type"": ""pillar"", ""ref"": ""Lahnstr./Niemetzstr., 12055 Berlin""}"
node/5239619474,52.4910547,13.3605626,"{""amenity"": ""post_box"", ""check_date"": ""2021-04-05"", ""collection_times"": ""Mo-Fr 17:00"", ""operator"": ""PIN Mail"", ""operator:type"": ""private"", ""operator:wikidata"": ""Q1342288""}"
node/5323571625,52.438372,13.3439698,"{""amenity"": ""post_box"", ""check_date:collection_times"": ""2026-08-09"", ""collection_times"": ""Mo-Fr 20:00"", ""colour"": ""green"", ""operator"": ""PIN AG"", ""post_box:type"": ""pillar"", ""wheelchair"": ""yes""}"
node/5325121991,52.5126422,13.6123376,"{""amenity"": ""post_box"", ""check_date:collection_times"": ""2026-05-23"", ""collection_times"": ""Mo-Fr 20:00"", ""description"": ""Spätbriefkasten, Leerung Mo - Fr ab 20 Uhr"", ""operator"": ""PIN Mail"", ""operator:type"": ""private"", ""operator:wikidata"": ""Q1342288"", ""operator:wikipedia"": ""de:PIN Mail""}"
node/5421717141,52.6183504,13.3080057,"{""amenity"": ""post_box"", ""check_date"": ""2025-07-31"", ""check_date:collection_times"": ""2025-07-31"", ""collection_times"": ""Mo-Fr 16:00, Sa 13:00"", ""operator"": ""Deutsche Post"", ""operator:wikidata"": ""Q157645"", ""operator:wikipedia"": ""de:Deutsche Post AG"", ""post_box:type"": ""pillar"", ""ref"": ""Glienicker Str., 13467 Berlin""}"
node/5458347854,52.460317,13.3237141,"{""access"": ""yes"", ""amenity"": ""post_box"", ""check_date:collection_times"": ""2025-04-06"", ""collection_times"": ""Mo-Fr 18:00; Sa 13:45; Su 10:30"", ""colour"": ""yellow"", ""covered"": ""no"", ""drive_through"": ""no"", ""indoor"": ""no"", ""operator"": ""Deutsche Post"", ""operator:wikidata"": ""Q157645"", ""operator:wikipedia"": ""de:Deutsche Post AG"", ""ref"": ""Schloßstr. 21, 12163 Berlin""}"
node/5517246677,52.4441114,13.4490957,"{""amenity"": ""post_box"", ""check_date"": ""2025-02-21"", ""check_date:collection_times"": ""2025-02-21"", ""collection_times"": ""Mo-Fr 15:30,17:00; Sa 14:00"", ""operator"": ""Deutsche Post"", ""operator:wikidata"": ""Q157645"", ""operator:wikipedia"": ""de:Deutsche Post AG"", ""postal_code"": ""12359"", ""ref"": ""Fritz-Reuter-Allee/Gielower Str., 12359 Berlin""}"
node/5517319745,52.4400424,13.4346291,"{""amenity"": ""post_box"", ""check_date"": ""2022-04-12"", ""collection_times"": ""Mo-Fr 18:00"", ""operator"": ""PIN Mail"", ""operator:type"": ""private"", ""operator:wikidata"": ""Q1342288"", ""operator:wikipedia"": ""de:PIN Mail"", ""ref"": ""Buckower Damm 50, 12349 Berlin""}"
node/5584924477,52.4666094,13.3932102,"{""amenity"": ""post_box"", ""brand"": ""Deutsche Post"", ""check_date"": ""2024-08-25"", ""check_date:collection_times"": ""2024-08-25"", ""collection_times"": ""Mo-Fr 14:00,17:15; Sa 14:30"", ""colour"": ""yellow"", ""drive_through"": ""no"", ""material"": ""metal"", ""operator"": ""Deutsche Post"", ""operator:wikidata"": ""Q157645"", ""operator:wikipedia"": ""de:Deutsche Post AG"", ""ref"": ""Ringbahnstr. 15, 12099 Berlin"", ""support"": ""wall_mounted""}"
node/5586023159,52.4666734,13.393111,"{""amenity"": ""post_box"", ""check_date:collection_times"": ""2024-08-25"", ""collection_times"": ""Mo-Fr 17:15,14:00; Sa 14:30"", ""colour"": ""green"", ""drive_through"": ""no"", ""material"": ""metal"", ""operator"": ""PIN Mail"", ""operator:type"": ""private"", ""operator:wikidata"": ""Q1342288"", ""operator:wikipedia"": ""de:PIN Mail"", ""support"": ""ground""}"
node/5586023156,52.4759877,13.3771919,"{""amenity"": ""post_box"", ""collection_times"": ""Mo-Fr 16:45, Sa 14:00"", ""colour"": ""yellow"", ""drive_through"": ""no"", ""material"": ""metal"", ""operator"": ""Deutsche Post"", ""operator:wikidata"": ""Q157645"", ""operator:wikipedia"": ""de:Deutsche Post AG"", ""ref"": ""Boelkestr./Rumeyplan, 12101 Berlin""}"
node/5641930046,52.5024827,13.349714,"{""amenity"": ""post_box"", ""check_date:collection_times"": ""2024-09-07"", ""collection_times"": ""Mo-Fr 17:00; Sa 16:00"", ""operator"": ""Deutsche Post"", ""operator:wikidata"": ""Q157645"", ""operator:wikipedia"": ""de:Deutsche Post AG"", ""ref"": ""An der Urania 3, 10787 Berlin""}"
node/5628712770,52.5128009,13.4825565,"{""amenity"": ""post_box"", ""check_date:collection_times"": ""2026-05-24"", ""collection_times"": ""Mo-Fr 18:00"", ""colour"": ""green"", ""operator"": ""PIN Mail"", ""operator:type"": ""private"", ""operator:wikidata"": ""Q1342288"", ""operator:wikipedia"": ""de:PIN Mail"", ""post_box:apertures"": ""1"", ""post_box:type"": ""pillar""}"
node/5759471919,52.4882336,13.3405901,"{""amenity"": ""post_box"", ""check_date:collection_times"": ""2024-02-04"", ""collection_times"": ""Mo-Fr 20:00"", ""description"": ""Leerung Mo-Fr ab 20:00 Uhr"", ""operator"": ""PIN Mail"", ""operator:type"": ""private"", ""operator:wikidata"": ""Q1342288"", ""operator:wikipedia"": ""de:PIN Mail""}"
node/5656561803,52.5841855,13.418319,"{""amenity"": ""post_box"", ""check_date"": ""2026-02-23"", ""check_date:collection_times"": ""2026-02-23"", ""collection_times"": ""Mo-Fr 15:00; Sa 12:00"", ""drive_through"": ""no"", ""operator"": ""Deutsche Post"", ""operator:wikidata"": ""Q157645"", ""operator:wikipedia"": ""de:Deutsche Post AG"", ""post_box:type"": ""pillar"", ""ref"": ""Blankenburger Str. 86, 13156 Berlin""}"
node/5856100910,52.4383221,13.5488807,"{""amenity"": ""post_box"", ""check_date:collection_times"": ""2026-07-04"", ""collection_times"": ""Mo-Fr 16:30; Sa 13:45"", ""drive_through"": ""no"", ""operator"": ""Deutsche Post"", ""operator:wikidata"": ""Q157645"", ""operator:wikipedia"": ""de:Deutsche Post AG"", ""ref"": ""Dörpfeldstr. 46, 12489 Berlin"", ""wheelchair"": ""yes""}"
node/5760362624,52.5914239,13.4527126,"{""amenity"": ""post_box"", ""check_date:collection_times"": ""2023-06-12"", ""collection_times"": ""Mo-Fr 14:15; Sa 12:00"", ""operator"": ""Deutsche Post"", ""operator:wikidata"": ""Q157645"", ""operator:wikipedia"": ""de:Deutsche Post AG"", ""ref"": ""Bahnhofstr. 45, 13129 Berlin""}"
node/5926433348,52.3785588,13.4067026,"{""amenity"": ""post_box"", ""collection_times"": ""Mo-Fr 16:15, Sa 14:00"", ""operator"": ""Deutsche Post"", ""operator:wikidata"": ""Q157645"", ""ref"": ""Galluner Str. 33, 12307 Berlin""}"
node/5913461264,52.5354596,13.4541555,"{""amenity"": ""post_box"", ""collection_times"": ""Mo-Fr 16:00"", ""description"": ""Zugang zum Briefkasten nur Montag - Freitag von 10 - 17 Uhr!"", ""drive_through"": ""no"", ""operator"": ""PIN Mail"", ""operator:type"": ""private"", ""operator:wikidata"": ""Q1342288"", ""operator:wikipedia"": ""de:PIN Mail""}"
node/5870776917,52.534837,13.3711359,"{""amenity"": ""post_box"", ""collection_times"": ""Mo-Fr 17:30; Sa 16:15""}"
node/6151384149,52.505959,13.5612606,"{""amenity"": ""post_box"", ""check_date:collection_times"": ""2026-06-16"", ""collection_times"": ""Mo-Fr 20:00"", ""operator"": ""PIN Mail"", ""operator:type"": ""private"", ""operator:wikidata"": ""Q1342288"", ""operator:wikipedia"": ""de:PIN Mail""}"
node/6255852696,52.4226223,13.560593,"{""amenity"": ""post_box"", ""check_date"": ""2026-06-15"", ""check_date:collection_times"": ""2026-06-15"", ""collection_times"": ""Mo-Fr 16:45; Sa 13:15"", ""operator"": ""Deutsche Post"", ""operator:wikidata"": ""Q157645"", ""operator:wikipedia"": ""de:Deutsche Post AG"", ""post_box:apertures"": ""2"", ""post_box:type"": ""lamp"", ""postal_code"": ""12527"", ""ref"": ""Adlergestell/Grauammerpfad, 12527 Berlin""}"
node/6256693259,52.5495795,13.4744254,"{""amenity"": ""post_box"", ""collection_times"": ""Mo-Fr 13:45,16:30; Sa 12:00"", ""drive_through"": ""no"", ""operator"": ""Deutsche Post"", ""operator:wikidata"": ""Q157645"", ""operator:wikipedia"": ""de:Deutsche Post AG"", ""ref"": ""Hansastr. 67/69, 13088 Berlin""}"
node/6370710137,52.5363456,13.2045217,"{""amenity"": ""post_box"", ""collection_times"": ""Mo-Fr 16:45; Sa 12:00"", ""operator"": ""Deutsche Post"", ""operator:wikidata"": ""Q157645"", ""operator:wikipedia"": ""de:Deutsche Post AG"", ""ref"": ""Breite Str. 59, 13597 Berlin""}"
node/6372611054,52.473156,13.4643862,"{""amenity"": ""post_box"", ""check_date"": ""2020-08-03"", ""collection_times"": ""Mo-Fr 14:00,16:30; Sa 14:30"", ""operator"": ""Deutsche Post"", ""operator:wikidata"": ""Q157645"", ""operator:wikipedia"": ""de:Deutsche Post AG"", ""post_box:type"": ""lamp"", ""postal_code"": ""12057"", ""ref"": ""Aronsstr., 12057 Berlin""}"
node/6428927533,52.5098427,13.2736731,"{""amenity"": ""post_box"", ""collection_times"": ""Mo-Fr"", ""operator"": ""PIN Mail"", ""operator:type"": ""private"", ""operator:wikidata"": ""Q1342288"", ""operator:wikipedia"": ""de:PIN Mail""}"
node/6472858319,52.4508009,13.5094023,"{""amenity"": ""post_box"", ""collection_times"": ""Mo-Fr 17:00; Sa 13:45"", ""operator"": ""Deutsche Post"", ""operator:wikidata"": ""Q157645"", ""operator:wikipedia"": ""de:Deutsche Post AG"", ""ref"": ""Sterndamm 35, 12487 Berlin""}"
node/6419849587,52.5815558,13.4055667,"{""amenity"": ""post_box"", ""check_date"": ""2025-09-19"", ""collection_times"": ""Mo-Fr 15:30; Sa 12:00"", ""colour"": ""yellow"", ""material"": ""metal"", ""operator"": ""Deutsche Post"", ""operator:wikidata"": ""Q157645"", ""operator:wikipedia"": ""de:Deutsche Post AG"", ""ref"": ""Blankenburger Str. 6-8, 13156 Berlin""}"
node/6486552543,52.451571,13.1478395,"{""amenity"": ""post_box"", ""collection_times"": ""Mo-Sa 09:00"", ""operator"": ""Deutsche Post"", ""operator:wikidata"": ""Q157645"", ""operator:wikipedia"": ""de:Deutsche Post AG"", ""post_box:type"": ""lamp""}"
node/6494495485,52.4202562,13.3114279,"{""amenity"": ""post_box"", ""collection_times"": ""Mo-Fr 16:15; Sa 12:00"", ""operator"": ""Deutsche Post"", ""operator:wikidata"": ""Q157645"", ""operator:wikipedia"": ""de:Deutsche Post AG"", ""ref"": ""Osdorfer Str. 2a, 12207 Berlin""}"
node/6501792185,52.5185981,13.303438,"{""amenity"": ""post_box"", ""collection_times"": ""Mo-Fr 17:15; Sa 14:15"", ""collection_times:signed"": ""no"", ""operator"": ""Deutsche Post"", ""operator:wikidata"": ""Q157645"", ""operator:wikipedia"": ""de:Deutsche Post AG"", ""ref"": ""Otto-Suhr-Allee 130, 10585 Berlin""}"
node/6503855563,52.4540263,13.3293957,"{""amenity"": ""post_box"", ""check_date:collection_times"": ""2025-05-04"", ""collection_times"": ""Mo-Fr 16:15; Sa 11:30"", ""indoor"": ""yes"", ""operator"": ""Deutsche Post"", ""operator:wikidata"": ""Q157645"", ""operator:wikipedia"": ""de:Deutsche Post AG"", ""post_box:type"": ""lamp"", ""ref"": ""Albrechtstr. 107, 12167 Berlin"", ""support"": ""wall_mounted""}"
node/6533689588,52.4670175,13.5091032,"{""amenity"": ""post_box"", ""check_date:collection_times"": ""2025-02-27"", ""collection_times"": ""Mo-Fr 16:30; Sa 13:00"", ""operator"": ""Deutsche Post"", ""operator:wikidata"": ""Q157645"", ""ref"": ""Helmholtzstr./Wattstr., 12459 Berlin""}"
node/6564453511,52.4835159,13.4273418,"{""amenity"": ""post_box"", ""check_date"": ""2020-11-13"", ""collection_times"": ""Mo-Fr 14:00,16:45; Sa 14:15"", ""operator"": ""Deutsche Post"", ""operator:wikidata"": ""Q157645"", ""operator:wikipedia"": ""de:Deutsche Post AG"", ""post_box:apertures"": ""1"", ""post_box:type"": ""pillar"", ""postal_code"": ""12053"", ""ref"": ""Mainzer Str. 9, 12053 Berlin"", ""support"": ""ground""}"
node/6553772685,52.5535029,13.4746753,"{""amenity"": ""post_box"", ""collection_times"": ""Mo-Fr 13:45,16:15; Sa 11:30"", ""operator"": ""Deutsche Post"", ""operator:wikidata"": ""Q157645"", ""operator:wikipedia"": ""de:Deutsche Post AG"", ""ref"": ""Buschallee 90, 13088 Berlin""}"
node/6593074838,52.5499052,13.3527156,"{""amenity"": ""post_box"", ""check_date"": ""2024-11-30"", ""check_date:collection_times"": ""2024-03-04"", ""collection_times"": ""Mo-Fr 20:00"", ""operator"": ""Pin AG""}"
node/6603769203,52.5244414,13.351311,"{""amenity"": ""post_box"", ""collection_times"": ""Mo-Fr 17:00"", ""operator"": ""PIN Mail"", ""operator:type"": ""private"", ""operator:wikidata"": ""Q1342288""}"
node/6515303476,52.516325,13.4791049,"{""amenity"": ""post_box"", ""check_date:collection_times"": ""2023-05-24"", ""collection_times"": ""Mo-Fr 18:00"", ""collection_times:signed"": ""no"", ""operator"": ""PIN Mail"", ""operator:type"": ""private"", ""operator:wikidata"": ""Q1342288""}"
node/6724108540,52.5256435,13.3090071,"{""amenity"": ""post_box"", ""check_date:collection_times"": ""2024-10-15"", ""collection_times"": ""Mo-Fr 18:00"", ""operator"": ""PIN Mail"", ""operator:type"": ""private"", ""operator:wikidata"": ""Q1342288"", ""operator:wikipedia"": ""de:PIN Mail""}"
node/6744197114,52.5144526,13.2669876,"{""amenity"": ""post_box"", ""check_date:collection_times"": ""2024-03-21"", ""collection_times"": ""Mo-Fr 16:00; Sa 13:30"", ""operator"": ""Deutsche Post"", ""operator:wikidata"": ""Q157645"", ""operator:wikipedia"": ""de:Deutsche Post AG"", ""ref"": ""Platanenallee/Eschenallee 29, 14050 Berlin""}"
node/6847969094,52.4823227,13.4320481,"{""amenity"": ""post_box"", ""check_date"": ""2022-07-29"", ""collection_times"": ""Mo-Fr 15:00,18:30; Sa 14:45"", ""description"": ""frei zugänglich während der Öffnungszeiten der Neukölln Arcaden"", ""indoor"": ""yes"", ""level"": ""0"", ""note"": ""weniger Entleerzeiten als Briefkasten (mit gleicher ref=*, node#319102619) an Gebäudeaußenseite"", ""operator"": ""Deutsche Post"", ""operator:wikidata"": ""Q157645"", ""operator:wikipedia"": ""de:Deutsche Post AG"", ""post_box:apertures"": ""1"", ""post_box:type"": ""pillar"", ""ref"": ""Karl-Marx-Str. 66, 12043 Berlin"", ""support"": ""ground"", ""wheelchair"": ""yes""}"
node/6835584544,52.5053456,13.5578444,"{""amenity"": ""post_box"", ""check_date:collection_times"": ""2026-06-16"", ""collection_times"": ""Mo-Fr 18:00"", ""indoor"": ""no"", ""operator"": ""PIN Mail"", ""operator:type"": ""private"", ""operator:wikidata"": ""Q1342288"", ""operator:wikipedia"": ""de:PIN Mail""}"
node/6868270420,52.474315,13.17518,"{""amenity"": ""post_box"", ""collection_times"": ""Mo-Fr 17:00; Sa 12:00"", ""operator"": ""Deutsche Post"", ""operator:wikidata"": ""Q157645"", ""ref"": ""Hellebergeweg/Kladower Damm 2, 14089 Berlin""}"
node/6845588999,52.5069719,13.3798323,"{""amenity"": ""post_box"", ""collection_times"": ""Mo-Fr 15:30,17:15; Sa 14:15"", ""operator"": ""Deutsche Post"", ""operator:wikidata"": ""Q157645"", ""operator:wikipedia"": ""de:Deutsche Post AG"", ""ref"": ""Niederkirchner Str. 7, 10963 Berlin"", ""wheelchair"": ""yes""}"
node/6878091289,52.5209669,13.1942546,"{""amenity"": ""post_box"", ""collection_times"": ""Mo-Fr 15:30; Sa 12:00"", ""operator"": ""Deutsche Post"", ""operator:wikidata"": ""Q157645"", ""operator:wikipedia"": ""de:Deutsche Post AG"", ""ref"": ""Adamstr. 39, 13595 Berlin""}"
node/6913149618,52.4854419,13.1828642,"{""amenity"": ""post_box"", ""check_date:collection_times"": ""2024-06-16"", ""collection_times"": ""Mo-Fr 17:00; Sa 12:00"", ""operator"": ""Deutsche Post"", ""operator:wikidata"": ""Q157645"", ""ref"": ""Alt Gatow 48, 14089 Berlin"", ""wheelchair"": ""yes""}"
node/6982115788,52.5247503,13.1972369,"{""amenity"": ""post_box"", ""collection_times"": ""Mo-Fr 18:00"", ""operator"": ""PIN AG""}"
node/6925470388,52.506233,13.4463727,"{""amenity"": ""post_box"", ""check_date"": ""2019-10-28"", ""check_date:collection_times"": ""2019-10-28"", ""collection_times"": ""Mo-Fr 17:30; Sa 12:00"", ""colour"": ""yellow"", ""drive_through"": ""no"", ""indoor"": ""yes"", ""level"": ""2"", ""material"": ""metal"", ""operator"": ""Deutsche Post"", ""operator:wikidata"": ""Q157645"", ""operator:wikipedia"": ""de:Deutsche Post AG"", ""ref"": ""Tamara-Danz-Str. 11, 10243 Berlin"", ""support"": ""ground""}"
node/7074685319,52.4931915,13.382712,"{""amenity"": ""post_box"", ""check_date"": ""2022-09-22"", ""collection_times"": ""Mo-Fr 18:00"", ""collection_times:signed"": ""no"", ""colour"": ""green"", ""operator"": ""PIN Mail"", ""operator:type"": ""private"", ""operator:wikidata"": ""Q1342288"", ""operator:wikipedia"": ""de:PIN Mail"", ""post_box:apertures"": ""1"", ""post_box:type"": ""pillar""}"
node/7088229185,52.5596938,13.4606352,"{""amenity"": ""post_box"", ""collection_times"": ""Mo-Fr 18:00"", ""operator"": ""PIN Mail"", ""operator:type"": ""private"", ""operator:wikidata"": ""Q1342288"", ""operator:wikipedia"": ""de:PIN Mail""}"
node/7088282586,52.5840991,13.4955034,"{""amenity"": ""post_box"", ""collection_times"": ""Mo-Fr 13:15; Sa 12:30"", ""operator"": ""Deutsche Post"", ""operator:wikidata"": ""Q157645"", ""ref"": ""Sigrunstr. 4, 13051 Berlin""}"
node/7088115386,52.5645832,13.4268573,"{""amenity"": ""post_box"", ""collection_times"": ""Mo-Fr 16:00; Sa 12:00"", ""operator"": ""Deutsche Post"", ""operator:wikidata"": ""Q157645"", ""operator:wikipedia"": ""de:Deutsche Post AG"", ""ref"": ""Prenzlauer Promenade 145, 13189 Berlin""}"
node/7088243185,52.5631167,13.4598713,"{""amenity"": ""post_box"", ""check_date:collection_times"": ""2024-03-17"", ""collection_times"": ""Mo-Fr 13:15; Sa 11:00"", ""operator"": ""Deutsche Post"", ""operator:wikidata"": ""Q157645"", ""operator:wikipedia"": ""de:Deutsche Post AG"", ""ref"": ""Roelckestr. 76, 13088 Berlin""}"
node/7088369492,52.5757691,13.5068903,"{""amenity"": ""post_box"", ""collection_times"": ""Mo-Fr 16:00; Sa 12:15"", ""operator"": ""Deutsche Post"", ""operator:wikidata"": ""Q157645"", ""ref"": ""Hagenower Ring 82, 13059 Berlin""}"
node/7088482885,52.5787484,13.5338996,"{""amenity"": ""post_box"", ""collection_times"": ""Mo-Fr 13:15; Sa 12:00"", ""operator"": ""Deutsche Post"", ""operator:wikidata"": ""Q157645"", ""ref"": ""Hauptweg 135, 13059 Berlin""}"
node/7088505185,52.5682805,13.5276081,"{""amenity"": ""post_box"", ""check_date:collection_times"": ""2025-11-24"", ""collection_times"": ""Mo-Fr 16:00; Sa 11:00"", ""operator"": ""Deutsche Post"", ""operator:wikidata"": ""Q157645"", ""ref"": ""Biesenbrower Str. 2, 13057 Berlin""}"
node/7088523187,52.5673977,13.5151109,"{""amenity"": ""post_box"", ""collection_times"": ""Mo-Fr 17:00"", ""operator"": ""PIN Mail"", ""operator:type"": ""private"", ""operator:wikidata"": ""Q1342288""}"
node/7088568585,52.5729326,13.5053424,"{""amenity"": ""post_box"", ""collection_times"": ""Su 09:00; Mo-Fr 16:00; Sa 11:00"", ""operator"": ""Deutsche Post"", ""operator:wikidata"": ""Q157645"", ""ref"": ""Egon-Erwin-Kisch-Str. 34, 13059 Berlin""}"
node/7088664286,52.5640872,13.5034637,"{""amenity"": ""post_box"", ""collection_times"": ""Sa 12:15; Mo-Fr 16:00"", ""operator"": ""Deutsche Post"", ""operator:wikidata"": ""Q157645"", ""ref"": ""Zingster Str. 5, 13051 Berlin""}"
node/7088281485,52.5741405,13.4825675,"{""amenity"": ""post_box"", ""collection_times"": ""Mo-Fr 16:00; Sa 12:30"", ""operator"": ""Deutsche Post"", ""operator:wikidata"": ""Q157645"", ""ref"": ""Dorfstr. 46, 13051 Berlin""}"
node/7090446787,52.5643009,13.5099135,"{""amenity"": ""post_box"", ""collection_times"": ""Mo-Fr 17:00; Sa 12:00"", ""operator"": ""Deutsche Post"", ""operator:wikidata"": ""Q157645"", ""ref"": ""Falkenberger Ch. 66, 13051 Berlin""}"
node/7090476887,52.5680819,13.5561848,"{""amenity"": ""post_box"", ""collection_times"": ""Mo-Fr 15:15,17:45; Sa 13:15""}"
node/7090562491,52.5590188,13.5499106,"{""amenity"": ""post_box"", ""collection_times"": ""Mo-Fr 16:00; Sa 13:00"", ""operator"": ""Deutsche Post"", ""operator:wikidata"": ""Q157645"", ""ref"": ""Wolfener Str. 24, 12681 Berlin""}"
node/7124265389,52.508521,13.626921,"{""amenity"": ""post_box"", ""check_date:collection_times"": ""2026-06-20"", ""collection_times"": ""Mo-Fr 17:00; Sa 13:30"", ""operator"": ""Deutsche Post"", ""operator:wikidata"": ""Q157645"", ""operator:wikipedia"": ""de:Deutsche Post AG"", ""ref"": ""Landvogtstr./Strausstr., 12623 Berlin""}"
node/7124265387,52.504671,13.6144467,"{""amenity"": ""post_box"", ""collection_times"": ""Mo-Fr 16:30; Sa 14:15"", ""operator"": ""Deutsche Post"", ""operator:wikidata"": ""Q157645"", ""operator:wikipedia"": ""de:Deutsche Post AG"", ""ref"": ""Alt-Mahlsdorf 108, 12623 Berlin""}"
node/7124274790,52.5062938,13.6215564,"{""amenity"": ""post_box"", ""collection_times"": ""Mo-Fr 15:00,17:00; Sa 13:30; Su 10:15"", ""operator"": ""Deutsche Post"", ""operator:wikidata"": ""Q157645"", ""operator:wikipedia"": ""de:Deutsche Post AG"", ""ref"": ""Landsberger Str. (Gewerbe im Park), 12623 Berlin""}"
node/7124365286,52.519528,13.6287834,"{""amenity"": ""post_box"", ""collection_times"": ""Mo-Fr 17:00; Sa 13:30"", ""operator"": ""Deutsche Post"", ""operator:wikidata"": ""Q157645"", ""operator:wikipedia"": ""de:Deutsche Post AG"", ""ref"": ""Lemkestr. 168, 12623 Berlin""}"
node/7124377885,52.5244732,13.6292603,"{""amenity"": ""post_box"", ""check_date:collection_times"": ""2026-07-09"", ""collection_times"": ""Mo-Fr 17:00; Sa 14:00"", ""operator"": ""Deutsche Post"", ""operator:wikidata"": ""Q157645"", ""operator:wikipedia"": ""de:Deutsche Post AG"", ""ref"": ""Am Rosenhag 2, 12623 Berlin""}"
node/7124467885,52.5368161,13.6038318,"{""amenity"": ""post_box"", ""collection_times"": ""Mo-Fr 20:00"", ""operator"": ""PIN Mail"", ""operator:type"": ""private"", ""operator:wikidata"": ""Q1342288"", ""operator:wikipedia"": ""de:PIN Mail""}"
node/7124546286,52.553552,13.5683227,"{""amenity"": ""post_box"", ""collection_times"": ""Mo-Fr 16:45; Sa 14:45"", ""operator"": ""Deutsche Post"", ""operator:wikidata"": ""Q157645"", ""operator:wikipedia"": ""de:Deutsche Post AG"", ""ref"": ""Karl-Holtz-Str. 35, 12687 Berlin""}"
node/7124636086,52.5370422,13.5640357,"{""amenity"": ""post_box"", ""check_date:collection_times"": ""2024-10-02"", ""collection_times"": ""Mo-Fr 14:45; Sa 14:15"", ""operator"": ""Deutsche Post"", ""operator:wikidata"": ""Q157645"", ""operator:wikipedia"": ""de:Deutsche Post AG"", ""ref"": ""Kienbergstr. (Kaufhalle), 12685 Berlin""}"
node/7124682686,52.5123799,13.5881114,"{""amenity"": ""post_box"", ""collection_times"": ""Mo-Fr 20:00"", ""operator"": ""PIN Mail"", ""operator:type"": ""private"", ""operator:wikidata"": ""Q1342288""}"
node/7125925987,52.4196568,13.6744259,"{""amenity"": ""post_box"", ""collection_times"": ""Mo-Fr 17:00; Sa 13:45"", ""operator"": ""Deutsche Post"", ""operator:wikidata"": ""Q157645"", ""ref"": ""Odernheimer Str./Duchrother Str., 12559 Berlin""}"
node/7126082185,52.4427323,13.5826509,"{""amenity"": ""post_box"", ""collection_times"": ""Mo-Fr 18:00"", ""operator"": ""PIN Mail"", ""operator:type"": ""private"", ""operator:wikidata"": ""Q1342288"", ""operator:wikipedia"": ""de:PIN Mail""}"
node/7126188185,52.4915907,13.4920889,"{""amenity"": ""post_box"", ""collection_times"": ""Mo-Fr 18:00"", ""operator"": ""PIN Mail"", ""operator:type"": ""private"", ""operator:wikidata"": ""Q1342288""}"
node/7195166485,52.507323,13.5925679,"{""amenity"": ""post_box"", ""collection_times"": ""Mo-Fr 14:45; Sa 13:00"", ""operator"": ""Deutsche Post"", ""operator:wikidata"": ""Q157645"", ""operator:wikipedia"": ""de:Deutsche Post AG"", ""ref"": ""Myslowitzer Str. (Krankenhaus), 12621 Berlin""}"
node/7195282790,52.5246244,13.5996489,"{""amenity"": ""post_box"", ""collection_times"": ""Mo-Fr 16:15; Sa 13:30"", ""operator"": ""Deutsche Post"", ""operator:wikidata"": ""Q157645"", ""operator:wikipedia"": ""de:Deutsche Post AG"", ""ref"": ""Am Baltenring 54, 12621 Berlin""}"
node/7195186385,52.5230702,13.5915695,"{""amenity"": ""post_box"", ""collection_times"": ""Mo-Fr 16:15; Sa 13:15"", ""operator"": ""Deutsche Post"", ""operator:wikidata"": ""Q157645"", ""operator:wikipedia"": ""de:Deutsche Post AG"", ""ref"": ""Bodo-Uhse-Str./Cecilienstr., 12619 Berlin""}"
node/7195182085,52.5205874,13.5937773,"{""amenity"": ""post_box"", ""collection_times"": ""Mo-Fr 16:15; Sa 13:15"", ""operator"": ""Deutsche Post"", ""operator:wikidata"": ""Q157645"", ""operator:wikipedia"": ""de:Deutsche Post AG"", ""ref"": ""Lily-Braun-Str. 54, 12619 Berlin""}"
node/7196854485,52.4881887,13.5753041,"{""amenity"": ""post_box"", ""collection_times"": ""Mo-Fr 17:00; Sa 14:00"", ""operator"": ""Deutsche Post"", ""operator:wikidata"": ""Q157645"", ""operator:wikipedia"": ""de:Deutsche Post AG"", ""ref"": ""Chemnitzer Str. 195, 12621 Berlin""}"
node/7197210586,52.438009,13.5481613,"{""amenity"": ""post_box"", ""check_date:collection_times"": ""2025-06-12"", ""collection_times"": ""Mo-Fr 18:00"", ""covered"": ""yes"", ""operator"": ""PIN Mail"", ""operator:type"": ""private"", ""operator:wikidata"": ""Q1342288"", ""operator:wikipedia"": ""de:PIN Mail""}"
node/7197210585,52.4391993,13.5479903,"{""amenity"": ""post_box"", ""check_date:collection_times"": ""2025-05-31"", ""collection_times"": ""Mo-Fr 16:30, Sa 13:30"", ""indoor"": ""no"", ""operator"": ""Deutsche Post"", ""operator:wikidata"": ""Q157645"", ""operator:wikipedia"": ""de:Deutsche Post AG"", ""ref"": ""Hackenbergstr. 25, 12489 Berlin""}"
node/7197675385,52.4315753,13.4601857,"{""amenity"": ""post_box"", ""check_date"": ""2022-07-31"", ""check_date:collection_times"": ""2022-07-31"", ""collection_times"": ""Mo-Fr 16:15; Sa 13:30"", ""colour"": ""yellow"", ""drive_through"": ""no"", ""material"": ""metal"", ""operator"": ""Deutsche Post"", ""operator:wikidata"": ""Q157645"", ""operator:wikipedia"": ""de:Deutsche Post AG"", ""post_box:apertures"": ""2"", ""ref"": ""Fritz-Erler-Allee/Johannisthaler Chaussee, 12351 Berlin"", ""support"": ""pole""}"
node/7197879285,52.4495931,13.4361038,"{""amenity"": ""post_box"", ""check_date"": ""2022-08-23"", ""collection_times"": ""Mo-Fr 15:15,16:45; Sa 14:45"", ""colour"": ""yellow"", ""operator"": ""Deutsche Post"", ""operator:wikidata"": ""Q157645"", ""operator:wikipedia"": ""de:Deutsche Post AG"", ""post_box:apertures"": ""2"", ""post_box:type"": ""lamp"", ""ref"": ""Tempelhofer Weg/Britzer Damm, 12347 Berlin"", ""support"": ""pole""}"
node/7199846385,52.4926801,13.5611626,"{""amenity"": ""post_box"", ""operator"": ""PIN Mail"", ""operator:type"": ""private"", ""operator:wikidata"": ""Q1342288"", ""operator:wikipedia"": ""de:PIN Mail""}"
node/7271681623,52.5671811,13.300995,"{""amenity"": ""post_box"", ""collection_times"": ""Mo-Fr 17:00; Sa 13:00"", ""operator"": ""Deutsche Post"", ""operator:wikidata"": ""Q157645"", ""ref"": ""Rue du Capitaine - Jean Maridor 2, 13405 Berlin""}"
node/7199856885,52.4948855,13.5549892,"{""amenity"": ""post_box"", ""collection_times"": ""Mo-Fr 16:00; Sa 13:15"", ""operator"": ""Deutsche Post"", ""operator:wikidata"": ""Q157645"", ""operator:wikipedia"": ""de:Deutsche Post AG"", ""ref"": ""Grabensprung 186, 12683 Berlin""}"
node/7198105285,52.4686983,13.4910047,"{""amenity"": ""post_box"", ""collection_times"": ""Mo-Fr 17:45; Sa 11:30"", ""operator"": ""Deutsche Post"", ""operator:wikidata"": ""Q157645"", ""operator:wikipedia"": ""de:Deutsche Post AG"", ""ref"": ""Baumschulenstraße 6, 10437 Berlin""}"
node/7295053201,52.5190161,13.1705078,"{""amenity"": ""post_box"", ""collection_times"": ""Mo-Fr 15:45; Sa 12:00; Su off"", ""wheelchair"": ""yes""}"
node/7296778885,52.4506068,13.2702117,"{""amenity"": ""post_box"", ""check_date:collection_times"": ""2024-08-06"", ""collection_times"": ""Mo-Fr 18:00"", ""operator"": ""PIN Mail"", ""operator:type"": ""private"", ""operator:wikidata"": ""Q1342288"", ""operator:wikipedia"": ""de:PIN Mail"", ""wheelchair"": ""yes""}"
node/7296976885,52.4696723,13.3416075,"{""amenity"": ""post_box"", ""check_date:collection_times"": ""2023-12-04"", ""collection_times"": ""Mo-Fr 17:00"", ""operator"": ""PIN Mail"", ""operator:type"": ""private"", ""operator:wikidata"": ""Q1342288"", ""operator:wikipedia"": ""de:PIN Mail""}"
node/7298557485,52.4845434,13.5580183,"{""amenity"": ""post_box"", ""collection_times"": ""Mo-Fr 16:15; Sa 13:15"", ""operator"": ""Deutsche Post"", ""operator:wikidata"": ""Q157645"", ""operator:wikipedia"": ""de:Deutsche Post AG"", ""ref"": ""Arnfriedstr./Alberichstr., 12683 Berlin""}"
node/7299304485,52.391175,13.6351665,"{""amenity"": ""post_box"", ""collection_times"": ""Mo-Fr 17:30; Sa 13:30"", ""operator"": ""Deutsche Post"", ""operator:wikidata"": ""Q157645"", ""ref"": ""Vetschauer Allee/Lübbenauer Weg, 12527 Berlin""}"
node/7409100084,52.4669949,13.3115526,"{""amenity"": ""post_box"", ""collection_times"": ""Mo-Fr 17:30; Sa 13:15"", ""operator"": ""Deutsche Post"", ""operator:wikidata"": ""Q157645"", ""operator:wikipedia"": ""de:Deutsche Post AG""}"
node/7319369987,52.5492595,13.4134074,"{""access"": ""yes"", ""addr:floor"": ""0"", ""amenity"": ""post_box"", ""collection_times"": ""Mo-Fr 20:00"", ""colour"": ""green"", ""covered"": ""no"", ""indoor"": ""no"", ""level"": ""0"", ""material"": ""steel"", ""operator"": ""PIN Mail"", ""operator:type"": ""private"", ""operator:wikidata"": ""Q1342288"", ""post_box:type"": ""pillar"", ""source"": ""survey"", ""support"": ""ground""}"
node/7481740696,52.6331262,13.3008174,"{""amenity"": ""post_box"", ""check_date:collection_times"": ""2024-11-16"", ""collection_times"": ""Mo-Fr 16:30; Sa 13:00"", ""drive_through"": ""no"", ""operator"": ""Deutsche Post"", ""operator:wikidata"": ""Q157645"", ""operator:wikipedia"": ""de:Deutsche Post AG"", ""ref"": ""Rüdesheimerstr. 28, 13465 Berlin""}"
node/7574554085,52.443724,13.463151,"{""amenity"": ""post_box"", ""collection_times"": ""Mo-Fr 14:30; Sa 13:00"", ""operator"": ""Deutsche Post"", ""operator:wikidata"": ""Q157645"", ""operator:wikipedia"": ""de:Deutsche Post AG"", ""ref"": ""Ortolanweg 52, 12359 Berlin""}"
node/7573246485,52.4412078,13.474547,"{""amenity"": ""post_box"", ""collection_times"": ""Mo-Fr 16:15, Sa 13:00"", ""operator"": ""Deutsche Post"", ""operator:wikidata"": ""Q157645"", ""ref"": ""Stelzenweg, 12359 Berlin""}"
node/7573227531,52.4976674,13.2904116,"{""amenity"": ""post_box"", ""check_date:collection_times"": ""2024-03-08"", ""collection_times"": ""Mo-Fr 18:00"", ""operator"": ""PIN Mail"", ""operator:type"": ""private"", ""operator:wikidata"": ""Q1342288"", ""operator:wikipedia"": ""de:PIN Mail""}"
node/7574918287,52.4931155,13.424289,"{""access"": ""yes"", ""addr:floor"": ""0"", ""amenity"": ""post_box"", ""check_date"": ""2025-01-30"", ""collection_times"": ""Mo-Fr 16:45; Sa 13:30"", ""colour"": ""yellow"", ""covered"": ""no"", ""indoor"": ""no"", ""level"": ""0"", ""material"": ""metal"", ""operator"": ""Deutsche Post"", ""operator:wikidata"": ""Q157645"", ""operator:wikipedia"": ""de:Deutsche Post AG"", ""post_box:apertures"": ""2"", ""post_box:type"": ""lamp"", ""postal_code"": ""12047"", ""ref"": ""Bürknerstr. 21, 12047 Berlin"", ""support"": ""pole""}"
node/7575398585,52.419093,13.4216022,"{""amenity"": ""post_box"", ""collection_times"": ""Mo-Fr 16:45; Sa 13:15"", ""operator"": ""Deutsche Post"", ""operator:wikidata"": ""Q157645"", ""operator:wikipedia"": ""de:Deutsche Post AG"", ""ref"": ""Marienfelder Chaussee 29, 12349 Berlin""}"
node/7575584985,52.3981825,13.3904166,"{""amenity"": ""post_box"", ""collection_times"": ""Mo-Fr 16:45; Sa 13:00"", ""operator"": ""Deutsche Post"", ""operator:wikidata"": ""Q157645"", ""operator:wikipedia"": ""de:Deutsche Post AG"", ""ref"": ""Barnetstr. 41, 12305 Berlin""}"
node/7575630285,52.3986014,13.4043555,"{""amenity"": ""post_box"", ""collection_times"": ""Mo-Fr 16:45; Sa 13:00"", ""operator"": ""Deutsche Post"", ""operator:wikidata"": ""Q157645"", ""ref"": ""Grimmstr. 6, 12305 Berlin""}"
node/7575408885,52.4225638,13.414811,"{""amenity"": ""post_box"", ""check_date"": ""2025-05-17"", ""collection_times"": ""Mo-Sa 16:30"", ""operator"": ""Deutsche Post"", ""operator:wikidata"": ""Q157645"", ""operator:wikipedia"": ""de:Deutsche Post AG"", ""post_box:apertures"": ""2"", ""post_box:type"": ""lamp"", ""postal_code"": ""12349"", ""ref"": ""Quarzweg 88, 12349 Berlin"", ""support"": ""pole""}"
node/7577526685,52.4255903,13.6891214,"{""amenity"": ""post_box"", ""collection_times"": ""Mo-Sa 10:45"", ""operator"": ""Deutsche Post"", ""operator:wikidata"": ""Q157645"", ""ref"": ""Straße 35/Siedlung Spreewiesen, 12559 Berlin""}"
node/7577435485,52.423937,13.5917028,"{""amenity"": ""post_box"", ""collection_times"": ""Sa 12:30; Mo-Fr 14:45"", ""operator"": ""Deutsche Post"", ""operator:wikidata"": ""Q157645"", ""operator:wikipedia"": ""de:Deutsche Post AG"", ""ref"": ""Grüne Trift/Kaufhalle, 12557 Berlin""}"
node/7609092408,52.5541297,13.3457952,"{""amenity"": ""post_box"", ""collection_times"": ""Mo-Fr 17:00"", ""operator"": ""PIN Mail"", ""operator:type"": ""private"", ""operator:wikidata"": ""Q1342288""}"
node/7617630285,52.5709785,13.4377961,"{""amenity"": ""post_box"", ""collection_times"": ""Mo-Fr 16:00; Sa 12:30"", ""operator"": ""Deutsche Post"", ""operator:wikidata"": ""Q157645"", ""ref"": ""Romain-Rolland-Str. 102, 13089 Berlin""}"
node/7617691987,52.6040471,13.4318704,"{""amenity"": ""post_box"", ""collection_times"": ""Mo-Fr 15:00; Sa 12:00"", ""operator"": ""Deutsche Post"", ""operator:wikidata"": ""Q157645"", ""operator:wikipedia"": ""de:Deutsche Post AG"", ""ref"": ""Hauptstr. 9-10, 13127 Berlin""}"
node/7617622785,52.5676671,13.4399958,"{""access"": ""yes"", ""addr:floor"": ""0"", ""amenity"": ""post_box"", ""check_date:collection_times"": ""2024-01-14"", ""collection_times"": ""Mo-Fr 16:00; Sa 12:30"", ""colour"": ""yellow"", ""covered"": ""no"", ""indoor"": ""no"", ""level"": ""0"", ""material"": ""steel"", ""operator"": ""Deutsche Post"", ""operator:wikidata"": ""Q157645"", ""operator:wikipedia"": ""de:Deutsche Post AG"", ""post_box:type"": ""pillar"", ""ref"": ""Romain-Rolland-Str. 62, 13089 Berlin"", ""source"": ""survey"", ""support"": ""ground""}"
node/7617691986,52.6073535,13.4333661,"{""amenity"": ""post_box"", ""check_date:collection_times"": ""2024-08-02"", ""collection_times"": ""Mo-Fr 13:00; Sa 12:00"", ""operator"": ""Deutsche Post"", ""operator:wikidata"": ""Q157645"", ""operator:wikipedia"": ""de:Deutsche Post AG"", ""ref"": ""Hauptstr. 20, 13127 Berlin""}"
node/7617757497,52.6152762,13.4708544,"{""amenity"": ""post_box"", ""collection_times"": ""Mo-Fr 18:00"", ""operator"": ""PIN Mail"", ""operator:type"": ""private"", ""operator:wikidata"": ""Q1342288""}"
node/7617868687,52.6313678,13.5114252,"{""amenity"": ""post_box"", ""collection_times"": ""Mo-Fr 16:30; Sa 11:30"", ""operator"": ""Deutsche Post"", ""operator:wikidata"": ""Q157645"", ""operator:wikipedia"": ""de:Deutsche Post AG"", ""ref"": ""Schwanebecker Chaussee 50, 13125 Berlin""}"
node/7617832890,52.6271001,13.5074938,"{""amenity"": ""post_box"", ""collection_times"": ""Mo-Fr 16:15; Sa 11:00"", ""operator"": ""Deutsche Post"", ""operator:wikidata"": ""Q157645"", ""operator:wikipedia"": ""de:Deutsche Post AG"", ""post_box:apertures"": ""2"", ""post_box:type"": ""lamp"", ""ref"": ""Lindenberger Weg 80, 13125 Berlin""}"
node/7617667185,52.5908769,13.4467884,"{""amenity"": ""post_box"", ""check_date:collection_times"": ""2023-06-12"", ""collection_times"": ""Mo-Fr 14:15; Sa 12:00"", ""collection_times:signed"": ""no"", ""operator"": ""Deutsche Post"", ""operator:wikidata"": ""Q157645"", ""operator:wikipedia"": ""de:Deutsche Post AG"", ""ref"": ""Bahnhofstr. 32, 13129 Berlin""}"
node/7617749886,52.6084674,13.4525079,"{""amenity"": ""post_box"", ""collection_times"": ""Mo-Fr 13:30; Sa 12:00"", ""operator"": ""Deutsche Post"", ""operator:wikidata"": ""Q157645"", ""ref"": ""Flaischlenstr. 41b, 13129 Berlin""}"
node/7617884685,52.633201,13.5043611,"{""amenity"": ""post_box"", ""check_date:collection_times"": ""2025-07-04"", ""collection_times"": ""Mo-Fr 15:30; Sa 11:00"", ""covered"": ""no"", ""drive_through"": ""no"", ""indoor"": ""no"", ""operator"": ""Deutsche Post"", ""operator:wikidata"": ""Q157645"", ""operator:wikipedia"": ""de:Deutsche Post AG"", ""ref"": ""Karowerstr. 11, 13125 Berlin""}"
node/7617899885,52.643659,13.4998991,"{""amenity"": ""post_box"", ""collection_times"": ""Mo-Fr 16:45; Sa 11:45"", ""operator"": ""Deutsche Post"", ""operator:wikidata"": ""Q157645"", ""ref"": ""Röbellweg 85, 13125 Berlin""}"
node/7617905397,52.6447559,13.5048377,"{""amenity"": ""post_box"", ""collection_times"": ""Sa 11:45; Mo-Fr 16:00"", ""operator"": ""Deutsche Post"", ""operator:wikidata"": ""Q157645"", ""ref"": ""Viereckweg 76, 13125 Berlin""}"
node/7619193785,52.5909969,13.4312362,"{""amenity"": ""post_box"", ""collection_times"": ""Mo-Fr 14:30; Sa 12:00"", ""operator"": ""Deutsche Post"", ""operator:wikidata"": ""Q157645"", ""operator:wikipedia"": ""de:Deutsche Post AG"", ""ref"": ""Pasewalker Str. 92, 13127 Berlin""}"
node/7618012085,52.5894919,13.4636296,"{""amenity"": ""post_box"", ""collection_times"": ""Mo-Fr 14:15; Sa 12:00"", ""operator"": ""Deutsche Post"", ""operator:wikidata"": ""Q157645"", ""ref"": ""Parkstr. 35, 13129 Berlin""}"
node/7618027285,52.598382,13.4593926,"{""amenity"": ""post_box"", ""check_date:collection_times"": ""2026-08-21"", ""collection_times"": ""Mo-Fr 14:00; Sa 12:00"", ""operator"": ""Deutsche Post"", ""operator:wikidata"": ""Q157645"", ""operator:wikipedia"": ""de:Deutsche Post AG"", ""ref"": ""Jungbornstr. 49, 13129 Berlin""}"
node/7617983490,52.6053338,13.4762738,"{""amenity"": ""post_box"", ""collection_times"": ""Mo-Fr 15:45; Sa 10:15"", ""operator"": ""Deutsche Post"", ""operator:wikidata"": ""Q157645"", ""ref"": ""Blankenburger Ch. 73, 13125 Berlin""}"
node/7619199185,52.5965137,13.4485839,"{""amenity"": ""post_box"", ""collection_times"": ""Mo-Fr 13:30; Sa 12:00"", ""operator"": ""Deutsche Post"", ""operator:wikidata"": ""Q157645"", ""wheelchair"": ""no""}"
node/7619451486,52.5964819,13.3505887,"{""amenity"": ""post_box"", ""collection_times"": ""Mo-Fr 14:00,17:15,22:00; Sa 13:30; Su 22:00"", ""operator"": ""Deutsche Post"", ""operator:wikidata"": ""Q157645"", ""operator:wikipedia"": ""de:Deutsche Post AG"", ""ref"": ""Wilhelmsruher Damm 150, 13435 Berlin""}"
node/7619535385,52.5903542,13.3977215,"{""amenity"": ""post_box"", ""check_date:collection_times"": ""2025-08-11"", ""collection_times"": ""Mo-Fr 16:00; Sa 12:00"", ""operator"": ""Deutsche Post"", ""operator:wikidata"": ""Q157645"", ""operator:wikipedia"": ""de:Deutsche Post AG"", ""ref"": ""Nordendstr. 76a, 13156 Berlin""}"
node/7619597485,52.5910638,13.4079193,"{""amenity"": ""post_box"", ""check_date"": ""2022-04-14"", ""collection_times"": ""Mo-Fr 15:30; Sa 12:00"", ""operator"": ""Deutsche Post"", ""operator:wikidata"": ""Q157645"", ""operator:wikipedia"": ""de:Deutsche Post AG"", ""ref"": ""Schillerstr. 10, 13156 Berlin""}"
node/7620013186,52.5803983,13.4238745,"{""amenity"": ""post_box"", ""collection_times"": ""Mo-Fr 15:30; Sa 12:00"", ""operator"": ""Deutsche Post"", ""operator:wikidata"": ""Q157645"", ""operator:wikipedia"": ""de:Deutsche Post AG"", ""ref"": ""Galenusstr. 59, 13187 Berlin""}"
node/7620264388,52.5568586,13.4785739,"{""amenity"": ""post_box"", ""collection_times"": ""Mo-Fr 16:15; Sa 11:30"", ""operator"": ""Deutsche Post"", ""operator:wikidata"": ""Q157645"", ""operator:wikipedia"": ""de:Deutsche Post AG"", ""ref"": ""Piesporterstr. 5-6a, 13088 Berlin""}"
node/7619929285,52.5530246,13.4146589,"{""amenity"": ""post_box"", ""check_date:collection_times"": ""2026-09-09"", ""collection_times"": ""Mo-Fr 17:00"", ""operator"": ""PIN Mail"", ""operator:type"": ""private"", ""operator:wikidata"": ""Q1342288"", ""operator:wikipedia"": ""de:PIN Mail""}"
node/7620264488,52.5658676,13.4768798,"{""amenity"": ""post_box"", ""operator"": ""PIN Mail"", ""operator:type"": ""private"", ""operator:wikidata"": ""Q1342288""}"
node/7620394086,52.5349659,13.5529317,"{""amenity"": ""post_box"", ""check_date:collection_times"": ""2026-02-09"", ""collection_times"": ""Mo-Fr 14:30; Sa 14:00"", ""operator"": ""Deutsche Post"", ""operator:wikidata"": ""Q157645"", ""ref"": ""Fichtelbergstr. 12, 12685 Berlin""}"
node/7620417789,52.5101193,13.5212976,"{""amenity"": ""post_box"", ""collection_times"": ""Mo-Fr 17:00"", ""operator"": ""PIN Mail"", ""operator:type"": ""private"", ""operator:wikidata"": ""Q1342288""}"
node/7622408785,52.5543898,13.246823,"{""amenity"": ""post_box"", ""collection_times"": ""Mo-Sa 09:00"", ""operator"": ""Deutsche Post"", ""operator:wikidata"": ""Q157645"", ""operator:wikipedia"": ""de:Deutsche Post AG"", ""ref"": ""Hoka IV, Str. V 1, 13629 Berlin""}"
node/7622722486,52.5603301,13.332935,"{""amenity"": ""post_box"", ""check_date:collection_times"": ""2024-05-27"", ""collection_times"": ""Mo-Fr 14:00,15:45; Sa 11:30"", ""operator"": ""Deutsche Post"", ""operator:wikidata"": ""Q157645"", ""operator:wikipedia"": ""de:Deutsche Post AG"", ""ref"": ""Swakopmunder Str. 44, 13349 Berlin""}"
node/7620585785,52.5714005,13.4283252,"{""amenity"": ""post_box"", ""check_date:collection_times"": ""2024-01-04"", ""collection_times"": ""Mo-Fr 15:00; Sa 12:00"", ""operator"": ""Deutsche Post"", ""operator:wikidata"": ""Q157645"", ""operator:wikipedia"": ""de:Deutsche Post AG"", ""ref"": ""Prenzlauer Promenade 109, 13189 Berlin""}"
node/7638273419,52.4792282,13.3291578,"{""amenity"": ""post_box"", ""collection_times"": ""Mo-Fr 17:00"", ""operator"": ""PIN Mail"", ""operator:type"": ""private"", ""operator:wikidata"": ""Q1342288"", ""operator:wikipedia"": ""de:PIN Mail""}"
node/7638273418,52.4792433,13.3291568,"{""amenity"": ""post_box"", ""collection_times"": ""Mo-Fr 17:15; Sa 16:15"", ""operator"": ""Deutsche Post"", ""operator:wikidata"": ""Q157645"", ""operator:wikipedia"": ""de:Deutsche Post AG""}"
node/7621865185,52.5648613,13.3942882,"{""amenity"": ""post_box"", ""check_date"": ""2024-11-01"", ""check_date:collection_times"": ""2024-11-01"", ""collection_times"": ""Mo-Fr 15:30; Sa 12:00"", ""operator"": ""Deutsche Post"", ""operator:wikidata"": ""Q157645"", ""operator:wikipedia"": ""de:Deutsche Post AG"", ""ref"": ""Brehmestr. 1, 13187 Berlin""}"
node/7653520292,52.4747576,13.3394446,"{""amenity"": ""post_box"", ""check_date"": ""2022-01-29"", ""check_date:collection_times"": ""2024-03-24"", ""collection_times"": ""Mo-Fr 18:00"", ""operator"": ""PIN Mail"", ""operator:type"": ""private"", ""operator:wikidata"": ""Q1342288"", ""operator:wikipedia"": ""de:PIN Mail""}"
node/7656247285,52.5010201,13.3192648,"{""amenity"": ""post_box"", ""collection_times"": ""Mo-Fr 15:30; Sa 16:30"", ""operator"": ""Deutsche Post"", ""operator:wikidata"": ""Q157645"", ""operator:wikipedia"": ""de:Deutsche Post AG"", ""ref"": ""Bleibtreustr. 23, 10707 Berlin"", ""wheelchair"": ""yes""}"
node/7656780185,52.5588286,13.3521203,"{""amenity"": ""post_box"", ""collection_times"": ""Mo-Fr 16:00; Sa 12:00"", ""last_checked"": ""2020-10-10"", ""note"": ""Tippfehler im Straßennamen auf Briefkastenschild"", ""operator"": ""Deutsche Post"", ""operator:wikidata"": ""Q157645"", ""operator:wikipedia"": ""de:Deutsche Post AG"", ""ref"": ""Barfusstr. 22, 13349 Berlin""}"
node/7656892685,52.5973061,13.3555389,"{""amenity"": ""post_box"", ""collection_times"": ""Mo-Fr 14:00,17:15,22:00; Sa 13:30; Su 22:00"", ""operator"": ""Deutsche Post"", ""operator:wikidata"": ""Q157645"", ""operator:wikipedia"": ""de:Deutsche Post AG"", ""ref"": ""Wilhelmsruher Damm 134, 13439 Berlin""}"
node/7656892785,52.5973181,13.3555367,"{""amenity"": ""post_box"", ""collection_times"": ""Mo-Fr 20:00"", ""operator"": ""PIN Mail"", ""operator:type"": ""private"", ""operator:wikidata"": ""Q1342288""}"
node/7656871685,52.5925334,13.3582452,"{""amenity"": ""post_box"", ""collection_times"": ""Mo-Fr 15:30; Sa 12:00"", ""operator"": ""Deutsche Post"", ""operator:wikidata"": ""Q157645"", ""operator:wikipedia"": ""de:Deutsche Post AG"", ""ref"": ""Dannenwalder Weg 156, 13439 Berlin""}"
node/7656856185,52.5859421,13.3596216,"{""amenity"": ""post_box"", ""collection_times"": ""Mo-Fr 16:00; Sa 12:00"", ""operator"": ""Deutsche Post"", ""operator:wikidata"": ""Q157645"", ""operator:wikipedia"": ""de:Deutsche Post AG"", ""ref"": ""Fontanestr. 46/48, 13158 Berlin""}"
node/7622964885,52.5241017,13.3874637,"{""amenity"": ""post_box"", ""check_date:collection_times"": ""2024-03-11"", ""collection_times"": ""Mo-Fr 18:00"", ""operator"": ""PIN Mail"", ""operator:type"": ""private"", ""operator:wikidata"": ""Q1342288"", ""operator:wikipedia"": ""de:PIN Mail""}"
node/7656932385,52.6076799,13.342843,"{""amenity"": ""post_box"", ""collection_times"": ""Mo-Fr 17:00; Sa 13:00"", ""operator"": ""Deutsche Post"", ""operator:wikidata"": ""Q157645"", ""ref"": ""Wittenauer Str. 131, 13469 Berlin""}"
node/7656977786,52.5821504,13.3822906,"{""amenity"": ""post_box"", ""collection_times"": ""Mo-Fr 16:00; Sa 12:00"", ""operator"": ""Deutsche Post"", ""operator:wikidata"": ""Q157645"", ""operator:wikipedia"": ""de:Deutsche Post AG"", ""ref"": ""Platanenstr. 48, 13156 Berlin""}"
node/7658202985,52.6110135,13.3189638,"{""amenity"": ""post_box"", ""operator"": ""PIN Mail"", ""operator:type"": ""private"", ""operator:wikidata"": ""Q1342288""}"
node/7656977488,52.5850912,13.3748252,"{""amenity"": ""post_box"", ""collection_times"": ""Mo-Fr 16:30; Sa 12:00"", ""operator"": ""Deutsche Post"", ""operator:wikidata"": ""Q157645"", ""operator:wikipedia"": ""de:Deutsche Post AG"", ""ref"": ""Schönholzer Weg 16, 13158 Berlin""}"
node/7657084385,52.5676728,13.3787563,"{""amenity"": ""post_box"", ""check_date:collection_times"": ""2025-01-17"", ""collection_times"": ""Mo-Fr 16:00; Sa 12:30"", ""colour"": ""yellow"", ""operator"": ""Deutsche Post"", ""operator:wikidata"": ""Q157645"", ""operator:wikipedia"": ""de:Deutsche Post AG"", ""ref"": ""Provinzstr. 93, 13409 Berlin""}"
node/7658903688,52.5837706,13.284221,"{""amenity"": ""post_box"", ""collection_times"": ""Mo-Fr 13:30,17:30; Sa 13:00"", ""operator"": ""Deutsche Post"", ""operator:wikidata"": ""Q157645"", ""operator:wikipedia"": ""de:Deutsche Post AG"", ""ref"": ""Am Borsigturm 40, 13507 Berlin""}"
node/7658934585,52.5898197,13.2832085,"{""amenity"": ""post_box"", ""collection_times"": ""Mo-Fr 20:00"", ""operator"": ""PIN Mail"", ""operator:type"": ""private"", ""operator:wikidata"": ""Q1342288""}"
node/7658997690,52.6196387,13.3032789,"{""amenity"": ""post_box"", ""collection_times"": ""Sa 13:00; Mo-Fr 16:30"", ""operator"": ""Deutsche Post"", ""operator:wikidata"": ""Q157645"", ""operator:wikipedia"": ""de:Deutsche Post AG"", ""ref"": ""Falkentaler Steig 3, 13467 Berlin""}"
node/7659072785,52.6112135,13.3291593,"{""amenity"": ""post_box"", ""collection_times"": ""Mo-Fr 16:00; Sa 13:00"", ""operator"": ""Deutsche Post"", ""operator:wikidata"": ""Q157645"", ""ref"": ""Benekendorfstr. 50, 13469 Berlin""}"
node/7659101585,52.6171377,13.3255221,"{""amenity"": ""post_box"", ""check_date:collection_times"": ""2024-08-17"", ""collection_times"": ""Mo-Fr 16:00; Sa 13:00"", ""operator"": ""Deutsche Post"", ""operator:wikidata"": ""Q157645"", ""ref"": ""Seebadstr. 31, 13469 Berlin""}"
node/7660402587,52.5621039,13.3352065,"{""amenity"": ""post_box"", ""check_date:collection_times"": ""2026-03-04"", ""collection_times"": ""Mo-Fr 16:00; Sa 12:00"", ""operator"": ""Deutsche Post"", ""operator:wikidata"": ""Q157645"", ""operator:wikipedia"": ""de:Deutsche Post AG"", ""ref"": ""Cambridger Str. 6, 13349 Berlin""}"
node/7660545192,52.5817439,13.3283184,"{""amenity"": ""post_box"", ""collection_times"": ""Mo-Fr 16:00; Sa 13:00"", ""operator"": ""Deutsche Post"", ""operator:wikidata"": ""Q157645"", ""operator:wikipedia"": ""de:Deutsche Post AG"", ""ref"": ""Oranienburger Str. 285, 13437 Berlin""}"
node/7660490485,52.5876748,13.3017603,"{""amenity"": ""post_box"", ""collection_times"": ""Mo-Fr 16:00; Sa 13:00"", ""operator"": ""Deutsche Post"", ""operator:wikidata"": ""Q157645"", ""operator:wikipedia"": ""de:Deutsche Post AG"", ""ref"": ""Klinnerweg 73, 13509 Berlin""}"
node/7660591985,52.5712039,13.3367538,"{""amenity"": ""post_box"", ""collection_times"": ""Mo-Fr 16:30; Sa 13:00"", ""operator"": ""Deutsche Post"", ""operator:wikidata"": ""Q157645"", ""operator:wikipedia"": ""de:Deutsche Post AG"", ""ref"": ""Humboldtstr. 27, 13403 Berlin""}"
node/7664076987,52.5596502,13.471649,"{""amenity"": ""post_box"", ""collection_times"": ""Mo-Fr 16:15; Sa 11:45"", ""operator"": ""Deutsche Post"", ""operator:wikidata"": ""Q157645"", ""operator:wikipedia"": ""de:Deutsche Post AG"", ""ref"": ""Neumagener Str. 19, 13088 Berlin""}"
node/7663781085,52.5415817,13.4130392,"{""access"": ""yes"", ""addr:floor"": ""0"", ""amenity"": ""post_box"", ""check_date:collection_times"": ""2024-03-10"", ""collection_times"": ""Mo-Fr 18:15; Sa 12:00"", ""colour"": ""yellow"", ""covered"": ""no"", ""indoor"": ""no"", ""level"": ""0"", ""material"": ""steel"", ""operator"": ""Deutsche Post"", ""operator:wikidata"": ""Q157645"", ""operator:wikipedia"": ""de:Deutsche Post AG"", ""post_box:type"": ""pillar"", ""ref"": ""Pappelallee 3, 10437 Berlin"", ""source"": ""survey"", ""support"": ""ground""}"
node/7666565986,52.4790216,13.5321755,"{""amenity"": ""post_box"", ""collection_times"": ""Mo-Fr 17:00; Sa 11:45"", ""obstacle:parking"": ""yes"", ""operator"": ""Deutsche Post"", ""operator:wikidata"": ""Q157645"", ""operator:wikipedia"": ""de:Deutsche Post AG"", ""ref"": ""Loreleystr. 1, 10318 Berlin""}"
node/7704642885,52.5121136,13.376945,"{""amenity"": ""post_box"", ""check_date"": ""2025-09-15"", ""collection_times"": ""Mo-Fr 20:00"", ""colour"": ""green"", ""operator"": ""PIN Mail"", ""operator:type"": ""private"", ""operator:wikidata"": ""Q1342288"", ""operator:wikipedia"": ""de:PIN Mail"", ""post_box:apertures"": ""1"", ""post_box:type"": ""pillar"", ""wheelchair"": ""yes""}"
node/7664076989,52.5562153,13.4674967,"{""amenity"": ""post_box"", ""collection_times"": ""Mo-Fr 16:45; Sa 11:45"", ""operator"": ""Deutsche Post"", ""operator:wikidata"": ""Q157645"", ""operator:wikipedia"": ""de:Deutsche Post AG"", ""ref"": ""Berliner Allee 198, 13088 Berlin""}"
node/7664115285,52.5553663,13.4673944,"{""amenity"": ""post_box"", ""collection_times"": ""Mo-Fr 16:45; Sa 12:00"", ""operator"": ""Deutsche Post"", ""operator:wikidata"": ""Q157645"", ""operator:wikipedia"": ""de:Deutsche Post AG"", ""ref"": ""Berliner Allee 193, 13088 Berlin""}"
node/7663930086,52.5556579,13.4292007,"{""amenity"": ""post_box"", ""collection_times"": ""Mo-Fr 15:30; Sa 12:00"", ""operator"": ""Deutsche Post"", ""operator:wikidata"": ""Q157645"", ""operator:wikipedia"": ""de:Deutsche Post AG"", ""ref"": ""Prenzlauer Promenade 174, 13189 Berlin""}"
node/7706943685,52.4952578,13.3973931,"{""amenity"": ""post_box"", ""check_date"": ""2025-10-12"", ""check_date:collection_times"": ""2025-10-12"", ""collection_times"": ""Mo-Fr 17:45; Sa 17:45"", ""colour"": ""yellow"", ""operator"": ""Deutsche Post"", ""operator:wikidata"": ""Q157645"", ""operator:wikipedia"": ""de:Deutsche Post AG"", ""post_box:apertures"": ""2"", ""post_box:type"": ""pillar"", ""ref"": ""Blücherstr. 15, 10961 Berlin"", ""support"": ""pole""}"
node/7707503685,52.451394,13.4880355,"{""amenity"": ""post_box"", ""check_date"": ""2021-05-31"", ""collection_times"": ""Mo-Fr 17:00"", ""operator"": ""PIN Mail"", ""operator:type"": ""private"", ""operator:wikidata"": ""Q1342288"", ""operator:wikipedia"": ""de:PIN Mail"", ""post_box:apertures"": ""1"", ""post_box:type"": ""pillar"", ""ref"": ""Königsheideweg 114, 12437 Berlin"", ""support"": ""ground""}"
node/7796395586,52.5096206,13.2217922,"{""amenity"": ""post_box"", ""collection_times"": ""Mo-Fr 17:30; Sa 14:30"", ""operator"": ""Deutsche Post"", ""operator:wikidata"": ""Q157645"", ""operator:wikipedia"": ""de:Deutsche Post AG"", ""ref"": ""Angerburger Allee 51, 14055 Berlin""}"
node/7796529985,52.5495985,13.2103956,"{""amenity"": ""post_box"", ""check_date:collection_times"": ""2023-02-16"", ""collection_times"": ""Mo-Fr 16:00; Sa 13:00"", ""operator"": ""Deutsche Post"", ""operator:wikidata"": ""Q157645"", ""operator:wikipedia"": ""de:Deutsche Post AG"", ""ref"": ""Neuendorfer Str. 38-42, 13585 Berlin""}"
node/7796549585,52.5585424,13.181322,"{""amenity"": ""post_box"", ""collection_times"": ""Mo-Fr 16:00; Sa 13:00"", ""operator"": ""Deutsche Post"", ""operator:wikidata"": ""Q157645"", ""operator:wikipedia"": ""de:Deutsche Post AG"", ""ref"": ""Radelandstr. 82, 13589 Berlin""}"
node/7798101485,52.5303742,13.1280799,"{""amenity"": ""post_box"", ""brand"": ""Deutsche Post"", ""brand:wikidata"": ""Q157645"", ""brand:wikipedia"": ""en:Deutsche Post"", ""collection_times"": ""Mo-Fr 16:00; Sa 11:30"", ""operator"": ""Deutsche Post"", ""operator:wikidata"": ""Q157645"", ""operator:wikipedia"": ""de:Deutsche Post AG"", ""ref"": ""Am Zeppelinpark 19, 13591 Berlin""}"
node/7798080286,52.5205706,13.1579525,"{""amenity"": ""post_box"", ""check_date:collection_times"": ""2024-07-12"", ""collection_times"": ""Mo-Sa 12:00"", ""operator"": ""Deutsche Post"", ""operator:wikidata"": ""Q157645"", ""operator:wikipedia"": ""de:Deutsche Post AG"", ""ref"": ""Heerstr. 455, 13593 Berlin""}"
node/7798200885,52.5445976,13.1799983,"{""amenity"": ""post_box"", ""collection_times"": ""Mo-Sa 12:00"", ""operator"": ""Deutsche Post"", ""operator:wikidata"": ""Q157645"", ""operator:wikipedia"": ""de:Deutsche Post AG"", ""ref"": ""Eisfelder Ring 9, 13583 Berlin""}"
node/7798210985,52.5474714,13.1841952,"{""amenity"": ""post_box"", ""check_date:collection_times"": ""2026-07-13"", ""collection_times"": ""Mo-Fr 16:00; Sa 12:30"", ""operator"": ""Deutsche Post"", ""operator:wikidata"": ""Q157645"", ""operator:wikipedia"": ""de:Deutsche Post AG"", ""ref"": ""Falkenseer Ch, 261, 13583 Berlin"", ""wheelchair"": ""yes""}"
node/7798232085,52.5514171,13.1656262,"{""amenity"": ""post_box"", ""collection_times"": ""Mo-Fr 16:00; Sa 12:30"", ""operator"": ""Deutsche Post"", ""operator:wikidata"": ""Q157645"", ""operator:wikipedia"": ""de:Deutsche Post AG"", ""ref"": ""Wasserwerkstr. 2, 13589 Berlin""}"
node/7798330485,52.5762059,13.2130487,"{""amenity"": ""post_box"", ""collection_times"": ""Mo-Fr 16:00; Sa 13:00"", ""operator"": ""Deutsche Post"", ""operator:wikidata"": ""Q157645"", ""ref"": ""Rustweg 1, 13587 Berlin""}"
node/7798282885,52.5504797,13.1888196,"{""amenity"": ""post_box"", ""collection_times"": ""Mo-Fr 16:00; Sa 13:00"", ""operator"": ""Deutsche Post"", ""operator:wikidata"": ""Q157645"", ""ref"": ""Pionierstr. 17, 13583 Berlin""}"
node/7798369696,52.5579511,13.2183571,"{""amenity"": ""post_box"", ""check_date:collection_times"": ""2024-06-23"", ""collection_times"": ""Mo-Fr 16:00; Sa 12:00"", ""operator"": ""Deutsche Post"", ""operator:wikidata"": ""Q157645"", ""operator:wikipedia"": ""de:Deutsche Post AG"", ""ref"": ""Hugo-Cassier-Str. 35, 13587 Berlin""}"
node/7798422285,52.5397381,13.2359085,"{""amenity"": ""post_box"", ""collection_times"": ""Mo-Fr 16:00; Sa 13:00"", ""operator"": ""Deutsche Post"", ""operator:wikidata"": ""Q157645"", ""operator:wikipedia"": ""de:Deutsche Post AG"", ""ref"": ""Gorgasring 31-45, 13599 Berlin""}"
node/7798593785,52.5376336,13.3069326,"{""amenity"": ""post_box"", ""collection_times"": ""Mo-Sa 09:00"", ""operator"": ""Deutsche Post"", ""operator:wikidata"": ""Q157645"", ""operator:wikipedia"": ""de:Deutsche Post AG"", ""ref"": ""Kol. Julisruh 15, 13629 Berlin""}"
node/7798444385,52.5414557,13.2429959,"{""amenity"": ""post_box"", ""check_date:collection_times"": ""2024-05-12"", ""collection_times"": ""Mo-Sa 09:00"", ""operator"": ""Deutsche Post"", ""operator:wikidata"": ""Q157645"", ""operator:wikipedia"": ""de:Deutsche Post AG"", ""ref"": ""Gorgasring 11, 13599 Berlin""}"
node/7798440785,52.5438433,13.2438415,"{""amenity"": ""post_box"", ""collection_times"": ""Mo-Fr 16:00; Su 12:30"", ""operator"": ""Deutsche Post"", ""operator:wikidata"": ""Q157645"", ""operator:wikipedia"": ""de:Deutsche Post AG"", ""ref"": ""Gartenfelder Str. 77, 13599 Berlin""}"
node/7798459385,52.5481204,13.2602191,"{""amenity"": ""post_box"", ""check_date:collection_times"": ""2023-07-18"", ""collection_times"": ""Mo-Fr 16:00; Sa 12:30"", ""operator"": ""Deutsche Post"", ""operator:wikidata"": ""Q157645"", ""operator:wikipedia"": ""de:Deutsche Post AG"", ""ref"": ""Saatwinkler Damm 163, 13629 Berlin""}"
node/7798614885,52.5451994,13.3163538,"{""amenity"": ""post_box"", ""collection_times"": ""Mo-Fr 16:00; Sa 12:00"", ""operator"": ""Deutsche Post"", ""operator:wikidata"": ""Q157645"", ""operator:wikipedia"": ""de:Deutsche Post AG"", ""ref"": ""Riedemannweg 58, 13627 Berlin""}"
node/7798574187,52.5356049,13.2994722,"{""amenity"": ""post_box"", ""collection_times"": ""Mo-Fr 16:00; Sa 12:00"", ""operator"": ""Deutsche Post"", ""operator:wikidata"": ""Q157645"", ""operator:wikipedia"": ""de:Deutsche Post AG"", ""ref"": ""Reichweindamm 3, 13627 Berlin""}"
node/7800294085,52.4695393,13.1754896,"{""amenity"": ""post_box"", ""note"": ""ggf. nicht immer öffentlich zugänglich"", ""operator"": ""Deutsche Post"", ""operator:wikidata"": ""Q157645"", ""ref"": ""Waldschluchtpfad 27, 14089 Berlin""}"
node/7800356488,52.4551828,13.1451169,"{""amenity"": ""post_box"", ""check_date:collection_times"": ""2024-05-17"", ""collection_times"": ""Mo-Fr 17:00; Sa 12:00"", ""operator"": ""Deutsche Post"", ""operator:wikidata"": ""Q157645"", ""operator:wikipedia"": ""de:Deutsche Post AG"", ""ref"": ""Kladower Damm 366, 14089 Berlin""}"
node/7800507087,52.4538631,13.1136759,"{""amenity"": ""post_box"", ""collection_times"": ""Mo-Sa 09:00"", ""operator"": ""Deutsche Post"", ""operator:wikidata"": ""Q157645"", ""ref"": ""Krampnitzer Weg 111-117, 14089 Berlin""}"
node/7801412185,52.5262393,13.2215236,"{""amenity"": ""post_box"", ""collection_times"": ""Mo-Fr 16:00; Sa 12:00"", ""operator"": ""Deutsche Post"", ""operator:wikidata"": ""Q157645"", ""ref"": ""Ruhelebener Str. 125, 13597 Berlin""}"
node/7800685585,52.4754031,13.1214306,"{""amenity"": ""post_box"", ""collection_times"": ""Mo-Sa 09:00"", ""operator"": ""Deutsche Post"", ""operator:wikidata"": ""Q157645"", ""ref"": ""Privatstr./Drosselstr., 14089 Berlin""}"
node/7803334486,52.5201147,13.3120119,"{""amenity"": ""post_box"", ""check_date:collection_times"": ""2025-02-27"", ""collection_times"": ""Mo-Fr 17:15; Sa 14:15"", ""operator"": ""Deutsche Post"", ""operator:wikidata"": ""Q157645"", ""operator:wikipedia"": ""de:Deutsche Post AG"", ""ref"": ""Lüdtkeweg 9, 10587 Berlin""}"
node/7812554554,52.4580072,13.4244521,"{""amenity"": ""post_box"", ""check_date"": ""2020-12-25"", ""collection_times"": ""Mo-Fr 18:00"", ""colour"": ""green"", ""material"": ""metal"", ""operator"": ""PIN Mail"", ""operator:type"": ""private"", ""operator:wikidata"": ""Q1342288"", ""operator:wikipedia"": ""de:PIN Mail"", ""post_box:apertures"": ""1"", ""post_box:type"": ""pillar"", ""support"": ""ground""}"
node/7834692486,52.5266466,13.3412512,"{""amenity"": ""post_box"", ""collection_times"": ""Mo-Fr 17:00"", ""collection_times:signed"": ""no"", ""name"": ""PIN"", ""operator"": ""PIN Mail"", ""operator:type"": ""private"", ""operator:wikidata"": ""Q1342288"", ""operator:wikipedia"": ""de:PIN Mail""}"
node/7834692986,52.5264891,13.3454541,"{""amenity"": ""post_box"", ""collection_times"": ""Mo-Fr 17:00"", ""name"": ""PIN"", ""operator"": ""PIN Mail"", ""operator:type"": ""private"", ""operator:wikidata"": ""Q1342288"", ""operator:wikipedia"": ""de:PIN Mail"", ""wheelchair"": ""yes""}"
node/7835082187,52.5237699,13.4398058,"{""amenity"": ""post_box"", ""collection_times"": ""Mo-Fr 16:30; Sa 14:15"", ""operator"": ""PIN Mail"", ""operator:type"": ""private"", ""operator:wikidata"": ""Q1342288"", ""operator:wikipedia"": ""de:PIN Mail""}"
node/7835705586,52.5173556,13.4329201,"{""amenity"": ""post_box"", ""check_date:collection_times"": ""2024-11-30"", ""collection_times"": ""Mo-Fr 17:00"", ""operator"": ""PIN Mail"", ""operator:type"": ""private"", ""operator:wikidata"": ""Q1342288""}"
node/7803667585,52.5314635,13.3825129,"{""amenity"": ""post_box"", ""collection_times"": ""Demounted for construction work (Mo-Fr 12:45,15:45,17:30,21:00; Sa 16:00; Su 09:00,21:00)"", ""operator"": ""Deutsche Post"", ""operator:wikidata"": ""Q157645"", ""operator:wikipedia"": ""de:Deutsche Post AG"", ""ref"": ""Zinnowitzer Str. 1, 10115 Berlin"", ""wheelchair"": ""no""}"
node/7837524985,52.5080443,13.394079,"{""amenity"": ""post_box"", ""check_date"": ""2022-11-23"", ""collection_times"": ""Mo-Fr 20:00"", ""operator"": ""PIN Mail"", ""operator:type"": ""private"", ""operator:wikidata"": ""Q1342288"", ""operator:wikipedia"": ""de:PIN Mail""}"
node/7837658085,52.5039168,13.3523592,"{""amenity"": ""post_box"", ""collection_times"": ""Mo-Sa 17:00; Su 16:00"", ""operator"": ""Deutsche Post"", ""operator:wikidata"": ""Q157645"", ""operator:wikipedia"": ""de:Deutsche Post AG"", ""ref"": ""Lützowplatz 17, 10785 Berlin""}"
node/7837628285,52.5057331,13.3653877,"{""amenity"": ""post_box"", ""collection_times"": ""Mo-Fr 17:45; Sa 14:30"", ""operator"": ""Deutsche Post"", ""operator:wikidata"": ""Q157645"", ""operator:wikipedia"": ""de:Deutsche Post AG"", ""ref"": ""Schöneberger Ufer 63, 10785 Berlin""}"
node/7855094484,52.4294111,13.537008,"{""amenity"": ""post_box"", ""check_date:collection_times"": ""2026-02-25"", ""collection_times"": ""Mo-Fr 18:00"", ""drive_through"": ""no"", ""operator"": ""PIN Mail"", ""operator:type"": ""private"", ""operator:wikidata"": ""Q1342288"", ""operator:wikipedia"": ""de:PIN Mail"", ""post_box:type"": ""pillar""}"
node/7878235764,52.4293188,13.3815282,"{""amenity"": ""post_box"", ""check_date"": ""2025-06-13"", ""collection_times"": ""Mo-Fr 16:15; Sa 13:45"", ""operator"": ""Deutsche Post"", ""operator:wikidata"": ""Q157645"", ""operator:wikipedia"": ""de:Deutsche Post AG"", ""post_box:apertures"": ""2"", ""post_box:type"": ""lamp"", ""postal_code"": ""12277"", ""ref"": ""Wilhelm von Siemens-Str./Fritz-Werner-Str., 12277 Berlin""}"
node/7878471185,52.453484,13.2505475,"{""amenity"": ""post_box"", ""collection_times"": ""Mo-Fr 17:00; Sa 14:15"", ""operator"": ""Deutsche Post"", ""operator:wikidata"": ""Q157645"", ""operator:wikipedia"": ""de:Deutsche Post AG"", ""ref"": ""Onkel-Tom-Str. 170, 14169 Berlin""}"
node/7878895886,52.4814961,13.3290625,"{""amenity"": ""post_box"", ""collection_times"": ""Mo-Fr 17:00; Sa 16:00"", ""operator"": ""Deutsche Post"", ""operator:wikidata"": ""Q157645"", ""operator:wikipedia"": ""de:Deutsche Post AG"", ""ref"": ""Bundesallee 55, 10715 Berlin""}"
node/7880438285,52.4919084,13.2847684,"{""amenity"": ""post_box"", ""collection_times"": ""Mo-Fr 16:00,17:15; Sa 12:15"", ""operator"": ""Deutsche Post"", ""operator:wikidata"": ""Q157645"", ""operator:wikipedia"": ""de:Deutsche Post AG"", ""ref"": ""Bismarckplatz/Schinkelstr., 14193 Berlin""}"
node/7880442986,52.4919839,13.273523,"{""amenity"": ""post_box"", ""check_date:collection_times"": ""2023-08-24"", ""collection_times"": ""Mo-Fr 16:00; Sa 14:00"", ""operator"": ""Deutsche Post"", ""operator:wikidata"": ""Q157645"", ""operator:wikipedia"": ""de:Deutsche Post AG"", ""ref"": ""Niersteiner Str./Trabener Str., 14193 Berlin""}"
node/7880480885,52.4791277,13.2611265,"{""amenity"": ""post_box"", ""collection_times"": ""Mo-Fr 16:00; Sa 13:45"", ""operator"": ""Deutsche Post"", ""ref"": ""Koenigsallee 77, 14193 Berlin""}"
node/7880884585,52.4219849,13.2988741,"{""amenity"": ""post_box"", ""check_date:collection_times"": ""2026-04-14"", ""collection_times"": ""Mo-Fr 15:30; Sa 12:45"", ""operator"": ""Deutsche Post"", ""operator:wikidata"": ""Q157645"", ""operator:wikipedia"": ""de:Deutsche Post AG"", ""ref"": ""Goerzallee/Wismarer Str., 12207 Berlin""}"
node/7880783585,52.4267688,13.3038683,"{""amenity"": ""post_box"", ""collection_times"": ""Mo-Fr 18:00"", ""operator"": ""PIN Mail"", ""operator:type"": ""private"", ""operator:wikidata"": ""Q1342288""}"
node/7881110386,52.4415808,13.2455569,"{""amenity"": ""post_box"", ""collection_times"": ""Mo-Fr 17:00; Sa 13:30"", ""operator"": ""Deutsche Post"", ""operator:wikidata"": ""Q157645"", ""ref"": ""Poßweg 15, 14163 Berlin""}"
node/7881555786,52.4389431,13.3403919,"{""amenity"": ""post_box"", ""collection_times"": ""Mo-Fr 18:00,16:00"", ""obstacle:parking"": ""yes"", ""operator"": ""PIN Mail"", ""operator:type"": ""private"", ""operator:wikidata"": ""Q1342288""}"
node/7881404385,52.4118197,13.3457877,"{""amenity"": ""post_box"", ""collection_times"": ""Mo-Fr 15:15; Sa 13:00"", ""operator"": ""Deutsche Post"", ""operator:wikidata"": ""Q157645"", ""operator:wikipedia"": ""de:Deutsche Post AG"", ""ref"": ""Lichterfelder Ring 103, 12279 Berlin""}"
node/7883348685,52.5176594,13.2868541,"{""amenity"": ""post_box"", ""collection_times"": ""Mo-Fr 13:00,16:00;Sa 12:30"", ""operator"": ""Deutsche Post"", ""operator:wikidata"": ""Q157645"", ""operator:wikipedia"": ""de:Deutsche Post AG"", ""ref"": ""Sophie-Charlotten-Str. 23, 14059 Berlin""}"
node/7923652785,52.3934625,13.4110932,"{""amenity"": ""post_box"", ""check_date:collection_times"": ""2024-06-09"", ""collection_times"": ""Mo-Fr 14:15,16:45; Sa 14:15"", ""operator"": ""Deutsche Post"", ""operator:wikidata"": ""Q157645"", ""operator:wikipedia"": ""de:Deutsche Post AG"", ""ref"": ""Alt-Lichtenrade 93, 12309 Berlin""}"
node/7925032785,52.4049601,13.3507422,"{""amenity"": ""post_box"", ""collection_times"": ""Mo-Fr 15:45; Sa 12:30"", ""operator"": ""Deutsche Post"", ""operator:wikidata"": ""Q157645"", ""ref"": ""Schäßburger Weg 6, 12279 Berlin""}"
node/7923663185,52.3825605,13.4117545,"{""amenity"": ""post_box"", ""collection_times"": ""Mo-Fr 15:00; Sa 14:00"", ""operator"": ""Deutsche Post"", ""operator:wikidata"": ""Q157645"", ""operator:wikipedia"": ""de:Deutsche Post AG"", ""ref"": ""Horstwalder Str. 1-5, 12307 Berlin""}"
node/7924999885,52.4125553,13.3605049,"{""amenity"": ""post_box"", ""collection_times"": ""Mo-Fr 15:15; Sa 12:45; Su,PH off"", ""colour"": ""#e2a300"", ""operator"": ""Deutsche Post"", ""operator:wikidata"": ""Q157645"", ""operator:wikipedia"": ""de:Deutsche Post AG"", ""post_box:type"": ""lamp"", ""ref"": ""Hildburghauser Str. 3a, 12279 Berlin"", ""support"": ""post""}"
node/7923812085,52.3924973,13.390584,"{""amenity"": ""post_box"", ""collection_times"": ""Mo-Fr 17:15; Sa 13:30"", ""operator"": ""Deutsche Post"", ""operator:wikidata"": ""Q157645"", ""ref"": ""Abendrot/Friedensweg, 12307 Berlin""}"
node/7924992386,52.4091827,13.3588886,"{""amenity"": ""post_box"", ""brand"": ""Deutsche Post"", ""check_date:collection_times"": ""2024-10-18"", ""collection_times"": ""Mo-Fr 15:30; Sa 12:45"", ""colour"": ""yellow"", ""operator"": ""Deutsche Post"", ""operator:wikidata"": ""Q157645"", ""operator:wikipedia"": ""de:Deutsche Post AG"", ""post_box:apertures"": ""2"", ""post_box:type"": ""lamp"", ""ref"": ""Marienfelder Allee/Ahrensdorfer Str., 12279 Berlin"", ""wheelchair"": ""yes""}"
node/7925014085,52.4006705,13.3576332,"{""amenity"": ""post_box"", ""collection_times"": ""Mo-Fr 15:45; Sa 12:30"", ""operator"": ""Deutsche Post"", ""operator:wikidata"": ""Q157645"", ""ref"": ""Meisdorfer Pfad 31, 12277 Berlin""}"
node/7925328887,52.4310517,13.2663413,"{""amenity"": ""post_box"", ""collection_times"": ""Mo-Fr 16:00; Sa 13:00"", ""operator"": ""Deutsche Post"", ""operator:wikidata"": ""Q157645"", ""operator:wikipedia"": ""de:Deutsche Post AG"", ""ref"": ""Seehofstr. 36, 14167 Berlin""}"
node/7928135585,52.4976627,13.332934,"{""amenity"": ""post_box"", ""collection_times"": ""Mo-Fr 18:00"", ""operator"": ""PIN Mail"", ""operator:type"": ""private"", ""operator:wikidata"": ""Q1342288"", ""operator:wikipedia"": ""de:PIN Mail""}"
node/7928169785,52.4945004,13.3236301,"{""amenity"": ""post_box"", ""check_date:collection_times"": ""2024-03-09"", ""collection_times"": ""Mo-Fr 17:00"", ""operator"": ""PIN Mail"", ""operator:type"": ""private"", ""operator:wikidata"": ""Q1342288"", ""operator:wikipedia"": ""de:PIN Mail""}"
node/7968304685,52.4966609,13.3044212,"{""amenity"": ""post_box"", ""collection_times"": ""Mo-Fr 15:45,17:45; Sa 16:15"", ""operator"": ""Deutsche Post"", ""operator:wikidata"": ""Q157645"", ""operator:wikipedia"": ""de:Deutsche Post AG"", ""ref"": ""Paulsborner Str. 88, 10709 Berlin""}"
node/7968420285,52.4788118,13.3101334,"{""amenity"": ""post_box"", ""check_date:collection_times"": ""2024-06-25"", ""collection_times"": ""Mo-Fr 18:00"", ""operator"": ""PIN Mail"", ""operator:type"": ""private"", ""operator:wikidata"": ""Q1342288""}"
node/7968561085,52.4964447,13.3668733,"{""amenity"": ""post_box"", ""collection_times"": ""Mo-Fr 17:00"", ""operator"": ""PIN Mail"", ""operator:type"": ""private"", ""operator:wikidata"": ""Q1342288"", ""operator:wikipedia"": ""de:PIN Mail""}"
node/7973333985,52.4156878,13.3544137,"{""amenity"": ""post_box"", ""check_date:collection_times"": ""2024-02-07"", ""collection_times"": ""Mo-Fr 13:45; Sa 13:00"", ""operator"": ""Deutsche Post"", ""operator:wikidata"": ""Q157645"", ""operator:wikipedia"": ""de:Deutsche Post AG"", ""ref"": ""Maximillian-Kaller-Str. 23, 12279 Berlin""}"
node/7973288688,52.4219486,13.3489627,"{""amenity"": ""post_box"", ""collection_times"": ""Mo-Fr 15:45; Sa 13:30"", ""operator"": ""Deutsche Post"", ""operator:wikidata"": ""Q157645"", ""operator:wikipedia"": ""de:Deutsche Post AG"", ""ref"": ""Blankenhainer Str./Tautenburger Str., 12249 Berlin""}"
node/7973532886,52.4388661,13.3795051,"{""amenity"": ""post_box"", ""brand"": ""Deutsche Post"", ""check_date:collection_times"": ""2024-09-07"", ""collection_times"": ""Mo-Fr 16:00; Sa 13:30"", ""colour"": ""yellow"", ""note"": ""Ausnahmebriefkasten. \""Straße\"" ist hier tatsächlich ausgeschrieben."", ""operator"": ""Deutsche Post"", ""operator:wikidata"": ""Q157645"", ""operator:wikipedia"": ""de:Deutsche Post AG"", ""post_box:type"": ""pillar"", ""ref"": ""Großbeerenstraße 2-10, 12107 Berlin""}"
node/7973459404,52.433322,13.3488536,"{""amenity"": ""post_box"", ""brand"": ""Deutsche Post"", ""check_date"": ""2026-03-15"", ""collection_times"": ""Mo-Fr 16:00; Sa 12:45"", ""colour"": ""yellow"", ""operator"": ""Deutsche Post"", ""operator:wikidata"": ""Q157645"", ""operator:wikipedia"": ""de:Deutsche Post AG"", ""post_box:apertures"": ""2"", ""post_box:type"": ""lamp"", ""ref"": ""Mühlenstr./Kameradenweg, 12249 Berlin""}"
node/7975710485,52.5113776,13.4341841,"{""amenity"": ""post_box"", ""collection_times"": ""Mo-Fr"", ""operator"": ""PIN Mail"", ""operator:type"": ""private"", ""operator:wikidata"": ""Q1342288""}"
node/8199219272,52.4702238,13.3231749,"{""amenity"": ""post_box"", ""check_date:collection_times"": ""2023-12-25"", ""collection_times"": ""Mo-Fr 18:00"", ""operator"": ""PIN Mail"", ""operator:type"": ""private"", ""operator:wikidata"": ""Q1342288"", ""operator:wikipedia"": ""de:PIN Mail""}"
node/8000345067,52.4954783,13.4313646,"{""amenity"": ""post_box"", ""check_date"": ""2026-09-05"", ""check_date:collection_times"": ""2025-10-14"", ""collection_times"": ""Mo-Fr 17:15; Sa 14:15"", ""colour"": ""green"", ""operator"": ""PIN Mail"", ""operator:type"": ""private"", ""operator:wikidata"": ""Q1342288"", ""operator:wikipedia"": ""de:PIN Mail"", ""post_box:apertures"": ""1"", ""post_box:type"": ""pillar""}"
node/8042398297,52.4668939,13.4838651,"{""amenity"": ""post_box"", ""check_date"": ""2025-01-07"", ""check_date:collection_times"": ""2025-01-07"", ""collection_times"": ""Mo-Fr 17:30; Sa 14:30"", ""note"": ""Hier stehen tatsächlich zwei identische Briefkästen nebeneinander."", ""obstacle:parking"": ""yes"", ""operator"": ""Deutsche Post"", ""operator:wikidata"": ""Q157645"", ""operator:wikipedia"": ""de:Deutsche Post AG"", ""post_box:apertures"": ""1"", ""post_box:type"": ""pillar"", ""postal_code"": ""12437"", ""ref"": ""Rinkartstr. 5-9, 12437 Berlin"", ""support"": ""ground""}"
node/8417038293,52.543351,13.5708757,"{""amenity"": ""post_box"", ""collection_times"": ""Mo-Fr 18:00"", ""operator"": ""PIN AG""}"
node/8556663253,52.5281703,13.4680197,"{""amenity"": ""post_box"", ""check_date:collection_times"": ""2026-07-01"", ""collection_times"": ""Mo-Fr 17:00"", ""operator"": ""PIN Mail"", ""operator:type"": ""private"", ""operator:wikidata"": ""Q1342288""}"
node/8614256820,52.5561879,13.5637565,"{""amenity"": ""post_box"", ""collection_times"": ""Mo-Fr 18:00"", ""operator"": ""PIN AG""}"
node/8710421861,52.5282791,13.4165587,"{""amenity"": ""post_box"", ""collection_times"": ""Mo-Fr 18:00"", ""collection_times:signed"": ""no"", ""operator"": ""PIN AG""}"
node/8828995717,52.4438421,13.3363005,"{""amenity"": ""post_box"", ""check_date:collection_times"": ""2025-12-15"", ""collection_times"": ""Mo-Fr 18:00"", ""operator"": ""PIN Mail"", ""operator:type"": ""private"", ""operator:wikidata"": ""Q1342288""}"
node/8829361019,52.4493892,13.323607,"{""amenity"": ""post_box"", ""check_date:collection_times"": ""2025-02-23"", ""collection_times"": ""Mo-Fr 16:00; Sa 12:30"", ""operator"": ""Deutsche Post"", ""operator:wikidata"": ""Q157645"", ""operator:wikipedia"": ""de:Deutsche Post AG"", ""ref"": ""Birkbuschstr. 20, 12167 Berlin""}"
node/8860294732,52.5196077,13.4519519,"{""amenity"": ""post_box"", ""check_date"": ""2025-01-07"", ""check_date:collection_times"": ""2025-01-07"", ""collection_times"": ""Mo-Fr 15:30,17:45; Sa 14:45"", ""note"": ""zwei baugleiche Briefkästen nebeneinander"", ""operator"": ""Deutsche Post"", ""operator:wikidata"": ""Q157645"", ""operator:wikipedia"": ""de:Deutsche Post AG"", ""post_box:apertures"": ""2"", ""post_box:type"": ""lamp"", ""postal_code"": ""10249"", ""ref"": ""Petersburger Str. 72, 10249 Berlin"", ""support"": ""pole""}"
node/8987986417,52.5203586,13.4224785,"{""access"": ""yes"", ""addr:floor"": ""0"", ""amenity"": ""post_box"", ""check_date:collection_times"": ""2026-08-27"", ""collection_times"": ""Mo-Fr 17:00; Sa 14:00"", ""colour"": ""yellow"", ""covered"": ""no"", ""indoor"": ""no"", ""level"": ""0"", ""material"": ""steel"", ""operator"": ""Deutsche Post"", ""operator:wikidata"": ""Q157645"", ""operator:wikipedia"": ""de:Deutsche Post AG"", ""post_box:type"": ""pillar"", ""ref"": ""Karl-Marx-Allee 33, 10178 Berlin"", ""source"": ""survey"", ""support"": ""ground""}"
node/9052916561,52.440678,13.5936405,"{""amenity"": ""post_box"", ""collection_times"": ""Mo-Fr 18:00"", ""operator"": ""PIN Mail"", ""operator:type"": ""private"", ""operator:wikidata"": ""Q1342288"", ""operator:wikipedia"": ""de:PIN Mail""}"
node/8989859217,52.4747005,13.2918395,"{""amenity"": ""post_box"", ""collection_times"": ""Mo-Fr 18:00"", ""operator"": ""PIN Mail"", ""operator:type"": ""private"", ""operator:wikidata"": ""Q1342288"", ""operator:wikipedia"": ""de:PIN Mail""}"
node/9094619186,52.4207327,13.4909777,"{""amenity"": ""post_box"", ""check_date"": ""2021-09-15"", ""collection_times"": ""Mo-Fr 14:15,16:15; Sa 13:15"", ""note"": ""Zwei Briefkästen der Deutschen Post (verschiedenen Typs) an diesem Standort"", ""operator"": ""Deutsche Post"", ""operator:wikidata"": ""Q157645"", ""operator:wikipedia"": ""de:Deutsche Post AG"", ""post_box:apertures"": ""1"", ""post_box:type"": ""pillar"", ""postal_code"": ""12357"", ""ref"": ""Alt-Rudow 12, 12357 Berlin""}"
node/9167450332,52.5462538,13.4453236,"{""amenity"": ""post_box"", ""brand"": ""pin"", ""collection_times"": ""Mo-Fr 18:00"", ""drive_through"": ""no"", ""operator"": ""PIN Mail"", ""operator:type"": ""private"", ""operator:wikidata"": ""Q1342288"", ""operator:wikipedia"": ""de:PIN Mail""}"
node/9552851293,52.6328891,13.2871115,"{""access"": ""yes"", ""amenity"": ""post_box"", ""check_date:collection_times"": ""2026-07-14"", ""collection_times"": ""Mo-Fr"", ""colour"": ""green"", ""covered"": ""yes"", ""drive_through"": ""no"", ""indoor"": ""yes"", ""level"": ""0"", ""note"": ""im Edeka"", ""operator"": ""PIN Mail"", ""operator:type"": ""private"", ""operator:wikidata"": ""Q1342288"", ""operator:wikipedia"": ""de:PIN Mail"", ""wheelchair"": ""yes""}"
node/9780115918,52.4314732,13.7149883,"{""amenity"": ""post_box"", ""operator"": ""PIN Mail"", ""operator:type"": ""private"", ""operator:wikidata"": ""Q1342288""}"
node/9919248682,52.5042903,13.4522996,"{""amenity"": ""post_box"", ""check_date"": ""2022-10-06"", ""collection_times"": ""Mo-Fr 17:00"", ""colour"": ""green"", ""operator"": ""PIN Mail"", ""operator:type"": ""private"", ""operator:wikidata"": ""Q1342288"", ""operator:wikipedia"": ""de:PIN Mail"", ""post_box:apertures"": ""1"", ""post_box:type"": ""pillar"", ""wheelchair"": ""yes""}"
node/9974988592,52.4393265,13.3878931,"{""amenity"": ""post_box"", ""brand"": ""Deutsche Post"", ""check_date"": ""2024-12-15"", ""collection_times"": ""Mo-Fr 15:00,17:00; Sa 14:15"", ""colour"": ""yellow"", ""level"": ""0"", ""note"": ""zwei gleiche Briefkästen nebeneinander"", ""operator"": ""Deutsche Post"", ""operator:wikidata"": ""Q157645"", ""operator:wikipedia"": ""de:Deutsche Post AG"", ""post_box:apertures"": ""2"", ""post_box:type"": ""lamp"", ""ref"": ""Mariendorfer Damm/Reißeckstr., 12107 Berlin"", ""support"": ""pole""}"
node/10042284886,52.5425952,13.500404,"{""amenity"": ""post_box"", ""collection_times"": ""Mo-Fr 17:00"", ""operator"": ""PIN Mail"", ""operator:type"": ""private"", ""operator:wikidata"": ""Q1342288""}"
node/10174632155,52.4670076,13.3092627,"{""amenity"": ""post_box"", ""collection_times"": ""Mo-Fr 18:00"", ""operator"": ""Pin AG"", ""wheelchair"": ""yes""}"
node/10024045359,52.5265273,13.4996009,"{""amenity"": ""post_box"", ""check_date:collection_times"": ""2024-09-30"", ""collection_times"": ""Mo-Fr 18:00"", ""operator"": ""PIN Mail"", ""operator:type"": ""private"", ""operator:wikidata"": ""Q1342288""}"
node/10220361328,52.5680248,13.5724099,"{""amenity"": ""post_box"", ""collection_times"": ""Mo-Fr 18:00"", ""operator"": ""PIN Mail"", ""operator:type"": ""private"", ""operator:wikidata"": ""Q1342288"", ""support"": ""ground""}"
node/10290698900,52.5718514,13.518056,"{""amenity"": ""post_box"", ""operator"": ""Deutsche Post"", ""operator:wikidata"": ""Q157645""}"
node/10574928456,52.5160621,13.4401876,"{""amenity"": ""post_box"", ""check_date:collection_times"": ""2025-05-13"", ""collection_times"": ""Mo-Fr 17:00"", ""operator"": ""PIN Mail"", ""operator:type"": ""private"", ""operator:wikidata"": ""Q1342288""}"
node/10600514695,52.564527,13.4625432,"{""amenity"": ""post_box"", ""collection_times"": ""Mo-Fr 18:00"", ""operator"": ""PIN Mail"", ""operator:type"": ""private"", ""operator:wikidata"": ""Q1342288""}"
node/10578568367,52.5232605,13.3833264,"{""amenity"": ""post_box"", ""collection_times"": ""Mo-Fr 18:00"", ""operator"": ""PIN Mail"", ""operator:type"": ""private"", ""operator:wikidata"": ""Q1342288""}"
node/10918243060,52.4035738,13.5076453,"{""amenity"": ""post_box"", ""collection_times:signed"": ""no"", ""operator"": ""PIN Mail"", ""operator:type"": ""private"", ""operator:wikidata"": ""Q1342288""}"
node/11222030914,52.5061832,13.3737557,"{""amenity"": ""post_box"", ""collection_times:signed"": ""no"", ""operator"": ""PIN Mail"", ""operator:type"": ""private"", ""operator:wikidata"": ""Q1342288"", ""wheelchair"": ""yes""}"
node/11088291960,52.4268445,13.4482551,"{""amenity"": ""post_box"", ""operator"": ""PIN AG"", ""operator:wikidata"": ""Q28794284""}"
node/11329197499,52.52539,13.5212357,"{""amenity"": ""post_box"", ""operator"": ""PIN Mail"", ""operator:type"": ""private"", ""operator:wikidata"": ""Q1342288""}"
node/11551897396,52.4391592,13.3440507,"{""access"": ""yes"", ""amenity"": ""post_box"", ""collection_times"": ""Mo-Fr 18:00"", ""operator"": ""PIN Mail"", ""operator:type"": ""private"", ""operator:wikidata"": ""Q1342288""}"
node/11933375714,52.48567,13.356916,"{""amenity"": ""post_box"", ""collection_times"": ""Mo-Fr 17:00"", ""description"": ""Im Edeka"", ""level"": ""1"", ""operator"": ""PIN Mail"", ""operator:type"": ""private"", ""operator:wikidata"": ""Q1342288""}"
node/12403251096,52.4623316,13.3332467,"{""amenity"": ""post_box"", ""covered"": ""yes"", ""indoor"": ""yes"", ""operator"": ""Pin AG"", ""support"": ""ground""}"
node/12207286366,52.5095221,13.3902632,"{""access"": ""yes"", ""addr:floor"": ""0"", ""amenity"": ""post_box"", ""collection_times"": ""Mo-Fr 18:00"", ""colour"": ""green"", ""covered"": ""no"", ""indoor"": ""no"", ""level"": ""0"", ""material"": ""metal"", ""operator"": ""PIN Mail"", ""operator:type"": ""private"", ""operator:wikidata"": ""Q1342288"", ""post_box:type"": ""pillar"", ""source"": ""survey"", ""wheelchair"": ""yes""}"
node/12536150619,52.4557986,13.3153108,"{""amenity"": ""post_box"", ""collection_times"": ""Mo-Fr 15:45; Sa 12:00"", ""name"": ""Briefkasten Deutsche Post"", ""opening_hours"": ""Mo-Fr 15:45-15:45; Sa 12:30-12:30""}"
node/12486392576,52.4640571,13.3271744,"{""amenity"": ""post_box"", ""collection_times:signed"": ""no"", ""operator"": ""PIN Mail"", ""operator:type"": ""private"", ""operator:wikidata"": ""Q1342288""}"
node/12972988385,52.481569,13.4347256,"{""amenity"": ""post_box"", ""check_date"": ""2025-12-20"", ""collection_times"": ""Mo-Fr 16:30"", ""colour"": ""yellow"", ""covered"": ""no"", ""material"": ""metal"", ""note"": ""Hier stehen tatsächlich zwei identische Briefkästen nebeneinander."", ""operator"": ""Deutsche Post"", ""operator:wikidata"": ""Q157645"", ""operator:wikipedia"": ""de:Deutsche Post AG"", ""post_box:type"": ""pillar"", ""support"": ""ground""}"
node/13020515368,52.4297392,13.4534932,"{""amenity"": ""post_box"", ""collection_times"": ""Mo-Fr 17:15; Sa 13:00""}"
node/13059404601,52.5066563,13.3327688,"{""amenity"": ""post_box"", ""collection_times"": ""Mo-Fr"", ""operator"": ""PIN Mail"", ""operator:type"": ""private"", ""operator:wikidata"": ""Q1342288""}"
node/13114102521,52.4764385,13.3632429,"{""amenity"": ""post_box"", ""operator"": ""PIN AG""}"
node/13245467168,52.4479937,13.3056582,"{""amenity"": ""post_box"", ""collection_times"": ""Mo-Fr 15:30; Sa 13:30""}"
node/12796310703,52.5313078,13.3997896,"{""access"": ""yes"", ""addr:floor"": ""0"", ""amenity"": ""post_box"", ""collection_times"": ""Mo-Fr"", ""colour"": ""green"", ""covered"": ""no"", ""drive_through"": ""no"", ""indoor"": ""no"", ""level"": ""0"", ""material"": ""metal"", ""operator"": ""PIN Mail"", ""operator:type"": ""private"", ""operator:wikidata"": ""Q1342288"", ""post_box:type"": ""pillar"", ""source"": ""survey"", ""support"": ""ground""}"
node/13299694568,52.4815764,13.4341179,"{""amenity"": ""post_box"", ""colour"": ""green"", ""operator"": ""PIN Mail"", ""operator:type"": ""private"", ""operator:wikidata"": ""Q1342288""}"
node/13388643638,52.5267248,13.4214075,"{""amenity"": ""post_box""}"
node/13730022230,52.5342169,13.3787901,"{""amenity"": ""post_box"", ""indoor"": ""yes"", ""operator"": ""PIN AG""}"
node/13326130510,52.5220352,13.4024927,"{""amenity"": ""post_box"", ""collection_times"": ""Mo-Fr 18:00"", ""indoor"": ""no"", ""operator"": ""PIN Mail"", ""operator:type"": ""private"", ""operator:wikidata"": ""Q1342288""}"
node/13798696701,52.5396768,13.2907726,"{""amenity"": ""post_box"", ""check_date"": ""2026-06-17"", ""check_date:collection_times"": ""2026-06-17"", ""collection_times"": ""Mo-Su,PH 00:00"", ""operator"": ""Myflexbox""}"
node/12736445458,52.4978158,13.4482567,"{""amenity"": ""post_box"", ""brand"": ""Pin Mail"", ""collection_times"": ""Mo-Fr"", ""colour"": ""green"", ""operator"": ""PIN Mail"", ""operator:type"": ""private"", ""operator:wikidata"": ""Q1342288"", ""post_box:type"": ""pillar""}"
node/13694075432,52.5219019,13.3867436,"{""amenity"": ""post_box"", ""brand"": ""Deutsche Post"", ""check_date:collection_times"": ""2026-01-30"", ""collection_times"": ""Mo-Fr 17:45; Sa 16:30"", ""operator"": ""Deutsche Post"", ""operator:wikidata"": ""Q157645"", ""operator:wikipedia"": ""de:Deutsche Post AG"", ""postal_code"": ""10117"", ""ref"": ""Schiffbauerdamm 3, 10117 Berlin""}"
